URL,Version,Status,OIDs,Name,Title,Descriptino,Uses,Used,Sources
https://terminology.hlth.gov.bc.ca/ProviderLocationRegistry/ValueSet/bc-address-validation-status-value-set,1.0.0,active,,AddressValidationStatusVS,BC Address Validation Status Value Set,"BC address validation status value set.",,"Other"
https://terminology.hlth.gov.bc.ca/ProviderLocationRegistry/ValueSet/bc-communication-purpose-value-set,1.0.0,active,,CommunicationPurposeVS,BC Communication Purpose Value Set,"BC communication purpose value set.",,"Other"
https://terminology.hlth.gov.bc.ca/ProviderLocationRegistry/ValueSet/bc-end-reason-value-set,1.0.0,active,,EndReasonVS,BC End Reason Value Set,"BC end reason value set.",,"Other"
https://terminology.hlth.gov.bc.ca/ProviderLocationRegistry/ValueSet/bc-expertise-value-set,1.0.0,active,,ExpertiseVS,BC Expertise Value Set,"BC Expertise value set.",,"hl7.fhir.ca.baseline,Other"
https://terminology.hlth.gov.bc.ca/ProviderLocationRegistry/ValueSet/bc-hds-type-value-set,1.0.0,active,,HealthDeliverySiteTypeVS,BC Health Delivery Site Type Value Set,"BC Health Delivery Site Type Value set.",,"Other"
https://terminology.hlth.gov.bc.ca/ProviderLocationRegistry/ValueSet/bc-language-value-set,1.0.0,active,,LanguageVS,BC Language Value Set,"BC Language value set.",,"Other"
https://terminology.hlth.gov.bc.ca/ProviderLocationRegistry/ValueSet/bc-license-status-class-value-set,1.0.0,active,,LicenseStatusClassVS,BC License Status Class Value Set,"BC specific license status class value set.",,"Other"
https://terminology.hlth.gov.bc.ca/ProviderLocationRegistry/ValueSet/bc-license-status-reason-value-set,1.0.0,active,,LicenseReasonVS,BC License Status Reason Value Set,"BC specific license status reason value set.",,"Other"
https://terminology.hlth.gov.bc.ca/ProviderLocationRegistry/ValueSet/bc-license-status-value-set,1.0.0,active,,LicenseStatusVS,BC License Status Value Set,"BC specific license status value set.",,"THO (V3),Other"
https://terminology.hlth.gov.bc.ca/ProviderLocationRegistry/ValueSet/bc-organization-role-value-set,1.0.0,active,,OrganizationRoleVS,BC Organization Role Code Value Set,"BC Organization Role Codes.",,"Other"
https://terminology.hlth.gov.bc.ca/ProviderLocationRegistry/ValueSet/bc-practitioner-role-value-set,1.0.0,active,,PractitionerRoleVS,BC Practitioner Role Code Value Set,"BC Practitioner Role Codes.",,"Other"
https://terminology.hlth.gov.bc.ca/ProviderLocationRegistry/ValueSet/bc-qualification-value-set,1.0.0,active,,PracQualificationVS,BC Practitioner Qualification Value Set,"BC specific qualification value set.",,"hl7.fhir.ca.baseline,Other"
https://terminology.hlth.gov.bc.ca/ProviderLocationRegistry/ValueSet/bc-relationship-type-value-set,1.0.0,active,,RelationshipTypeVS,BC Relationship Type Value Set,"BC relationship type value set.",,"Other"
