URL,Version,Status,OIDs,Name,Title,Descriptino,Used
http://fhir.infoway-inforoute.ca/CodeSystem/scpqual,2.1.0,active,"2.16.840.1.113883.2.20.5.4",Scpqual,pan-Canadian Provider Qualification Types,"SCPQUAL is used to encode the degree or educational rank of a healthcare provider credential as defined by the various Royal Canadian Professional Medical Collages. It is also supports the encoding “Expertise type” in the pan-Canadian version 3 messages","ValueSet/bc-expertise-value-set,ValueSet/bc-qualification-value-set"
http://hl7.org/fhir/days-of-week,4.0.1,active,"2.16.840.1.113883.4.642.4.513",DaysOfWeek,DaysOfWeek,"The days of the week.","ValueSet/days-of-week"
http://hl7.org/fhir/name-use,4.0.1,active,"2.16.840.1.113883.4.642.4.66",NameUse,NameUse,"The use of a human name.","ValueSet/name-use"
http://terminology.hl7.org/CodeSystem/v3-Confidentiality,2.2.1,active,"2.16.840.1.113883.5.25",Confidentiality,Confidentiality,"A set of codes specifying the security classification of acts and roles in accordance with the definition for concept domain ""Confidentiality"".","ValueSet/v3-ConfidentialityClassification"
http://terminology.hl7.org/CodeSystem/v3-RoleStatus,2.1.0,active,"2.16.840.1.113883.5.1068",RoleStatus,RoleStatus,"Codes representing the defined possible states of an Role, as defined by the Role class state machine.","ValueSet/bc-license-status-value-set"
