<?xml version="1.0" encoding="UTF-8"?>

<Bundle xmlns="http://hl7.org/fhir">
  <id value="Example-Organizational-Provider-Bundle"/>
  <meta>
    <profile value="http://hlth.gov.bc.ca/fhir/provider/StructureDefinition/bc-organization-bundle"/>
  </meta>
  <type value="collection"/>
  <timestamp value="2022-02-02T13:23:13.000-08:00"/>
  <entry>
    <fullUrl value="https://plresb.hlth.gov.bc.ca/HSA-web/fhir-rs/Organization/IPC.00147437.BC.PRS"/>
    <resource>
      <Organization>
        <id value="IPC.00147437.BC.PRS"/>
        <meta>
          <profile value="http://hlth.gov.bc.ca/fhir/provider/StructureDefinition/bc-organization"/>
        </meta>
        <text>
          <status value="generated"/><div xmlns="http://www.w3.org/1999/xhtml"><a name="Organization_IPC.00147437.BC.PRS"> </a><p class="res-header-id"><b>Generated Narrative: Organization IPC.00147437.BC.PRS</b></p><a name="IPC.00147437.BC.PRS"> </a><a name="hcIPC.00147437.BC.PRS"> </a><a name="hcIPC.00147437.BC.PRS-en"> </a><p><b>identifier</b>: <code>https://health.gov.bc.ca/fhir/NamingSystem/ca-bc-plr-ipc</code>/IPC.00147437.BC.PRS (, period: 2000-01-01 --&gt; (ongoing)), <code>https://health.gov.bc.ca/fhir/NamingSystem/ca-bc-plr-common-party-number</code>/CPN.00147422.BC.PRS (, period: 2000-01-01 --&gt; (ongoing)), <code>https://health.gov.bc.ca/fhir/NamingSystem/ca-bc-plr-org-id</code>/123123123 (, period: 2000-01-01 --&gt; (ongoing))</p><p><b>type</b>: <span title="Codes:{https://terminology.hlth.gov.bc.ca/ProviderLocationRegistry/CodeSystem/bc-organization-role-code-system ORG}">ORG</span></p><p><b>name</b>: ABC Clinic</p><p><b>alias</b>: ABC Clinic - Kelowna</p><p><b>telecom</b>: ph: 2501112234</p><p><b>address</b>: 1000 DOUGLAS ST Kelowna BC V6P7B8 CA </p></div>
        </text>
        <extension url="http://hlth.gov.bc.ca/fhir/provider/StructureDefinition/bc-note-extension">
          <extension url="identifier">
            <valueIdentifier>
              <system value="http://hlth.gov.bc.ca/fhir/provider/identifier-system/bc-note-id"/>
              <value value="Note-2"/>
            </valueIdentifier>
          </extension>
          <extension url="text">
            <valueString value="Note text"/>
          </extension>
          <extension url="http://hlth.gov.bc.ca/fhir/provider/StructureDefinition/bc-period-extension">
            <valuePeriod>
              <start value="1998-01-02"/>
            </valuePeriod>
          </extension>
        </extension>
        <extension url="http://hlth.gov.bc.ca/fhir/provider/StructureDefinition/bc-license-status-extension">
          <extension url="statusCode">
            <valueCodeableConcept>
              <coding>
                <system value="http://terminology.hl7.org/CodeSystem/v3-RoleStatus"/>
                <code value="active"/>
              </coding>
            </valueCodeableConcept>
          </extension>
          <extension url="period">
            <valuePeriod>
              <start value="2022-02-07"/>
              <end value="2023-02-07"/>
            </valuePeriod>
          </extension>
          <extension url="statusReasonCode">
            <valueCodeableConcept>
              <coding>
                <system value="https://terminology.hlth.gov.bc.ca/ProviderLocationRegistry/CodeSystem/bc-license-status-reason-code-system"/>
                <code value="ORG"/>
              </coding>
            </valueCodeableConcept>
          </extension>
          <extension url="statusClassCode">
            <valueCodeableConcept>
              <coding>
                <system value="https://terminology.hlth.gov.bc.ca/ProviderLocationRegistry/CodeSystem/bc-license-status-class-code-system"/>
                <code value="AE"/>
              </coding>
            </valueCodeableConcept>
          </extension>
        </extension>
        <identifier>
          <system value="https://health.gov.bc.ca/fhir/NamingSystem/ca-bc-plr-ipc"/>
          <value value="IPC.00147437.BC.PRS"/>
          <period>
            <start value="2000-01-01"/>
          </period>
        </identifier>
        <identifier>
          <system value="https://health.gov.bc.ca/fhir/NamingSystem/ca-bc-plr-common-party-number"/>
          <value value="CPN.00147422.BC.PRS"/>
          <period>
            <start value="2000-01-01"/>
          </period>
        </identifier>
        <identifier>
          <system value="https://health.gov.bc.ca/fhir/NamingSystem/ca-bc-plr-org-id"/>
          <value value="123123123"/>
          <period>
            <start value="2000-01-01"/>
          </period>
        </identifier>
        <type>
          <coding>
            <system value="https://terminology.hlth.gov.bc.ca/ProviderLocationRegistry/CodeSystem/bc-organization-role-code-system"/>
            <code value="ORG"/>
          </coding>
        </type>
        <name value="ABC Clinic">
          <extension url="http://hlth.gov.bc.ca/fhir/provider/StructureDefinition/bc-name-use-extension">
            <valueCode value="official"/>
          </extension>
          <extension url="http://hlth.gov.bc.ca/fhir/provider/StructureDefinition/bc-period-extension">
            <valuePeriod>
              <start value="2000-01-01"/>
              <end value="2022-09-01"/>
            </valuePeriod>
          </extension>
        </name>
        <alias value="ABC Clinic - Kelowna"/>
        <telecom>
          <extension url="http://hlth.gov.bc.ca/fhir/provider/StructureDefinition/bc-communication-purpose-code-extension">
            <valueCodeableConcept>
              <coding>
                <system value="https://terminology.hlth.gov.bc.ca/ProviderLocationRegistry/CodeSystem/bc-communication-purpose-code-system"/>
                <code value="BC"/>
              </coding>
            </valueCodeableConcept>
          </extension>
          <system value="phone"/>
          <value value="2501112234"/>
          <period>
            <start value="2000-02-02"/>
          </period>
        </telecom>
        <address>
          <extension url="http://hlth.gov.bc.ca/fhir/provider/StructureDefinition/bc-communication-purpose-code-extension">
            <valueCodeableConcept>
              <coding>
                <system value="https://terminology.hlth.gov.bc.ca/ProviderLocationRegistry/CodeSystem/bc-communication-purpose-code-system"/>
                <code value="BC"/>
              </coding>
            </valueCodeableConcept>
          </extension>
          <extension url="http://hlth.gov.bc.ca/fhir/provider/StructureDefinition/bc-address-validation-status-extension">
            <valueCodeableConcept>
              <coding>
                <system value="https://terminology.hlth.gov.bc.ca/ProviderLocationRegistry/CodeSystem/bc-address-validation-status-code-system"/>
                <code value="V"/>
              </coding>
            </valueCodeableConcept>
          </extension>
          <type value="postal"/>
          <line value="1000 DOUGLAS ST"/>
          <city value="Kelowna"/>
          <state value="BC"/>
          <postalCode value="V6P7B8"/>
          <country value="CA"/>
          <period>
            <start value="2000-01-01"/>
          </period>
        </address>
      </Organization>
    </resource>
  </entry>
  <entry>
    <fullUrl value="https://plresb.hlth.gov.bc.ca/HSA-web/fhir-rs/PractitionerRole/RELN.127.PRS"/>
    <resource>
      <PractitionerRole>
        <id value="RELN.127.PRS"/>
        <meta>
          <profile value="http://hlth.gov.bc.ca/fhir/provider/StructureDefinition/bc-role-relationships"/>
        </meta>
        <text>
          <status value="generated"/><div xmlns="http://www.w3.org/1999/xhtml"><a name="PractitionerRole_RELN.127.PRS"> </a><p class="res-header-id"><b>Generated Narrative: PractitionerRole RELN.127.PRS</b></p><a name="RELN.127.PRS"> </a><a name="hcRELN.127.PRS"> </a><a name="hcRELN.127.PRS-en"> </a><p><b>period</b>: 2000-01-01 --&gt; (ongoing)</p><p><b>practitioner</b>: Identifier: <code>https://health.gov.bc.ca/fhir/NamingSystem/ca-bc-plr-ipc</code>/IPC.00147422.BC.PRS (, period: 2000-01-01 --&gt; (ongoing))</p><p><b>organization</b>: Identifier: <code>https://health.gov.bc.ca/fhir/NamingSystem/ca-bc-plr-ipc</code>/IPC.00147437.BC.PRS (, period: 2000-01-01 --&gt; (ongoing))</p></div>
        </text>
        <extension url="http://hlth.gov.bc.ca/fhir/provider/StructureDefinition/bc-relationship-type-extension">
          <valueCodeableConcept>
            <coding>
              <system value="https://terminology.hlth.gov.bc.ca/ProviderLocationRegistry/CodeSystem/bc-relationship-type-code-system"/>
              <code value="careteam"/>
            </coding>
          </valueCodeableConcept>
        </extension>
        <period>
          <start value="2000-01-01"/>
        </period>
        <practitioner>
          <identifier>
            <system value="https://health.gov.bc.ca/fhir/NamingSystem/ca-bc-plr-ipc"/>
            <value value="IPC.00147422.BC.PRS"/>
            <period>
              <start value="2000-01-01"/>
            </period>
          </identifier>
        </practitioner>
        <organization>
          <identifier>
            <system value="https://health.gov.bc.ca/fhir/NamingSystem/ca-bc-plr-ipc"/>
            <value value="IPC.00147437.BC.PRS"/>
            <period>
              <start value="2000-01-01"/>
            </period>
          </identifier>
        </organization>
      </PractitionerRole>
    </resource>
  </entry>
  <entry>
    <fullUrl value="https://plresb.hlth.gov.bc.ca/HSA-web/fhir-rs/OrganizationAffiliation/RELN.141.PRS"/>
    <resource>
      <OrganizationAffiliation>
        <id value="RELN.141.PRS"/>
        <meta>
          <profile value="http://hlth.gov.bc.ca/fhir/provider/StructureDefinition/bc-organization-affiliation"/>
        </meta>
        <text>
          <status value="generated"/><div xmlns="http://www.w3.org/1999/xhtml"><a name="OrganizationAffiliation_RELN.141.PRS"> </a><p class="res-header-id"><b>Generated Narrative: OrganizationAffiliation RELN.141.PRS</b></p><a name="RELN.141.PRS"> </a><a name="hcRELN.141.PRS"> </a><a name="hcRELN.141.PRS-en"> </a><p><b>period</b>: 2000-01-01 --&gt; (ongoing)</p><p><b>organization</b>: Identifier: <code>https://health.gov.bc.ca/fhir/NamingSystem/ca-bc-plr-ipc</code>/IPC.00147437.BC.PRS (, period: 2000-01-01 --&gt; (ongoing))</p><p><b>participatingOrganization</b>: Identifier: <code>https://health.gov.bc.ca/fhir/NamingSystem/ca-bc-plr-ipc</code>/IPC.001164553.BC.PRS (, period: 2000-02-02 --&gt; (ongoing))</p><p><b>code</b>: <span title="Codes:{https://terminology.hlth.gov.bc.ca/ProviderLocationRegistry/CodeSystem/bc-relationship-type-code-system deptof}">deptof</span></p></div>
        </text>
        <period>
          <start value="2000-01-01"/>
        </period>
        <organization>
          <identifier>
            <system value="https://health.gov.bc.ca/fhir/NamingSystem/ca-bc-plr-ipc"/>
            <value value="IPC.00147437.BC.PRS"/>
            <period>
              <start value="2000-01-01"/>
            </period>
          </identifier>
        </organization>
        <participatingOrganization>
          <identifier>
            <system value="https://health.gov.bc.ca/fhir/NamingSystem/ca-bc-plr-ipc"/>
            <value value="IPC.001164553.BC.PRS"/>
            <period>
              <start value="2000-02-02"/>
            </period>
          </identifier>
        </participatingOrganization>
        <code>
          <coding>
            <system value="https://terminology.hlth.gov.bc.ca/ProviderLocationRegistry/CodeSystem/bc-relationship-type-code-system"/>
            <code value="deptof"/>
          </coding>
        </code>
      </OrganizationAffiliation>
    </resource>
  </entry>
  <entry>
    <fullUrl value="https://plresb.hlth.gov.bc.ca/HSA-web/fhir-rs/OrganizationAffiliation/RELN.142.PRS"/>
    <resource>
      <OrganizationAffiliation>
        <id value="RELN.142.PRS"/>
        <meta>
          <profile value="http://hlth.gov.bc.ca/fhir/provider/StructureDefinition/bc-organization-affiliation"/>
        </meta>
        <text>
          <status value="generated"/><div xmlns="http://www.w3.org/1999/xhtml"><a name="OrganizationAffiliation_RELN.142.PRS"> </a><p class="res-header-id"><b>Generated Narrative: OrganizationAffiliation RELN.142.PRS</b></p><a name="RELN.142.PRS"> </a><a name="hcRELN.142.PRS"> </a><a name="hcRELN.142.PRS-en"> </a><p><b>period</b>: 2000-01-01 --&gt; (ongoing)</p><p><b>organization</b>: Identifier: <code>https://health.gov.bc.ca/fhir/NamingSystem/ca-bc-plr-ipc</code>/IPC.00147437.BC.PRS (, period: 2000-01-01 --&gt; (ongoing))</p><p><b>code</b>: <span title="Codes:{https://terminology.hlth.gov.bc.ca/ProviderLocationRegistry/CodeSystem/bc-location-relationship-type-code-system operatesfrom}">operatesfrom</span></p><p><b>location</b>: Identifier: <code>https://health.gov.bc.ca/fhir/NamingSystem/ca-bc-plr-ifc</code>/IFC.00047422.BC.PRS (, period: 2000-01-01 --&gt; (ongoing))</p></div>
        </text>
        <period>
          <start value="2000-01-01"/>
        </period>
        <organization>
          <identifier>
            <extension url="http://hlth.gov.bc.ca/fhir/provider/StructureDefinition/bc-owner-extension">
              <valueIdentifier>
                <assigner>
                  <display value="MOH"/>
                </assigner>
              </valueIdentifier>
            </extension>
            <system value="https://health.gov.bc.ca/fhir/NamingSystem/ca-bc-plr-ipc"/>
            <value value="IPC.00147437.BC.PRS"/>
            <period>
              <start value="2000-01-01"/>
            </period>
          </identifier>
        </organization>
        <code>
          <coding>
            <system value="https://terminology.hlth.gov.bc.ca/ProviderLocationRegistry/CodeSystem/bc-location-relationship-type-code-system"/>
            <code value="operatesfrom"/>
          </coding>
        </code>
        <location>
          <identifier>
            <system value="https://health.gov.bc.ca/fhir/NamingSystem/ca-bc-plr-ifc"/>
            <value value="IFC.00047422.BC.PRS"/>
            <period>
              <start value="2000-01-01"/>
            </period>
          </identifier>
        </location>
      </OrganizationAffiliation>
    </resource>
  </entry>
</Bundle>