<?xml version="1.0" encoding="UTF-8"?>

<OrganizationAffiliation xmlns="http://hl7.org/fhir">
  <id value="Example-OrganizationAffiliation-Loc2"/>
  <meta>
    <profile value="http://hlth.gov.bc.ca/fhir/provider/StructureDefinition/bc-organization-affiliation"/>
  </meta>
  <text>
    <status value="generated"/><div xmlns="http://www.w3.org/1999/xhtml"><p class="res-header-id"><b>Generated Narrative: OrganizationAffiliation Example-OrganizationAffiliation-Loc2</b></p><a name="Example-OrganizationAffiliation-Loc2"> </a><a name="hcExample-OrganizationAffiliation-Loc2"> </a><div style="display: inline-block; background-color: #d9e0e7; padding: 6px; margin: 4px; border: 1px solid #8da1b4; border-radius: 5px; line-height: 60%"><p style="margin-bottom: 0px"/><p style="margin-bottom: 0px">Profile: <a href="StructureDefinition-bc-organization-affiliation.html">BCOrganizationAffiliation</a></p></div><p><b>period</b>: 2000-01-01 --&gt; (ongoing)</p><p><b>organization</b>: Identifier: <code>https://health.gov.bc.ca/fhir/NamingSystem/ca-bc-plr-ipc</code>/IPC.90009000.PRS.BC (, period: 2000-01-01 --&gt; (ongoing))</p><p><b>code</b>: <span title="Codes:{https://terminology.hlth.gov.bc.ca/ProviderLocationRegistry/CodeSystem/bc-location-relationship-type-code-system OWNS}">OWNS</span></p><p><b>location</b>: Identifier: <code>https://health.gov.bc.ca/fhir/NamingSystem/ca-bc-plr-ifc</code>/IFC.001474222.BC.PRS (, period: 2000-01-01 --&gt; (ongoing))</p></div>
  </text>
  <period>
    <start value="2000-01-01"/>
  </period>
  <organization>
    <identifier>
      <system value="https://health.gov.bc.ca/fhir/NamingSystem/ca-bc-plr-ipc"/>
      <value value="IPC.90009000.PRS.BC"/>
      <period>
        <start value="2000-01-01"/>
      </period>
    </identifier>
  </organization>
  <code>
    <coding>
      <system value="https://terminology.hlth.gov.bc.ca/ProviderLocationRegistry/CodeSystem/bc-location-relationship-type-code-system"/>
      <code value="OWNS"/>
    </coding>
  </code>
  <location>
    <identifier>
      <system value="https://health.gov.bc.ca/fhir/NamingSystem/ca-bc-plr-ifc"/>
      <value value="IFC.001474222.BC.PRS"/>
      <period>
        <start value="2000-01-01"/>
      </period>
    </identifier>
  </location>
</OrganizationAffiliation>