<?xml version="1.0" encoding="UTF-8"?>

<PractitionerRole xmlns="http://hl7.org/fhir">
  <id value="IPC.00047422.BC.PRS"/>
  <meta>
    <profile value="http://hlth.gov.bc.ca/fhir/provider/StructureDefinition/bc-practitioner-role"/>
  </meta>
  <text>
    <status value="generated"/><div xmlns="http://www.w3.org/1999/xhtml"><p class="res-header-id"><b>Generated Narrative: PractitionerRole IPC.00047422.BC.PRS</b></p><a name="IPC.00047422.BC.PRS"> </a><a name="hcIPC.00047422.BC.PRS"> </a><a name="IPC.00047422.BC.PRS-en-US"> </a><p><b>practitioner</b>: Identifier: <code>https://health.gov.bc.ca/fhir/NamingSystem/ca-bc-plr-ipc</code>/IPC.00047422.BC.PRS (, period: 2000-01-01 --&gt; (ongoing))</p><p><b>code</b>: <span title="Codes:{http://fhir.infoway-inforoute.ca/CodeSystem/scptype MD}">MD</span></p><p><b>specialty</b>: <span title="Codes:{http://fhir.infoway-inforoute.ca/CodeSystem/scpqual AMD53}">AMD53</span></p></div>
  </text>
  <practitioner>
    <identifier>
      <system value="https://health.gov.bc.ca/fhir/NamingSystem/ca-bc-plr-ipc"/>
      <value value="IPC.00047422.BC.PRS"/>
      <period>
        <start value="2000-01-01"/>
      </period>
    </identifier>
  </practitioner>
  <code>
    <coding>
      <system value="http://fhir.infoway-inforoute.ca/CodeSystem/scptype"/>
      <code value="MD"/>
    </coding>
  </code>
  <specialty>
    <extension url="http://hlth.gov.bc.ca/fhir/provider/StructureDefinition/bc-period-extension">
      <valuePeriod>
        <start value="2000-01-01"/>
        <end value="2020-01-01"/>
      </valuePeriod>
    </extension>
    <extension url="http://hlth.gov.bc.ca/fhir/provider/StructureDefinition/bc-specialty-source-extension">
      <valueString value="Expertise source"/>
    </extension>
    <extension url="http://hlth.gov.bc.ca/fhir/provider/StructureDefinition/bc-end-reason-extension">
      <valueCodeableConcept>
        <coding>
          <system value="https://terminology.hlth.gov.bc.ca/ProviderLocationRegistry/CodeSystem/bc-end-reason-code-system"/>
          <code value="CHG"/>
        </coding>
      </valueCodeableConcept>
    </extension>
    <coding>
      <system value="http://fhir.infoway-inforoute.ca/CodeSystem/scpqual"/>
      <code value="AMD53"/>
    </coding>
  </specialty>
</PractitionerRole>