{
  "resourceType" : "Bundle",
  "id" : "Example-UpdatePractitioner-Bundle",
  "meta" : {
    "profile" : ["http://hlth.gov.bc.ca/fhir/provider/StructureDefinition/bc-practitioner-bundle"]
  },
  "type" : "collection",
  "entry" : [{
    "fullUrl" : "https://plresb.hlth.gov.bc.ca/HSA-web/fhir-rs/Practitioner/IPC.00147433.BC.PRS",
    "resource" : {
      "resourceType" : "Practitioner",
      "id" : "IPC.00147433.BC.PRS",
      "meta" : {
        "profile" : ["http://hlth.gov.bc.ca/fhir/provider/StructureDefinition/bc-practitioner"]
      },
      "text" : {
        "status" : "extensions",
        "div" : "<div xmlns=\"http://www.w3.org/1999/xhtml\"><a name=\"Practitioner_IPC.00147433.BC.PRS\"> </a><p class=\"res-header-id\"><b>Generated Narrative: Practitioner IPC.00147433.BC.PRS</b></p><a name=\"IPC.00147433.BC.PRS\"> </a><a name=\"hcIPC.00147433.BC.PRS\"> </a><a name=\"IPC.00147433.BC.PRS-en-US\"> </a><div style=\"display: inline-block; background-color: #d9e0e7; padding: 6px; margin: 4px; border: 1px solid #8da1b4; border-radius: 5px; line-height: 60%\"><p style=\"margin-bottom: 0px\"/><p style=\"margin-bottom: 0px\">Profile: <a href=\"StructureDefinition-bc-practitioner.html\">BCPractitioner</a></p></div><blockquote><p><b>BC License Status Extension</b></p><ul><li>statusCode: <span title=\"Codes:{https://terminology.hlth.gov.bc.ca/ProviderLocationRegistry/CodeSystem/bc-license-status-code-system INACTIVE}\">INACTIVE</span></li><li>statusReasonCode: <span title=\"Codes:{https://terminology.hlth.gov.bc.ca/ProviderLocationRegistry/CodeSystem/bc-license-status-reason-code-system LTP}\">LTP</span></li><li>statusClassCode: <span title=\"Codes:{https://terminology.hlth.gov.bc.ca/ProviderLocationRegistry/CodeSystem/bc-license-status-class-code-system LIC}\">LIC</span></li><li>period: 2022-06-24 --&gt; (ongoing)</li><li>http://hlth.gov.bc.ca/fhir/provider/StructureDefinition/bc-end-reason-extension: <span title=\"Codes:{https://terminology.hlth.gov.bc.ca/ProviderLocationRegistry/CodeSystem/bc-end-reason-code-system CHG}\">CHG</span></li></ul></blockquote><blockquote><p><b>BC Practitioner Disciplinary Actions Extension</b></p><ul><li>identifier: DA-1</li><li>description: Description</li><li>archiveDate: 2000-01-01</li><li>http://hlth.gov.bc.ca/fhir/provider/StructureDefinition/bc-period-extension: 1998-01-02 --&gt; (ongoing)</li><li>displayFlag: false</li><li>http://hlth.gov.bc.ca/fhir/provider/StructureDefinition/bc-end-reason-extension: <span title=\"Codes:{https://terminology.hlth.gov.bc.ca/ProviderLocationRegistry/CodeSystem/bc-end-reason-code-system CHG}\">CHG</span></li></ul></blockquote><blockquote><p><b>BC Notes Extension</b></p><ul><li>identifier: <code>http://hlth.gov.bc.ca/fhir/provider/identifier-system/bc-note-id</code>/Note-3</li><li>text: Note text</li><li>http://hlth.gov.bc.ca/fhir/provider/StructureDefinition/bc-period-extension: 1998-01-02 --&gt; (ongoing)</li><li>http://hlth.gov.bc.ca/fhir/provider/StructureDefinition/bc-end-reason-extension: <span title=\"Codes:{https://terminology.hlth.gov.bc.ca/ProviderLocationRegistry/CodeSystem/bc-end-reason-code-system CHG}\">CHG</span></li></ul></blockquote><blockquote><p><b>BC Practitioner Conditions Extension</b></p><ul><li>identifier: <code>http://hlth.gov.bc.ca/fhir/provider/identifier-system/bc-condition-id</code>/Condition-2</li><li>restriction: false</li><li>restrictionText: Restriction text</li><li>code: <span title=\"Codes:{https://terminology.hlth.gov.bc.ca/ProviderLocationRegistry/CodeSystem/bc-condition-type-code-system EXP}\">EXP</span></li><li>http://hlth.gov.bc.ca/fhir/provider/StructureDefinition/bc-period-extension: 1998-01-02 --&gt; (ongoing)</li><li>http://hlth.gov.bc.ca/fhir/provider/StructureDefinition/bc-end-reason-extension: <span title=\"Codes:{https://terminology.hlth.gov.bc.ca/ProviderLocationRegistry/CodeSystem/bc-end-reason-code-system CHG}\">CHG</span></li></ul></blockquote><blockquote><p><b>BC Confidentiality Extension</b></p><ul><li>http://hlth.gov.bc.ca/fhir/provider/StructureDefinition/bc-period-extension: 2000-01-01 --&gt; 2020-01-01</li><li>code: <span title=\"Codes:{http://terminology.hl7.org/CodeSystem/v3-Confidentiality R}\">restricted</span></li><li>http://hlth.gov.bc.ca/fhir/provider/StructureDefinition/bc-end-reason-extension: <span title=\"Codes:{https://terminology.hlth.gov.bc.ca/ProviderLocationRegistry/CodeSystem/bc-end-reason-code-system CEASE}\">CEASE</span></li></ul></blockquote><p><b>BC Valid Period Extension</b>: 2012-12-07 --&gt; (ongoing)</p><p><b>BC Birth Place Extension</b>: Ottawa ON CA </p><p><b>BC End Reason Extension</b>: <span title=\"Codes:{https://terminology.hlth.gov.bc.ca/ProviderLocationRegistry/CodeSystem/bc-end-reason-code-system CHG}\">CHG</span></p><p><b>identifier</b>: <code>https://health.gov.bc.ca/fhir/NamingSystem/ca-bc-plr-ipc</code>/IPC.00147433.BC.PRS\u00a0(,\u00a0period:\u00a02000-01-01 --&gt; (ongoing))</p><p><b>name</b>: GivenName FamilyName </p><p><b>telecom</b>: ph: 2502222234, <a href=\"mailto:bob@email.com\">bob@email.com</a></p><p><b>address</b>: 1000 DOUGLAS ST VICTORIA BC V6P7B8 CA </p><p><b>gender</b>: Male</p><p><b>birthDate</b>: 1934-01-02</p></div>"
      },
      "extension" : [{
        "extension" : [{
          "url" : "statusCode",
          "valueCodeableConcept" : {
            "coding" : [{
              "system" : "https://terminology.hlth.gov.bc.ca/ProviderLocationRegistry/CodeSystem/bc-license-status-code-system",
              "code" : "INACTIVE"
            }]
          }
        },
        {
          "url" : "statusReasonCode",
          "valueCodeableConcept" : {
            "coding" : [{
              "system" : "https://terminology.hlth.gov.bc.ca/ProviderLocationRegistry/CodeSystem/bc-license-status-reason-code-system",
              "code" : "LTP"
            }]
          }
        },
        {
          "url" : "statusClassCode",
          "valueCodeableConcept" : {
            "coding" : [{
              "system" : "https://terminology.hlth.gov.bc.ca/ProviderLocationRegistry/CodeSystem/bc-license-status-class-code-system",
              "code" : "LIC"
            }]
          }
        },
        {
          "url" : "period",
          "valuePeriod" : {
            "start" : "2022-06-24"
          }
        },
        {
          "url" : "http://hlth.gov.bc.ca/fhir/provider/StructureDefinition/bc-end-reason-extension",
          "valueCodeableConcept" : {
            "coding" : [{
              "system" : "https://terminology.hlth.gov.bc.ca/ProviderLocationRegistry/CodeSystem/bc-end-reason-code-system",
              "code" : "CHG"
            }]
          }
        }],
        "url" : "http://hlth.gov.bc.ca/fhir/provider/StructureDefinition/bc-license-status-extension"
      },
      {
        "extension" : [{
          "url" : "identifier",
          "valueIdentifier" : {
            "value" : "DA-1"
          }
        },
        {
          "url" : "description",
          "valueString" : "Description"
        },
        {
          "url" : "archiveDate",
          "valueDateTime" : "2000-01-01"
        },
        {
          "url" : "http://hlth.gov.bc.ca/fhir/provider/StructureDefinition/bc-period-extension",
          "valuePeriod" : {
            "start" : "1998-01-02"
          }
        },
        {
          "url" : "displayFlag",
          "valueBoolean" : false
        },
        {
          "url" : "http://hlth.gov.bc.ca/fhir/provider/StructureDefinition/bc-end-reason-extension",
          "valueCodeableConcept" : {
            "coding" : [{
              "system" : "https://terminology.hlth.gov.bc.ca/ProviderLocationRegistry/CodeSystem/bc-end-reason-code-system",
              "code" : "CHG"
            }]
          }
        }],
        "url" : "http://hlth.gov.bc.ca/fhir/provider/StructureDefinition/bc-practitioner-disciplinary-action-extension"
      },
      {
        "extension" : [{
          "url" : "identifier",
          "valueIdentifier" : {
            "system" : "http://hlth.gov.bc.ca/fhir/provider/identifier-system/bc-note-id",
            "value" : "Note-3"
          }
        },
        {
          "url" : "text",
          "valueString" : "Note text"
        },
        {
          "url" : "http://hlth.gov.bc.ca/fhir/provider/StructureDefinition/bc-period-extension",
          "valuePeriod" : {
            "start" : "1998-01-02"
          }
        },
        {
          "url" : "http://hlth.gov.bc.ca/fhir/provider/StructureDefinition/bc-end-reason-extension",
          "valueCodeableConcept" : {
            "coding" : [{
              "system" : "https://terminology.hlth.gov.bc.ca/ProviderLocationRegistry/CodeSystem/bc-end-reason-code-system",
              "code" : "CHG"
            }]
          }
        }],
        "url" : "http://hlth.gov.bc.ca/fhir/provider/StructureDefinition/bc-note-extension"
      },
      {
        "extension" : [{
          "url" : "identifier",
          "valueIdentifier" : {
            "system" : "http://hlth.gov.bc.ca/fhir/provider/identifier-system/bc-condition-id",
            "value" : "Condition-2"
          }
        },
        {
          "url" : "restriction",
          "valueBoolean" : false
        },
        {
          "url" : "restrictionText",
          "valueString" : "Restriction text"
        },
        {
          "url" : "code",
          "valueCodeableConcept" : {
            "coding" : [{
              "system" : "https://terminology.hlth.gov.bc.ca/ProviderLocationRegistry/CodeSystem/bc-condition-type-code-system",
              "code" : "EXP"
            }]
          }
        },
        {
          "url" : "http://hlth.gov.bc.ca/fhir/provider/StructureDefinition/bc-period-extension",
          "valuePeriod" : {
            "start" : "1998-01-02"
          }
        },
        {
          "url" : "http://hlth.gov.bc.ca/fhir/provider/StructureDefinition/bc-end-reason-extension",
          "valueCodeableConcept" : {
            "coding" : [{
              "system" : "https://terminology.hlth.gov.bc.ca/ProviderLocationRegistry/CodeSystem/bc-end-reason-code-system",
              "code" : "CHG"
            }]
          }
        }],
        "url" : "http://hlth.gov.bc.ca/fhir/provider/StructureDefinition/bc-practitioner-condition-extension"
      },
      {
        "extension" : [{
          "url" : "http://hlth.gov.bc.ca/fhir/provider/StructureDefinition/bc-period-extension",
          "valuePeriod" : {
            "start" : "2000-01-01",
            "end" : "2020-01-01"
          }
        },
        {
          "url" : "code",
          "valueCodeableConcept" : {
            "coding" : [{
              "system" : "http://terminology.hl7.org/CodeSystem/v3-Confidentiality",
              "code" : "R"
            }]
          }
        },
        {
          "url" : "http://hlth.gov.bc.ca/fhir/provider/StructureDefinition/bc-end-reason-extension",
          "valueCodeableConcept" : {
            "coding" : [{
              "system" : "https://terminology.hlth.gov.bc.ca/ProviderLocationRegistry/CodeSystem/bc-end-reason-code-system",
              "code" : "CEASE"
            }]
          }
        }],
        "url" : "http://hlth.gov.bc.ca/fhir/provider/StructureDefinition/bc-confidentiality-extension"
      },
      {
        "url" : "http://hlth.gov.bc.ca/fhir/provider/StructureDefinition/bc-period-extension",
        "valuePeriod" : {
          "start" : "2012-12-07"
        }
      },
      {
        "url" : "http://hlth.gov.bc.ca/fhir/provider/StructureDefinition/bc-birthplace-extension",
        "valueAddress" : {
          "city" : "Ottawa",
          "state" : "ON",
          "country" : "CA"
        }
      },
      {
        "url" : "http://hlth.gov.bc.ca/fhir/provider/StructureDefinition/bc-end-reason-extension",
        "valueCodeableConcept" : {
          "coding" : [{
            "system" : "https://terminology.hlth.gov.bc.ca/ProviderLocationRegistry/CodeSystem/bc-end-reason-code-system",
            "code" : "CHG"
          }]
        }
      }],
      "identifier" : [{
        "system" : "https://health.gov.bc.ca/fhir/NamingSystem/ca-bc-plr-ipc",
        "value" : "IPC.00147433.BC.PRS",
        "period" : {
          "start" : "2000-01-01"
        }
      }],
      "name" : [{
        "extension" : [{
          "url" : "http://hlth.gov.bc.ca/fhir/provider/StructureDefinition/bc-end-reason-extension",
          "valueCodeableConcept" : {
            "coding" : [{
              "system" : "https://terminology.hlth.gov.bc.ca/ProviderLocationRegistry/CodeSystem/bc-end-reason-code-system",
              "code" : "CHG"
            }]
          }
        }],
        "use" : "usual",
        "family" : "FamilyName",
        "given" : ["GivenName"],
        "period" : {
          "start" : "2012-12-07"
        }
      }],
      "telecom" : [{
        "extension" : [{
          "url" : "http://hlth.gov.bc.ca/fhir/provider/StructureDefinition/bc-communication-purpose-code-extension",
          "valueCodeableConcept" : {
            "coding" : [{
              "system" : "https://terminology.hlth.gov.bc.ca/ProviderLocationRegistry/CodeSystem/bc-communication-purpose-code-system",
              "code" : "BC"
            }]
          }
        },
        {
          "url" : "http://hlth.gov.bc.ca/fhir/provider/StructureDefinition/bc-end-reason-extension",
          "valueCodeableConcept" : {
            "coding" : [{
              "system" : "https://terminology.hlth.gov.bc.ca/ProviderLocationRegistry/CodeSystem/bc-end-reason-code-system",
              "code" : "CHG"
            }]
          }
        }],
        "system" : "phone",
        "value" : "2502222234",
        "period" : {
          "start" : "2000-02-02"
        }
      },
      {
        "extension" : [{
          "url" : "http://hlth.gov.bc.ca/fhir/provider/StructureDefinition/bc-communication-purpose-code-extension",
          "valueCodeableConcept" : {
            "coding" : [{
              "system" : "https://terminology.hlth.gov.bc.ca/ProviderLocationRegistry/CodeSystem/bc-communication-purpose-code-system",
              "code" : "BC"
            }]
          }
        },
        {
          "url" : "http://hlth.gov.bc.ca/fhir/provider/StructureDefinition/bc-end-reason-extension",
          "valueCodeableConcept" : {
            "coding" : [{
              "system" : "https://terminology.hlth.gov.bc.ca/ProviderLocationRegistry/CodeSystem/bc-end-reason-code-system",
              "code" : "CHG"
            }]
          }
        }],
        "system" : "email",
        "value" : "bob@email.com",
        "period" : {
          "start" : "2000-02-02"
        }
      }],
      "address" : [{
        "extension" : [{
          "url" : "http://hlth.gov.bc.ca/fhir/provider/StructureDefinition/bc-communication-purpose-code-extension",
          "valueCodeableConcept" : {
            "coding" : [{
              "system" : "https://terminology.hlth.gov.bc.ca/ProviderLocationRegistry/CodeSystem/bc-communication-purpose-code-system",
              "code" : "BC"
            }]
          }
        },
        {
          "url" : "http://hlth.gov.bc.ca/fhir/provider/StructureDefinition/bc-end-reason-extension",
          "valueCodeableConcept" : {
            "coding" : [{
              "system" : "https://terminology.hlth.gov.bc.ca/ProviderLocationRegistry/CodeSystem/bc-end-reason-code-system",
              "code" : "CHG"
            }]
          }
        }],
        "type" : "postal",
        "line" : ["1000 DOUGLAS ST"],
        "city" : "VICTORIA",
        "state" : "BC",
        "postalCode" : "V6P7B8",
        "country" : "CA",
        "period" : {
          "start" : "2000-01-01"
        }
      }],
      "gender" : "male",
      "birthDate" : "1934-01-02",
      "_birthDate" : {
        "extension" : [{
          "url" : "http://hlth.gov.bc.ca/fhir/provider/StructureDefinition/bc-birthtime-extension",
          "valueDateTime" : "1951-11-12T00:00:01-06:00"
        }]
      }
    }
  },
  {
    "fullUrl" : "https://plresb.hlth.gov.bc.ca/HSA-web/fhir-rs/PractitionerRole/IPC.00147433.BC.PRS",
    "resource" : {
      "resourceType" : "PractitionerRole",
      "id" : "IPC.00147433.BC.PRS",
      "meta" : {
        "profile" : ["http://hlth.gov.bc.ca/fhir/provider/StructureDefinition/bc-practitioner-role"]
      },
      "text" : {
        "status" : "generated",
        "div" : "<div xmlns=\"http://www.w3.org/1999/xhtml\"><a name=\"PractitionerRole_IPC.00147433.BC.PRS\"> </a><p class=\"res-header-id\"><b>Generated Narrative: PractitionerRole IPC.00147433.BC.PRS</b></p><div style=\"display: inline-block; background-color: #d9e0e7; padding: 6px; margin: 4px; border: 1px solid #8da1b4; border-radius: 5px; line-height: 60%\"><p style=\"margin-bottom: 0px\"/><p style=\"margin-bottom: 0px\">Profile: <a href=\"StructureDefinition-bc-practitioner-role.html\">BCPractitionerRole</a></p></div><p><b>practitioner</b>: Identifier: <code>https://health.gov.bc.ca/fhir/NamingSystem/ca-bc-plr-ipc</code>/IPC.00147433.BC.PRS\u00a0(,\u00a0period:\u00a02000-01-01 --&gt; (ongoing))</p><p><b>code</b>: <span title=\"Codes:{http://fhir.infoway-inforoute.ca/CodeSystem/scptype MD}\">MD</span></p><p><b>specialty</b>: <span title=\"Codes:{http://fhir.infoway-inforoute.ca/CodeSystem/scpqual AMD53}\">AMD53</span></p></div>"
      },
      "practitioner" : {
        "identifier" : {
          "system" : "https://health.gov.bc.ca/fhir/NamingSystem/ca-bc-plr-ipc",
          "value" : "IPC.00147433.BC.PRS",
          "period" : {
            "start" : "2000-01-01"
          }
        }
      },
      "code" : [{
        "coding" : [{
          "system" : "http://fhir.infoway-inforoute.ca/CodeSystem/scptype",
          "code" : "MD"
        }]
      }],
      "specialty" : [{
        "extension" : [{
          "url" : "http://hlth.gov.bc.ca/fhir/provider/StructureDefinition/bc-period-extension",
          "valuePeriod" : {
            "start" : "2000-01-01",
            "end" : "2020-01-01"
          }
        },
        {
          "url" : "http://hlth.gov.bc.ca/fhir/provider/StructureDefinition/bc-specialty-source-extension",
          "valueString" : "Expertise source"
        },
        {
          "url" : "http://hlth.gov.bc.ca/fhir/provider/StructureDefinition/bc-end-reason-extension",
          "valueCodeableConcept" : {
            "coding" : [{
              "system" : "https://terminology.hlth.gov.bc.ca/ProviderLocationRegistry/CodeSystem/bc-end-reason-code-system",
              "code" : "CHG"
            }]
          }
        }],
        "coding" : [{
          "system" : "http://fhir.infoway-inforoute.ca/CodeSystem/scpqual",
          "code" : "AMD53"
        }]
      }]
    }
  },
  {
    "fullUrl" : "https://plresb.hlth.gov.bc.ca/HSA-web/fhir-rs/PractitionerRole/RELN.12373.PRS",
    "resource" : {
      "resourceType" : "PractitionerRole",
      "id" : "RELN.12373.PRS",
      "meta" : {
        "profile" : ["http://hlth.gov.bc.ca/fhir/provider/StructureDefinition/bc-role-relationships"]
      },
      "text" : {
        "status" : "extensions",
        "div" : "<div xmlns=\"http://www.w3.org/1999/xhtml\"><a name=\"PractitionerRole_RELN.12373.PRS\"> </a><p class=\"res-header-id\"><b>Generated Narrative: PractitionerRole RELN.12373.PRS</b></p><a name=\"RELN.12373.PRS\"> </a><a name=\"hcRELN.12373.PRS\"> </a><a name=\"RELN.12373.PRS-en-US\"> </a><div style=\"display: inline-block; background-color: #d9e0e7; padding: 6px; margin: 4px; border: 1px solid #8da1b4; border-radius: 5px; line-height: 60%\"><p style=\"margin-bottom: 0px\"/><p style=\"margin-bottom: 0px\">Profile: <a href=\"StructureDefinition-bc-role-relationships.html\">BCRoleRelationships</a></p></div><p><b>BC Practitioner to Organization or Practitioner to Practitioner Type Extension.</b>: <span title=\"Codes:{https://terminology.hlth.gov.bc.ca/ProviderLocationRegistry/CodeSystem/bc-relationship-type-code-system EE}\">EE</span></p><p><b>BC End Reason Extension</b>: <span title=\"Codes:{https://terminology.hlth.gov.bc.ca/ProviderLocationRegistry/CodeSystem/bc-end-reason-code-system CHG}\">CHG</span></p><p><b>period</b>: 2000-01-01 --&gt; (ongoing)</p><p><b>practitioner</b>: Identifier: <code>https://health.gov.bc.ca/fhir/NamingSystem/ca-bc-plr-ipc</code>/IPC.00147433.BC.PRS\u00a0(,\u00a0period:\u00a02000-01-01 --&gt; (ongoing))</p><p><b>organization</b>: Identifier: <code>https://health.gov.bc.ca/fhir/NamingSystem/ca-bc-plr-ipc</code>/IPC.00147436.BC.PRS\u00a0(,\u00a0period:\u00a02000-01-01 --&gt; (ongoing))</p></div>"
      },
      "extension" : [{
        "url" : "http://hlth.gov.bc.ca/fhir/provider/StructureDefinition/bc-relationship-type-extension",
        "valueCodeableConcept" : {
          "coding" : [{
            "system" : "https://terminology.hlth.gov.bc.ca/ProviderLocationRegistry/CodeSystem/bc-relationship-type-code-system",
            "code" : "EE"
          }]
        }
      },
      {
        "url" : "http://hlth.gov.bc.ca/fhir/provider/StructureDefinition/bc-end-reason-extension",
        "valueCodeableConcept" : {
          "coding" : [{
            "system" : "https://terminology.hlth.gov.bc.ca/ProviderLocationRegistry/CodeSystem/bc-end-reason-code-system",
            "code" : "CHG"
          }]
        }
      }],
      "period" : {
        "start" : "2000-01-01"
      },
      "practitioner" : {
        "identifier" : {
          "system" : "https://health.gov.bc.ca/fhir/NamingSystem/ca-bc-plr-ipc",
          "value" : "IPC.00147433.BC.PRS",
          "period" : {
            "start" : "2000-01-01"
          }
        }
      },
      "organization" : {
        "identifier" : {
          "extension" : [{
            "url" : "http://hlth.gov.bc.ca/fhir/provider/StructureDefinition/bc-owner-extension",
            "valueIdentifier" : {
              "assigner" : {
                "display" : "MOH"
              }
            }
          }],
          "system" : "https://health.gov.bc.ca/fhir/NamingSystem/ca-bc-plr-ipc",
          "value" : "IPC.00147436.BC.PRS",
          "period" : {
            "start" : "2000-01-01"
          }
        }
      }
    }
  }]
}