{
  "resourceType" : "OrganizationAffiliation",
  "id" : "RELN.182.PRS",
  "meta" : {
    "profile" : ["http://hlth.gov.bc.ca/fhir/provider/StructureDefinition/bc-organization-affiliation"]
  },
  "text" : {
    "status" : "generated",
    "div" : "<div xmlns=\"http://www.w3.org/1999/xhtml\"><p class=\"res-header-id\"><b>Generated Narrative: OrganizationAffiliation RELN.182.PRS</b></p><a name=\"RELN.182.PRS\"> </a><a name=\"hcRELN.182.PRS\"> </a><a name=\"RELN.182.PRS-en-US\"> </a><div style=\"display: inline-block; background-color: #d9e0e7; padding: 6px; margin: 4px; border: 1px solid #8da1b4; border-radius: 5px; line-height: 60%\"><p style=\"margin-bottom: 0px\"/><p style=\"margin-bottom: 0px\">Profile: <a href=\"StructureDefinition-bc-organization-affiliation.html\">BCOrganizationAffiliation</a></p></div><p><b>period</b>: 2000-01-01 --&gt; (ongoing)</p><p><b>organization</b>: Identifier: <code>https://health.gov.bc.ca/fhir/NamingSystem/ca-bc-plr-ipc</code>/IPC.00147434.BC.PRS\u00a0(,\u00a0period:\u00a02000-01-01 --&gt; (ongoing))</p><p><b>code</b>: <span title=\"Codes:{https://terminology.hlth.gov.bc.ca/ProviderLocationRegistry/CodeSystem/bc-location-relationship-type-code-system operatesfrom}\">operatesfrom</span></p><p><b>location</b>: Identifier: <code>https://health.gov.bc.ca/fhir/NamingSystem/ca-bc-plr-ifc</code>/IFC.00047422.BC.PRS\u00a0(,\u00a0period:\u00a02000-01-01 --&gt; (ongoing))</p></div>"
  },
  "period" : {
    "start" : "2000-01-01"
  },
  "organization" : {
    "identifier" : {
      "extension" : [{
        "url" : "http://hlth.gov.bc.ca/fhir/provider/StructureDefinition/bc-owner-extension",
        "valueIdentifier" : {
          "assigner" : {
            "display" : "MOH"
          }
        }
      }],
      "system" : "https://health.gov.bc.ca/fhir/NamingSystem/ca-bc-plr-ipc",
      "value" : "IPC.00147434.BC.PRS",
      "period" : {
        "start" : "2000-01-01"
      }
    }
  },
  "code" : [{
    "coding" : [{
      "system" : "https://terminology.hlth.gov.bc.ca/ProviderLocationRegistry/CodeSystem/bc-location-relationship-type-code-system",
      "code" : "operatesfrom"
    }]
  }],
  "location" : [{
    "identifier" : {
      "system" : "https://health.gov.bc.ca/fhir/NamingSystem/ca-bc-plr-ifc",
      "value" : "IFC.00047422.BC.PRS",
      "period" : {
        "start" : "2000-01-01"
      }
    }
  }]
}