{"resourceType":"OperationDefinition","id":"bc-dereference-organization-facility-query","text":{"status":"extensions","div":"<div xmlns=\"http://www.w3.org/1999/xhtml\"><h2>DereferenceOrganizationFacilityQuery</h2><p>QUERY: DereferenceOrganizationFacilityQuery</p><p>The official URL for this operation definition is: </p><pre>http://hl7.org/fhir/ca-bc/provider/OperationDefinition/bc-dereference-organization-facility-query</pre><p>URL: [base]/Organization/$dereference</p><p>URL: [base]/Organization/[id]/$dereference</p><p>URL: [base]/Location/$dereference</p><p>URL: [base]/Location/[id]/$dereference</p><p>Parameters</p><table class=\"grid\"><tr><td><b>Use</b></td><td><b>Name</b></td><td><b>Cardinality</b></td><td><b>Type</b></td><td><b>Binding</b></td><td><b>Documentation</b></td></tr><tr><td>IN</td><td>name</td><td>0..1</td><td><a href=\"http://hl7.org/fhir/R4/datatypes.html#string\">string</a><br/>(<a href=\"http://hl7.org/fhir/R4/search.html#string\">string</a>)</td><td/><td><div><p>Search for organizations or locations with the specified name.</p>\n</div></td></tr></table></div>"},"url":"http://hl7.org/fhir/ca-bc/provider/OperationDefinition/bc-dereference-organization-facility-query","version":"0.1.0","name":"DereferenceOrganizationFacilityQuery","title":"Dereference Query for an organization or location","status":"draft","kind":"query","date":"2021-03-23T10:19:35-06:00","publisher":"BC Ministry of Health","contact":[{"name":"BC Ministry of Health","telecom":[{"system":"url","value":"https://www2.gov.bc.ca/gov/content/governments/organizational-structure/ministries-organizations/ministries/health"}]}],"jurisdiction":[{"coding":[{"system":"urn:iso:std:iso:3166","code":"CA","display":"Canada"}]}],"code":"dereference","resource":["Organization","Location"],"system":false,"type":true,"instance":true,"parameter":[{"name":"name","use":"in","min":0,"max":"1","documentation":"Search for organizations or locations with the specified name.","type":"string","searchType":"string"}]}