<?xml version="1.0" encoding="UTF-8"?>

<Bundle xmlns="http://hl7.org/fhir">
  <id value="8660bc8f-8c9d-41c7-a676-6918ab1f2c3a"/>
  <meta>
    <lastUpdated value="2022-09-01T16:21:50.975+00:00"/>
  </meta>
  <type value="collection"/>
  <entry>
    <fullUrl value="http://hl7.org/fhir/ca-bc/provider/ValueSet/bc-license-status-value-set"/>
    <resource>
      <ValueSet>
        <id value="bc-license-status-value-set"/>
        <text>
          <status value="generated"/>
          <div xmlns="http://www.w3.org/1999/xhtml">
            <p>This value set contains 9 concepts</p>
            <div style="border: black 1px dotted; background-color: #EEEEEE; padding: 8px; margin-bottom: 8px">
              <p>Expansion based on: </p>
              <ul>
                <li>
                  <a href="CodeSystem-bc-license-status-code-system.html">BC License Status Codes v0.1.0 (CodeSystem)</a>
                </li>
                <li>
                  <a href="http://terminology.hl7.org/3.1.0/CodeSystem-v3-RoleStatus.html">RoleStatus v2.1.0 (CodeSystem)</a>
                </li>
              </ul>
            </div>
            <table class="codes">
              <tr>
                <td style="white-space:nowrap">
                  <b>Code</b>
                </td>
                <td>
                  <b>System</b>
                </td>
                <td>
                  <b>Display</b>
                </td>
                <td>
                  <b>Definition</b>
                </td>
              </tr>
              <tr>
                <td style="white-space:nowrap">
                  <a name="http---hl7.org-fhir-ca-bc-provider-CodeSystem-bc-license-status-code-system-unknown"> </a>  
                  <a href="CodeSystem-bc-license-status-code-system.html#bc-license-status-code-system-unknown">unknown</a>
                </td>
                <td>http://hl7.org/fhir/ca-bc/provider/CodeSystem/bc-license-status-code-system</td>
                <td>unknown</td>
                <td>Unknown</td>
              </tr>
              <tr>
                <td style="white-space:nowrap">
                  <a name="http---hl7.org-fhir-ca-bc-provider-CodeSystem-bc-license-status-code-system-inactive"> </a>  
                  <a href="CodeSystem-bc-license-status-code-system.html#bc-license-status-code-system-inactive">inactive</a>
                </td>
                <td>http://hl7.org/fhir/ca-bc/provider/CodeSystem/bc-license-status-code-system</td>
                <td>inactive</td>
                <td>Inactive</td>
              </tr>
              <tr>
                <td style="white-space:nowrap">
                  <a name="http---terminology.hl7.org-CodeSystem-v3-RoleStatus-normal"> </a>  
                  <a href="http://terminology.hl7.org/3.1.0/CodeSystem-v3-RoleStatus.html#v3-RoleStatus-normal">normal</a>
                </td>
                <td>http://terminology.hl7.org/CodeSystem/v3-RoleStatus</td>
                <td>normal</td>
                <td>The 'typical' state. Excludes &quot;nullified&quot; which represents the termination state of a Role instance that was created in error.</td>
              </tr>
              <tr>
                <td style="white-space:nowrap">
                  <a name="http---terminology.hl7.org-CodeSystem-v3-RoleStatus-active"> </a>  
                  <a href="http://terminology.hl7.org/3.1.0/CodeSystem-v3-RoleStatus.html#v3-RoleStatus-active">active</a>
                </td>
                <td>http://terminology.hl7.org/CodeSystem/v3-RoleStatus</td>
                <td>active</td>
                <td>The state representing the fact that the Entity is currently active in the Role.</td>
              </tr>
              <tr>
                <td style="white-space:nowrap">
                  <a name="http---terminology.hl7.org-CodeSystem-v3-RoleStatus-cancelled"> </a>  
                  <a href="http://terminology.hl7.org/3.1.0/CodeSystem-v3-RoleStatus.html#v3-RoleStatus-cancelled">cancelled</a>
                </td>
                <td>http://terminology.hl7.org/CodeSystem/v3-RoleStatus</td>
                <td>cancelled</td>
                <td>The terminal state resulting from cancellation of the role prior to activation.</td>
              </tr>
              <tr>
                <td style="white-space:nowrap">
                  <a name="http---terminology.hl7.org-CodeSystem-v3-RoleStatus-pending"> </a>  
                  <a href="http://terminology.hl7.org/3.1.0/CodeSystem-v3-RoleStatus.html#v3-RoleStatus-pending">pending</a>
                </td>
                <td>http://terminology.hl7.org/CodeSystem/v3-RoleStatus</td>
                <td>pending</td>
                <td>The state representing that fact that the role has not yet become active.</td>
              </tr>
              <tr>
                <td style="white-space:nowrap">
                  <a name="http---terminology.hl7.org-CodeSystem-v3-RoleStatus-suspended"> </a>  
                  <a href="http://terminology.hl7.org/3.1.0/CodeSystem-v3-RoleStatus.html#v3-RoleStatus-suspended">suspended</a>
                </td>
                <td>http://terminology.hl7.org/CodeSystem/v3-RoleStatus</td>
                <td>suspended</td>
                <td>The state that represents a suspension of the Entity playing the Role. This state is arrived at from the &quot;active&quot; state.</td>
              </tr>
              <tr>
                <td style="white-space:nowrap">
                  <a name="http---terminology.hl7.org-CodeSystem-v3-RoleStatus-terminated"> </a>  
                  <a href="http://terminology.hl7.org/3.1.0/CodeSystem-v3-RoleStatus.html#v3-RoleStatus-terminated">terminated</a>
                </td>
                <td>http://terminology.hl7.org/CodeSystem/v3-RoleStatus</td>
                <td>terminated</td>
                <td>The state representing the successful termination of the Role.</td>
              </tr>
              <tr>
                <td style="white-space:nowrap">
                  <a name="http---terminology.hl7.org-CodeSystem-v3-RoleStatus-nullified"> </a>  
                  <a href="http://terminology.hl7.org/3.1.0/CodeSystem-v3-RoleStatus.html#v3-RoleStatus-nullified">nullified</a>
                </td>
                <td>http://terminology.hl7.org/CodeSystem/v3-RoleStatus</td>
                <td>nullified</td>
                <td>The state representing the termination of a Role instance that was created in error.</td>
              </tr>
            </table>
          </div>
        </text>
        <url value="http://hl7.org/fhir/ca-bc/provider/ValueSet/bc-license-status-value-set"/>
        <version value="0.1.0"/>
        <name value="LicenseStatusVS"/>
        <title value="BC License Status Value Set"/>
        <status value="active"/>
        <date value="2022-09-01T16:21:50+00:00"/>
        <publisher value="BC Ministry of Health"/>
        <contact>
          <name value="BC Ministry of Health"/>
          <telecom>
            <system value="url"/>
            <value value="https://www2.gov.bc.ca/gov/content/governments/organizational-structure/ministries-organizations/ministries/health"/>
          </telecom>
        </contact>
        <description value="BC specific license status value set."/>
        <jurisdiction>
          <coding>
            <system value="urn:iso:std:iso:3166"/>
            <code value="CA"/>
            <display value="Canada"/>
          </coding>
        </jurisdiction>
        <expansion>
          <identifier value="urn:uuid:df66ac7c-2549-4dfb-8bcf-8c06a1d9221d"/>
          <timestamp value="2022-09-01T16:22:26+00:00"/>
          <total value="9"/>
          <parameter>
            <name value="excludeNested"/>
            <valueBoolean value="false"/>
          </parameter>
          <parameter>
            <name value="version"/>
            <valueUri value="http://hl7.org/fhir/ca-bc/provider/CodeSystem/bc-license-status-code-system|0.1.0"/>
          </parameter>
          <parameter>
            <name value="version"/>
            <valueUri value="http://terminology.hl7.org/CodeSystem/v3-RoleStatus|2.1.0"/>
          </parameter>
          <contains>
            <system value="http://hl7.org/fhir/ca-bc/provider/CodeSystem/bc-license-status-code-system"/>
            <code value="unknown"/>
            <display value="unknown"/>
          </contains>
          <contains>
            <system value="http://hl7.org/fhir/ca-bc/provider/CodeSystem/bc-license-status-code-system"/>
            <code value="inactive"/>
            <display value="inactive"/>
          </contains>
          <contains>
            <system value="http://terminology.hl7.org/CodeSystem/v3-RoleStatus"/>
            <code value="normal"/>
            <display value="normal"/>
          </contains>
          <contains>
            <system value="http://terminology.hl7.org/CodeSystem/v3-RoleStatus"/>
            <code value="active"/>
            <display value="active"/>
          </contains>
          <contains>
            <system value="http://terminology.hl7.org/CodeSystem/v3-RoleStatus"/>
            <code value="cancelled"/>
            <display value="cancelled"/>
          </contains>
          <contains>
            <system value="http://terminology.hl7.org/CodeSystem/v3-RoleStatus"/>
            <code value="pending"/>
            <display value="pending"/>
          </contains>
          <contains>
            <system value="http://terminology.hl7.org/CodeSystem/v3-RoleStatus"/>
            <code value="suspended"/>
            <display value="suspended"/>
          </contains>
          <contains>
            <system value="http://terminology.hl7.org/CodeSystem/v3-RoleStatus"/>
            <code value="terminated"/>
            <display value="terminated"/>
          </contains>
          <contains>
            <system value="http://terminology.hl7.org/CodeSystem/v3-RoleStatus"/>
            <code value="nullified"/>
            <display value="nullified"/>
          </contains>
        </expansion>
      </ValueSet>
    </resource>
  </entry>
  <entry>
    <fullUrl value="http://hl7.org/fhir/ca-bc/provider/ValueSet/bc-practitioner-role-value-set"/>
    <resource>
      <ValueSet>
        <id value="bc-practitioner-role-value-set"/>
        <text>
          <status value="generated"/>
          <div xmlns="http://www.w3.org/1999/xhtml">
            <p>This value set contains 2 concepts</p>
            <p style="border: black 1px dotted; background-color: #EEEEEE; padding: 8px; margin-bottom: 8px">Expansion based on 
              <a href="CodeSystem-bc-practitioner-role-code-system.html">BC-Specific Practitioner Role Codes v0.1.0 (CodeSystem)</a>
            </p>
            <p>All codes in this table are from the system 
              <a href="CodeSystem-bc-practitioner-role-code-system.html">
                <code>http://hl7.org/fhir/ca-bc/provider/CodeSystem/bc-practitioner-role-code-system</code>
              </a>
            </p>
            <table class="codes">
              <tr>
                <td style="white-space:nowrap">
                  <b>Code</b>
                </td>
                <td>
                  <b>Display</b>
                </td>
                <td>
                  <b>Definition</b>
                </td>
              </tr>
              <tr>
                <td style="white-space:nowrap">
                  <a name="http---hl7.org-fhir-ca-bc-provider-CodeSystem-bc-practitioner-role-code-system-org"> </a>  
                  <a href="CodeSystem-bc-practitioner-role-code-system.html#bc-practitioner-role-code-system-org">org</a>
                </td>
                <td>org</td>
                <td>The organization role.</td>
              </tr>
              <tr>
                <td style="white-space:nowrap">
                  <a name="http---hl7.org-fhir-ca-bc-provider-CodeSystem-bc-practitioner-role-code-system-OOP-MD"> </a>  
                  <a href="CodeSystem-bc-practitioner-role-code-system.html#bc-practitioner-role-code-system-OOP-MD">OOP-MD</a>
                </td>
                <td>OOP-MD</td>
                <td>Out Of Province MD</td>
              </tr>
            </table>
          </div>
        </text>
        <url value="http://hl7.org/fhir/ca-bc/provider/ValueSet/bc-practitioner-role-value-set"/>
        <version value="0.1.0"/>
        <name value="PractitionerRoleVS"/>
        <title value="Practitioner Role Code Value Set"/>
        <status value="active"/>
        <date value="2022-09-01T16:21:50+00:00"/>
        <publisher value="BC Ministry of Health"/>
        <contact>
          <name value="BC Ministry of Health"/>
          <telecom>
            <system value="url"/>
            <value value="https://www2.gov.bc.ca/gov/content/governments/organizational-structure/ministries-organizations/ministries/health"/>
          </telecom>
        </contact>
        <description value="BC Practitioner Role Codes."/>
        <jurisdiction>
          <coding>
            <system value="urn:iso:std:iso:3166"/>
            <code value="CA"/>
            <display value="Canada"/>
          </coding>
        </jurisdiction>
        <expansion>
          <identifier value="urn:uuid:2b327bd8-f8f4-40ff-93de-b73651c883e2"/>
          <timestamp value="2022-09-01T16:22:26+00:00"/>
          <total value="2"/>
          <parameter>
            <name value="excludeNested"/>
            <valueBoolean value="false"/>
          </parameter>
          <parameter>
            <name value="version"/>
            <valueUri value="http://hl7.org/fhir/ca-bc/provider/CodeSystem/bc-practitioner-role-code-system|0.1.0"/>
          </parameter>
          <contains>
            <system value="http://hl7.org/fhir/ca-bc/provider/CodeSystem/bc-practitioner-role-code-system"/>
            <code value="org"/>
            <display value="org"/>
          </contains>
          <contains>
            <system value="http://hl7.org/fhir/ca-bc/provider/CodeSystem/bc-practitioner-role-code-system"/>
            <code value="OOP-MD"/>
            <display value="OOP-MD"/>
          </contains>
        </expansion>
      </ValueSet>
    </resource>
  </entry>
</Bundle>