{
  "resourceType" : "CodeSystem",
  "id" : "bc-service-type-code-system",
  "text" : {
    "status" : "generated",
    "div" : "<div xmlns=\"http://www.w3.org/1999/xhtml\"><p class=\"res-header-id\"><b>Generated Narrative: CodeSystem bc-service-type-code-system</b></p><a name=\"bc-service-type-code-system\"> </a><a name=\"hcbc-service-type-code-system\"> </a><a name=\"hcbc-service-type-code-system-en\"> </a><p>This case-sensitive code system <code>https://terminology.hlth.gov.bc.ca/ProviderLocationRegistry/CodeSystem/bc-service-type-code-system</code> defines the following codes:</p><table class=\"codes\"><tr><td style=\"white-space:nowrap\"><b>Code</b></td><td><b>Definition</b></td></tr><tr><td style=\"white-space:nowrap\">catalogue<a name=\"bc-service-type-code-system-catalogue\"> </a></td><td>BC Catalogue HealthCare Service</td></tr><tr><td style=\"white-space:nowrap\">clinical<a name=\"bc-service-type-code-system-clinical\"> </a></td><td>BC Clinical HealthCare Service</td></tr></table></div>"
  },
  "url" : "https://terminology.hlth.gov.bc.ca/ProviderLocationRegistry/CodeSystem/bc-service-type-code-system",
  "version" : "1.0.0",
  "name" : "ServiceTypeCS",
  "title" : "BC Service type codes",
  "status" : "active",
  "experimental" : false,
  "date" : "2024-07-03T22:12:04+00:00",
  "publisher" : "BC Ministry of Health",
  "contact" : [{
    "name" : "BC Ministry of Health",
    "telecom" : [{
      "system" : "url",
      "value" : "https://www2.gov.bc.ca/gov/content/governments/organizational-structure/ministries-organizations/ministries/health"
    }]
  }],
  "description" : "BC Service type Codes",
  "jurisdiction" : [{
    "coding" : [{
      "system" : "urn:iso:std:iso:3166",
      "code" : "CA",
      "display" : "Canada"
    }]
  }],
  "caseSensitive" : true,
  "content" : "complete",
  "count" : 2,
  "concept" : [{
    "code" : "catalogue",
    "display" : "catalogue",
    "definition" : "BC Catalogue HealthCare Service"
  },
  {
    "code" : "clinical",
    "display" : "clinical",
    "definition" : "BC Clinical HealthCare Service"
  }]
}