<?xml version="1.0" encoding="UTF-8"?>

<Bundle xmlns="http://hl7.org/fhir">
  <id value="Example-UpdatePractitioner-LicenseStatus-Bundle"/>
  <meta>
    <profile value="http://hlth.gov.bc.ca/fhir/provider/StructureDefinition/bc-practitioner-bundle"/>
  </meta>
  <type value="collection"/>
  <entry>
    <fullUrl value="https://plresb.hlth.gov.bc.ca/HSA-web/fhir-rs/Practitioner/IPC.00763481.BC.PRS"/>
    <resource>
      <Practitioner>
        <id value="IPC.00763481.BC.PRS"/>
        <meta>
          <profile value="http://hlth.gov.bc.ca/fhir/provider/StructureDefinition/bc-practitioner"/>
        </meta>
        <text>
          <status value="extensions"/><div xmlns="http://www.w3.org/1999/xhtml"><p><b>Generated Narrative: Practitioner</b><a name="IPC.00763481.BC.PRS"> </a></p><div style="display: inline-block; background-color: #d9e0e7; padding: 6px; margin: 4px; border: 1px solid #8da1b4; border-radius: 5px; line-height: 60%"><p style="margin-bottom: 0px">Resource Practitioner &quot;IPC.00763481.BC.PRS&quot; </p><p style="margin-bottom: 0px">Profile: <a href="StructureDefinition-bc-practitioner.html">BCPractitioner</a></p></div><blockquote><p><b>BC License Status Extension</b></p><blockquote><p><b>url</b></p><code>statusCode</code></blockquote><p><b>value</b>: inactive <span style="background: LightGoldenRodYellow; margin: 4px; border: 1px solid khaki"> (bc-license-status-code-system#inactive)</span></p><blockquote><p><b>url</b></p><code>statusReasonCode</code></blockquote><p><b>value</b>: LTP <span style="background: LightGoldenRodYellow; margin: 4px; border: 1px solid khaki"> (bc-license-status-reason-code-system#LTP)</span></p><blockquote><p><b>url</b></p><code>statusClassCode</code></blockquote><p><b>value</b>: LIC <span style="background: LightGoldenRodYellow; margin: 4px; border: 1px solid khaki"> (bc-license-status-class-code-system#LIC)</span></p><blockquote><p><b>url</b></p><code>period</code></blockquote><p><b>value</b>: 2022-06-24 --&gt; (ongoing)</p><blockquote><p><b>url</b></p><a href="StructureDefinition-bc-end-reason-extension.html">BC End Reason Extension</a></blockquote><p><b>value</b>: CHG <span style="background: LightGoldenRodYellow; margin: 4px; border: 1px solid khaki"> (bc-end-reason-code-system#CHG)</span></p></blockquote><p><b>identifier</b>: id: IPC.00763481.BC.PRS (period: 2000-01-01 --&gt; (ongoing))</p><p><b>name</b>: null </p></div>
        </text>
        <extension url="http://hlth.gov.bc.ca/fhir/provider/StructureDefinition/bc-license-status-extension">
          <extension url="statusCode">
            <valueCodeableConcept>
              <coding>
                <system value="https://terminology.hlth.gov.bc.ca/ProviderLocationRegistry/CodeSystem/bc-license-status-code-system"/>
                <code value="inactive"/>
              </coding>
            </valueCodeableConcept>
          </extension>
          <extension url="statusReasonCode">
            <valueCodeableConcept>
              <coding>
                <system value="https://terminology.hlth.gov.bc.ca/ProviderLocationRegistry/CodeSystem/bc-license-status-reason-code-system"/>
                <code value="LTP"/>
              </coding>
            </valueCodeableConcept>
          </extension>
          <extension url="statusClassCode">
            <valueCodeableConcept>
              <coding>
                <system value="https://terminology.hlth.gov.bc.ca/ProviderLocationRegistry/CodeSystem/bc-license-status-class-code-system"/>
                <code value="LIC"/>
              </coding>
            </valueCodeableConcept>
          </extension>
          <extension url="period">
            <valuePeriod>
              <start value="2022-06-24"/>
            </valuePeriod>
          </extension>
          <extension url="http://hlth.gov.bc.ca/fhir/provider/StructureDefinition/bc-end-reason-extension">
            <valueCodeableConcept>
              <coding>
                <system value="https://terminology.hlth.gov.bc.ca/ProviderLocationRegistry/CodeSystem/bc-end-reason-code-system"/>
                <code value="CHG"/>
              </coding>
            </valueCodeableConcept>
          </extension>
        </extension>
        <identifier>
          <system value="http://hlth.gov.bc.ca/fhir/provider/identifier-system/IPC"/>
          <value value="IPC.00763481.BC.PRS"/>
          <period>
            <start value="2000-01-01"/>
          </period>
        </identifier>
        <name>
          <family>
            <extension url="http://hl7.org/fhir/StructureDefinition/data-absent-reason">
              <valueCode value="not-applicable"/>
            </extension>
          </family>
        </name>
      </Practitioner>
    </resource>
  </entry>
  <entry>
    <fullUrl value="https://plresb.hlth.gov.bc.ca/HSA-web/fhir-rs/PractitionerRole/IPC.00763481.BC.PRS"/>
    <resource>
      <PractitionerRole>
        <id value="IPC.00763481.BC.PRS"/>
        <meta>
          <profile value="http://hlth.gov.bc.ca/fhir/provider/StructureDefinition/bc-practitioner-role"/>
        </meta>
        <text>
          <status value="generated"/><div xmlns="http://www.w3.org/1999/xhtml"><p><b>Generated Narrative: PractitionerRole</b><a name="IPC.00763481.BC.PRS"> </a></p><div style="display: inline-block; background-color: #d9e0e7; padding: 6px; margin: 4px; border: 1px solid #8da1b4; border-radius: 5px; line-height: 60%"><p style="margin-bottom: 0px">Resource PractitionerRole &quot;IPC.00763481.BC.PRS&quot; </p><p style="margin-bottom: 0px">Profile: <a href="StructureDefinition-bc-practitioner-role.html">BCPractitionerRole</a></p></div><p><b>practitioner</b>: <span/></p><p><b>code</b>: MD <span style="background: LightGoldenRodYellow; margin: 4px; border: 1px solid khaki"> (scptype#MD)</span></p></div>
        </text>
        <practitioner>
          <identifier>
            <system value="http://hlth.gov.bc.ca/fhir/provider/identifier-system/IPC"/>
            <value value="IPC.00763481.BC.PRS"/>
            <period>
              <start value="2000-01-01"/>
            </period>
          </identifier>
        </practitioner>
        <code>
          <coding>
            <system value="http://fhir.infoway-inforoute.ca/CodeSystem/scptype"/>
            <code value="MD"/>
          </coding>
        </code>
      </PractitionerRole>
    </resource>
  </entry>
</Bundle>