<?xml version="1.0" encoding="UTF-8"?>

<Bundle xmlns="http://hl7.org/fhir">
  <id value="Example-GET-Location-Response"/>
  <type value="searchset"/>
  <link>
    <relation value="self"/>
    <url value="https://plresb.hlth.gov.bc.ca/HSA-web/fhir-rs/Location/IFC.00047422.BC.PRS"/>
  </link>
  <entry>
    <fullUrl value="urn:uuid:3abd58f7-f226-4358-bdfd-2bb64bc93552"/>
    <resource>
      <OperationOutcome>
        <id value="Example-OperationOutcome-Success"/>
        <meta>
          <profile value="http://hlth.gov.bc.ca/fhir/provider/StructureDefinition/bc-operation-outcome"/>
        </meta>
        <text>
          <status value="generated"/><div xmlns="http://www.w3.org/1999/xhtml"><a name="OperationOutcome_Example-OperationOutcome-Success"> </a><p><b>Generated Narrative: OperationOutcome </b><a name="Example-OperationOutcome-Success"> </a><a name="hcExample-OperationOutcome-Success"> </a></p><div style="display: inline-block; background-color: #d9e0e7; padding: 6px; margin: 4px; border: 1px solid #8da1b4; border-radius: 5px; line-height: 60%"><p style="margin-bottom: 0px">ResourceOperationOutcome &quot;Example-OperationOutcome-Success&quot; </p><p style="margin-bottom: 0px">Profile: <a href="StructureDefinition-bc-operation-outcome.html">BCOperationOutcome</a></p></div><h3>Issues</h3><table class="grid"><tr><td style="display: none">-</td><td><b>Severity</b></td><td><b>Code</b></td><td><b>Details</b></td></tr><tr><td style="display: none">*</td><td>information</td><td>business-rule</td><td>Query successful <span style="background: LightGoldenRodYellow; margin: 4px; border: 1px solid khaki"> (bc-error-code-system#PRS.PRP.MTN.UNK.0.0.7067)</span></td></tr></table></div>
        </text>
        <issue>
          <severity value="information"/>
          <code value="business-rule"/>
          <details>
            <coding>
              <system value="https://terminology.hlth.gov.bc.ca/ProviderLocationRegistry/CodeSystem/bc-error-code-system"/>
              <code value="PRS.PRP.MTN.UNK.0.0.7067"/>
            </coding>
            <text value="Query successful"/>
          </details>
        </issue>
      </OperationOutcome>
    </resource>
    <search>
      <mode value="outcome"/>
    </search>
  </entry>
  <entry>
    <fullUrl value="https://plresb.hlth.gov.bc.ca/HSA-web/fhir-rs/Location/IFC.00047422.BC.PRS"/>
    <resource>
      <Location>
        <id value="IFC.00047422.BC.PRS"/>
        <meta>
          <profile value="http://hlth.gov.bc.ca/fhir/provider/StructureDefinition/bc-location"/>
        </meta>
        <text>
          <status value="extensions"/><div xmlns="http://www.w3.org/1999/xhtml"><a name="Location_IFC.00047422.BC.PRS"> </a><p><b>Generated Narrative: Location </b><a name="IFC.00047422.BC.PRS"> </a><a name="hcIFC.00047422.BC.PRS"> </a></p><div style="display: inline-block; background-color: #d9e0e7; padding: 6px; margin: 4px; border: 1px solid #8da1b4; border-radius: 5px; line-height: 60%"><p style="margin-bottom: 0px">ResourceLocation &quot;IFC.00047422.BC.PRS&quot; </p><p style="margin-bottom: 0px">Profile: <a href="StructureDefinition-bc-location.html">BCLocation</a></p></div><blockquote><p><b>BC Facility Health Service Area Extension</b></p><blockquote><p><b>url</b></p><a href="StructureDefinition-bc-facility-health-authority-extension.html">BC Facility Health Authority Area Extension</a></blockquote><p><b>value</b>: Interior</p><blockquote><p><b>url</b></p><a href="StructureDefinition-bc-facility-health-service-delivery-area-extension.html">BC Facility Health Service Delivery Area Extension</a></blockquote><p><b>value</b>: Interior Okanogan</p><blockquote><p><b>url</b></p><a href="StructureDefinition-bc-facility-local-health-area-extension.html">BC Facility Local Health Area Extension</a></blockquote><p><b>value</b>: Kelowna Area</p><p><b>code</b>: 3100</p><blockquote><p><b>url</b></p><a href="StructureDefinition-bc-facility-community-health-area-extension.html">BC Facility Community Health Service Area Extension</a></blockquote><p><b>code</b>: 30801</p><blockquote><p><b>url</b></p><a href="StructureDefinition-bc-facility-primary-care-network-extension.html">BC Facility Primary Care Network Extension</a></blockquote></blockquote><p><b>identifier</b>: <code>https://health.gov.bc.ca/fhir/NamingSystem/ca-bc-plr-ifc</code>/IFC.00047422.BC.PRS (period: 2000-01-01 --&gt; (ongoing))</p><p><b>name</b>: General Hospital</p><p><b>telecom</b>: fax: 55555555551, fax: 55555555555, <a href="ftp://someftp.com">ftp://someftp.com</a></p><p><b>address</b>: 1000 DOUGLAS ST Kelowna BC V6P7B8 CA </p><p><b>physicalType</b>: Building <span style="background: LightGoldenRodYellow; margin: 4px; border: 1px solid khaki"> (<a href="http://terminology.hl7.org/5.5.0/CodeSystem-location-physical-type.html">Location type</a>#bu)</span></p></div>
        </text>
        <extension url="http://hlth.gov.bc.ca/fhir/provider/StructureDefinition/bc-facility-health-service-area-extension">
          <extension url="http://hlth.gov.bc.ca/fhir/provider/StructureDefinition/bc-facility-health-authority-extension">
            <valueString value="Interior"/>
          </extension>
          <extension url="http://hlth.gov.bc.ca/fhir/provider/StructureDefinition/bc-facility-health-service-delivery-area-extension">
            <valueString value="Interior Okanogan"/>
          </extension>
          <extension url="http://hlth.gov.bc.ca/fhir/provider/StructureDefinition/bc-facility-local-health-area-extension">
            <valueString value="Kelowna Area"/>
          </extension>
          <extension url="http://hlth.gov.bc.ca/fhir/provider/StructureDefinition/bc-facility-community-health-area-extension">
            <extension url="code">
              <valueIdentifier>
                <value value="3100"/>
              </valueIdentifier>
            </extension>
            <extension url="name">
              <valueString value="Downtown Kelowna"/>
            </extension>
          </extension>
          <extension url="http://hlth.gov.bc.ca/fhir/provider/StructureDefinition/bc-facility-primary-care-network-extension">
            <extension url="code">
              <valueIdentifier>
                <value value="30801"/>
              </valueIdentifier>
            </extension>
            <extension url="name">
              <valueString value="Kelowna"/>
            </extension>
          </extension>
        </extension>
        <identifier>
          <system value="https://health.gov.bc.ca/fhir/NamingSystem/ca-bc-plr-ifc"/>
          <value value="IFC.00047422.BC.PRS"/>
          <period>
            <start value="2000-01-01"/>
          </period>
        </identifier>
        <name value="General Hospital">
          <extension url="http://hlth.gov.bc.ca/fhir/provider/StructureDefinition/bc-period-extension">
            <valuePeriod>
              <start value="2000-01-01"/>
            </valuePeriod>
          </extension>
        </name>
        <telecom>
          <extension url="http://hlth.gov.bc.ca/fhir/provider/StructureDefinition/bc-communication-purpose-code-extension">
            <valueCodeableConcept>
              <coding>
                <system value="https://terminology.hlth.gov.bc.ca/ProviderLocationRegistry/CodeSystem/bc-communication-purpose-code-system"/>
                <code value="BC"/>
              </coding>
            </valueCodeableConcept>
          </extension>
          <system value="fax"/>
          <value value="55555555551"/>
          <period>
            <start value="1982-03-04T00:00:00-07:00"/>
          </period>
        </telecom>
        <telecom>
          <extension url="http://hlth.gov.bc.ca/fhir/provider/StructureDefinition/bc-communication-purpose-code-extension">
            <valueCodeableConcept>
              <coding>
                <system value="https://terminology.hlth.gov.bc.ca/ProviderLocationRegistry/CodeSystem/bc-communication-purpose-code-system"/>
                <code value="HC"/>
              </coding>
            </valueCodeableConcept>
          </extension>
          <system value="fax"/>
          <value value="55555555555"/>
          <period>
            <start value="1981-04-04T00:00:00-07:00"/>
          </period>
        </telecom>
        <telecom>
          <extension url="http://hlth.gov.bc.ca/fhir/provider/StructureDefinition/bc-communication-purpose-code-extension">
            <valueCodeableConcept>
              <coding>
                <system value="https://terminology.hlth.gov.bc.ca/ProviderLocationRegistry/CodeSystem/bc-communication-purpose-code-system"/>
                <code value="MC"/>
              </coding>
            </valueCodeableConcept>
          </extension>
          <system value="url"/>
          <value value="ftp://someftp.com"/>
          <period>
            <start value="1991-01-01T00:00:00-07:00"/>
          </period>
        </telecom>
        <address>
          <extension url="http://hlth.gov.bc.ca/fhir/provider/StructureDefinition/bc-communication-purpose-code-extension">
            <valueCodeableConcept>
              <coding>
                <system value="https://terminology.hlth.gov.bc.ca/ProviderLocationRegistry/CodeSystem/bc-communication-purpose-code-system"/>
                <code value="BC"/>
              </coding>
            </valueCodeableConcept>
          </extension>
          <extension url="http://hlth.gov.bc.ca/fhir/provider/StructureDefinition/bc-address-validation-status-extension">
            <valueCodeableConcept>
              <coding>
                <system value="https://terminology.hlth.gov.bc.ca/ProviderLocationRegistry/CodeSystem/bc-address-validation-status-code-system"/>
                <code value="V"/>
              </coding>
            </valueCodeableConcept>
          </extension>
          <type value="postal"/>
          <line value="1000 DOUGLAS ST"/>
          <city value="Kelowna"/>
          <state value="BC"/>
          <postalCode value="V6P7B8"/>
          <country value="CA"/>
          <period>
            <start value="2000-01-01"/>
          </period>
        </address>
        <physicalType>
          <coding>
            <system value="http://terminology.hl7.org/CodeSystem/location-physical-type"/>
            <code value="bu"/>
          </coding>
        </physicalType>
      </Location>
    </resource>
    <search>
      <mode value="match"/>
    </search>
  </entry>
</Bundle>