<?xml version="1.0" encoding="UTF-8"?>

<Bundle xmlns="http://hl7.org/fhir">
  <id value="Example-DistributePractitioner-Bundle"/>
  <meta>
    <profile value="http://hl7.org/fhir/ca-bc/provider/StructureDefinition/bc-practitioner-bundle"/>
  </meta>
  <type value="collection"/>
  <entry>
    <fullUrl value="urn:uuid:67b11c73-c2ee-474f-ab64-56b863a1cc87"/>
    <resource>
      <Practitioner>
        <id value="Example-Practitioner-Response"/>
        <meta>
          <profile value="http://hl7.org/fhir/ca-bc/provider/StructureDefinition/bc-practitioner"/>
        </meta>
        <text>
          <status value="extensions"/><div xmlns="http://www.w3.org/1999/xhtml"><p><b>Generated Narrative: Practitioner</b><a name="Example-Practitioner-Response"> </a></p><div style="display: inline-block; background-color: #d9e0e7; padding: 6px; margin: 4px; border: 1px solid #8da1b4; border-radius: 5px; line-height: 60%"><p style="margin-bottom: 0px">Resource Practitioner "Example-Practitioner-Response" </p><p style="margin-bottom: 0px">Profile: <a href="StructureDefinition-bc-practitioner.html">BCPractitioner</a></p></div><p><b>BC Valid Period Extension</b>: 2012-12-07 --&gt; (ongoing)</p><p><b>BC Owner Extension</b>: id: ?ngen-9?</p><p><b>BC Birth Place Extension</b>: Ottawa CA </p><blockquote><p><b>BC License Status Extension</b></p><p><b>value</b>: suspended <span style="background: LightGoldenRodYellow; margin: 4px; border: 1px solid khaki"> (<a href="http://terminology.hl7.org/4.0.0/CodeSystem-v3-RoleStatus.html">RoleStatus</a>#suspended)</span></p><p><b>value</b>: LTP <span style="background: LightGoldenRodYellow; margin: 4px; border: 1px solid khaki"> (bc-status-reason-code#LTP)</span></p><p><b>value</b>: 2022-06-24 --&gt; (ongoing)</p><p><b>value</b>: id: ?ngen-9?</p></blockquote><blockquote><p><b>BC Practitioner Disciplinary Actions Extension</b></p><p><b>value</b>: id: DA-1</p><p><b>value</b>: Description</p><p><b>value</b>: 2000-01-01</p><p><b>value</b>: 1998-01-02 --&gt; (ongoing)</p><p><b>value</b>: false</p><p><b>value</b>: id: ?ngen-9?</p></blockquote><blockquote><p><b>BC Notes Extension</b></p><p><b>value</b>: id: Note-2</p><p><b>value</b>: Note text</p><p><b>value</b>: 1998-01-02 --&gt; (ongoing)</p><p><b>value</b>: id: ?ngen-9?</p></blockquote><blockquote><p><b>BC Practitioner Conditions Extension</b></p><p><b>value</b>: id: Condition-1</p><p><b>value</b>: false</p><p><b>value</b>: Restriction text</p><p><b>value</b>: EXP <span style="background: LightGoldenRodYellow; margin: 4px; border: 1px solid khaki"> (bc-condition-type-code#EXP)</span></p><p><b>value</b>: 1998-01-02 --&gt; (ongoing)</p><p><b>value</b>: id: ?ngen-9?</p></blockquote><blockquote><p><b>BC Confidentiality Extension</b></p><p><b>value</b>: 2000-01-01 --&gt; 2020-01-01</p><p><b>value</b>: restricted <span style="background: LightGoldenRodYellow; margin: 4px; border: 1px solid khaki"> (<a href="http://terminology.hl7.org/4.0.0/CodeSystem-v3-Confidentiality.html">Confidentiality</a>#R)</span></p><p><b>value</b>: id: ?ngen-9?</p></blockquote><blockquote><p><b>BC Practitioner to Practitioner Relationship Extension</b></p><p><b>value</b>: 2022-06-30 --&gt; (ongoing)</p><p><b>value</b>: <span></span></p><p><b>value</b>: WORKSAT <span style="background: LightGoldenRodYellow; margin: 4px; border: 1px solid khaki"> (bc-relationship-type-code#WORKSAT)</span></p><p><b>value</b>: id: ?ngen-9?</p></blockquote><p><b>identifier</b>: id: IPC.00147422.BC.PRS(period: 2000-01-01 --&gt; (ongoing)), id: CPN.00147422.BC.PRS(period: 2000-01-01 --&gt; (ongoing)), id: 123454(period: 2000-01-01 --&gt; (ongoing))</p><p><b>name</b>: GivenName FamilyName (OFFICIAL)</p><p><b>telecom</b>: ph: 2503424325</p><p><b>address</b>: 19 ST ADDRESS ADDRESSLINE2TXT ADDRESS ADDRESSLINE3TXT VICTORIA BC V6P7B8 CA </p><p><b>gender</b>: male</p><p><b>birthDate</b>: 1934-01-02</p><h3>Qualifications</h3><table class="grid"><tr><td>-</td><td><b>Extension</b></td><td><b>Code</b></td><td><b>Period</b></td><td><b>Issuer</b></td></tr><tr><td>*</td><td>, </td><td>BD <span style="background: LightGoldenRodYellow; margin: 4px; border: 1px solid khaki"> (<a href="http://terminology.hl7.org/4.0.0/CodeSystem-v3-scpqual.html">pan-Canadian Provider Qualification Types</a>#BD)</span></td><td>2000-01-01 --&gt; (ongoing)</td><td><a name="grantingInstitution"> </a><blockquote><p></p><p><a name="grantingInstitution"> </a></p><p><b>name</b>: University of Calgary</p><p><b>address</b>: CALGARY AB CA </p></blockquote></td></tr></table><p><b>communication</b>: EN <span style="background: LightGoldenRodYellow; margin: 4px; border: 1px solid khaki"> (bc-language-code#EN)</span></p><hr/><blockquote><p><b>Generated Narrative: Organization #grantingInstitution</b><a name="grantingInstitution"> </a></p><p><b>name</b>: University of Calgary</p><p><b>address</b>: CALGARY AB CA </p></blockquote></div>
        </text>
        <contained>
          <Organization>
            <id value="grantingInstitution"/>
            <meta>
              <profile value="http://hl7.org/fhir/ca-bc/provider/StructureDefinition/bc-organization"/>
            </meta>
            <name value="University of Calgary"/>
            <address>
              <city value="CALGARY"/>
              <state value="AB"/>
              <country value="CA"/>
            </address>
          </Organization>
        </contained>
        <extension url="http://hl7.org/fhir/ca-bc/provider/StructureDefinition/bc-period-extension">
          <valuePeriod>
            <start value="2012-12-07"/>
          </valuePeriod>
        </extension>
        <extension url="http://hl7.org/fhir/ca-bc/provider/StructureDefinition/bc-owner-extension">
          <valueIdentifier>
            <assigner>
              <display value="MOH"/>
            </assigner>
          </valueIdentifier>
        </extension>
        <extension url="http://hl7.org/fhir/ca-bc/provider/StructureDefinition/bc-birthplace-extension">
          <valueAddress>
            <city value="Ottawa"/>
            <country value="CA"/>
          </valueAddress>
        </extension>
        <extension url="http://hl7.org/fhir/ca-bc/provider/StructureDefinition/bc-license-status-extension">
          <extension url="statusCode">
            <valueCodeableConcept>
              <coding>
                <system value="http://terminology.hl7.org/CodeSystem/v3-RoleStatus"/>
                <code value="suspended"/>
              </coding>
            </valueCodeableConcept>
          </extension>
          <extension url="statusReasonCode">
            <valueCodeableConcept>
              <coding>
                <system value="https://plr.hlth.gov.bc.ca/plr/codes/bc-status-reason-code"/>
                <code value="LTP"/>
              </coding>
            </valueCodeableConcept>
          </extension>
          <extension url="period">
            <valuePeriod>
              <start value="2022-06-24"/>
            </valuePeriod>
          </extension>
          <extension url="http://hl7.org/fhir/ca-bc/provider/StructureDefinition/bc-owner-extension">
            <valueIdentifier>
              <assigner>
                <display value="MOH"/>
              </assigner>
            </valueIdentifier>
          </extension>
        </extension>
        <extension url="http://hl7.org/fhir/ca-bc/provider/StructureDefinition/bc-practitioner-disciplinary-action-extension">
          <extension url="identifier">
            <valueIdentifier>
              <value value="DA-1"/>
            </valueIdentifier>
          </extension>
          <extension url="description">
            <valueString value="Description"/>
          </extension>
          <extension url="archiveDate">
            <valueDateTime value="2000-01-01"/>
          </extension>
          <extension url="http://hl7.org/fhir/ca-bc/provider/StructureDefinition/bc-period-extension">
            <valuePeriod>
              <start value="1998-01-02"/>
            </valuePeriod>
          </extension>
          <extension url="displayFlag">
            <valueBoolean value="false"/>
          </extension>
          <extension url="http://hl7.org/fhir/ca-bc/provider/StructureDefinition/bc-owner-extension">
            <valueIdentifier>
              <assigner>
                <display value="MOH"/>
              </assigner>
            </valueIdentifier>
          </extension>
        </extension>
        <extension url="http://hl7.org/fhir/ca-bc/provider/StructureDefinition/bc-note-extension">
          <extension url="identifier">
            <valueIdentifier>
              <system value="https://plr.hlth.gov.bc.ca/plr/identifier-system/bc-note-id"/>
              <value value="Note-2"/>
            </valueIdentifier>
          </extension>
          <extension url="text">
            <valueString value="Note text"/>
          </extension>
          <extension url="http://hl7.org/fhir/ca-bc/provider/StructureDefinition/bc-period-extension">
            <valuePeriod>
              <start value="1998-01-02"/>
            </valuePeriod>
          </extension>
          <extension url="http://hl7.org/fhir/ca-bc/provider/StructureDefinition/bc-owner-extension">
            <valueIdentifier>
              <assigner>
                <display value="MOH"/>
              </assigner>
            </valueIdentifier>
          </extension>
        </extension>
        <extension url="http://hl7.org/fhir/ca-bc/provider/StructureDefinition/bc-practitioner-condition-extension">
          <extension url="identifier">
            <valueIdentifier>
              <system value="https://plr.hlth.gov.bc.ca/plr/identifier-system/bc-condition-id"/>
              <value value="Condition-1"/>
            </valueIdentifier>
          </extension>
          <extension url="restriction">
            <valueBoolean value="false"/>
          </extension>
          <extension url="restrictionText">
            <valueString value="Restriction text"/>
          </extension>
          <extension url="code">
            <valueCodeableConcept>
              <coding>
                <system value="https://plr.hlth.gov.bc.ca/plr/codes/bc-condition-type-code"/>
                <code value="EXP"/>
              </coding>
            </valueCodeableConcept>
          </extension>
          <extension url="http://hl7.org/fhir/ca-bc/provider/StructureDefinition/bc-period-extension">
            <valuePeriod>
              <start value="1998-01-02"/>
            </valuePeriod>
          </extension>
          <extension url="http://hl7.org/fhir/ca-bc/provider/StructureDefinition/bc-owner-extension">
            <valueIdentifier>
              <assigner>
                <display value="MOH"/>
              </assigner>
            </valueIdentifier>
          </extension>
        </extension>
        <extension url="http://hl7.org/fhir/ca-bc/provider/StructureDefinition/bc-confidentiality-extension">
          <extension url="http://hl7.org/fhir/ca-bc/provider/StructureDefinition/bc-period-extension">
            <valuePeriod>
              <start value="2000-01-01"/>
              <end value="2020-01-01"/>
            </valuePeriod>
          </extension>
          <extension url="code">
            <valueCodeableConcept>
              <coding>
                <system value="http://terminology.hl7.org/CodeSystem/v3-Confidentiality"/>
                <code value="R"/>
              </coding>
            </valueCodeableConcept>
          </extension>
          <extension url="http://hl7.org/fhir/ca-bc/provider/StructureDefinition/bc-owner-extension">
            <valueIdentifier>
              <assigner>
                <display value="MOH"/>
              </assigner>
            </valueIdentifier>
          </extension>
        </extension>
        <extension url="http://hl7.org/fhir/ca-bc/provider/StructureDefinition/bc-practitioner-relationship-extension">
          <extension url="http://hl7.org/fhir/ca-bc/provider/StructureDefinition/bc-period-extension">
            <valuePeriod>
              <start value="2022-06-30"/>
            </valuePeriod>
          </extension>
          <extension url="targetPractitioner">
            <valueReference>
              <identifier>
                <system value="https://plr.hlth.gov.bc.ca/plr/identifier-system/IPC"/>
                <value value="IPC.00763483.BC.PRS"/>
                <period>
                  <start value="2000-01-01"/>
                </period>
              </identifier>
            </valueReference>
          </extension>
          <extension url="relationshipType">
            <valueCodeableConcept>
              <coding>
                <system value="https://plr.hlth.gov.bc.ca/plr/codes/bc-relationship-type-code"/>
                <code value="WORKSAT"/>
              </coding>
            </valueCodeableConcept>
          </extension>
          <extension url="http://hl7.org/fhir/ca-bc/provider/StructureDefinition/bc-owner-extension">
            <valueIdentifier>
              <assigner>
                <display value="MOH"/>
              </assigner>
            </valueIdentifier>
          </extension>
        </extension>
        <identifier>
          <extension url="http://hl7.org/fhir/ca-bc/provider/StructureDefinition/bc-owner-extension">
            <valueIdentifier>
              <assigner>
                <display value="MOH"/>
              </assigner>
            </valueIdentifier>
          </extension>
          <system value="https://plr.hlth.gov.bc.ca/plr/identifier-system/IPC"/>
          <value value="IPC.00147422.BC.PRS"/>
          <period>
            <start value="2000-01-01"/>
          </period>
        </identifier>
        <identifier>
          <extension url="http://hl7.org/fhir/ca-bc/provider/StructureDefinition/bc-owner-extension">
            <valueIdentifier>
              <assigner>
                <display value="MOH"/>
              </assigner>
            </valueIdentifier>
          </extension>
          <system value="https://plr.hlth.gov.bc.ca/plr/identifier-system/CPN"/>
          <value value="CPN.00147422.BC.PRS"/>
          <period>
            <start value="2000-01-01"/>
          </period>
        </identifier>
        <identifier>
          <extension url="http://hl7.org/fhir/ca-bc/provider/StructureDefinition/bc-owner-extension">
            <valueIdentifier>
              <assigner>
                <display value="MOH"/>
              </assigner>
            </valueIdentifier>
          </extension>
          <system value="https://plr.hlth.gov.bc.ca/plr/identifier-system/CPSID"/>
          <value value="123454"/>
          <period>
            <start value="2000-01-01"/>
          </period>
        </identifier>
        <name>
          <extension url="http://hl7.org/fhir/ca-bc/provider/StructureDefinition/bc-owner-extension">
            <valueIdentifier>
              <assigner>
                <display value="MOH"/>
              </assigner>
            </valueIdentifier>
          </extension>
          <use value="official"/>
          <family value="FamilyName"/>
          <given value="GivenName"/>
          <period>
            <start value="2012-12-07"/>
          </period>
        </name>
        <telecom>
          <extension url="http://hl7.org/fhir/ca-bc/provider/StructureDefinition/bc-communication-purpose-code-extension">
            <valueCodeableConcept>
              <coding>
                <system value="https://plr.hlth.gov.bc.ca/plr/codes/bc-communication-purpose-code"/>
                <code value="BC"/>
              </coding>
            </valueCodeableConcept>
          </extension>
          <extension url="http://hl7.org/fhir/ca-bc/provider/StructureDefinition/bc-owner-extension">
            <valueIdentifier>
              <assigner>
                <display value="MOH"/>
              </assigner>
            </valueIdentifier>
          </extension>
          <system value="phone"/>
          <value value="2503424325"/>
          <period>
            <start value="2000-02-02"/>
          </period>
        </telecom>
        <address>
          <extension url="http://hl7.org/fhir/ca-bc/provider/StructureDefinition/bc-communication-purpose-code-extension">
            <valueCodeableConcept>
              <coding>
                <system value="https://plr.hlth.gov.bc.ca/plr/codes/bc-communication-purpose-code"/>
                <code value="BC"/>
              </coding>
            </valueCodeableConcept>
          </extension>
          <extension url="http://hl7.org/fhir/ca-bc/provider/StructureDefinition/bc-address-validation-status-extension">
            <valueCodeableConcept>
              <coding>
                <system value="https://plr.hlth.gov.bc.ca/plr/codes/bc-address-validation-status-code"/>
                <code value="V"/>
              </coding>
            </valueCodeableConcept>
          </extension>
          <extension url="http://hl7.org/fhir/ca-bc/provider/StructureDefinition/bc-owner-extension">
            <valueIdentifier>
              <assigner>
                <display value="PHSA"/>
              </assigner>
            </valueIdentifier>
          </extension>
          <type value="postal"/>
          <line value="19 ST"/>
          <line value="ADDRESS ADDRESSLINE2TXT"/>
          <line value="ADDRESS ADDRESSLINE3TXT"/>
          <city value="VICTORIA"/>
          <state value="BC"/>
          <postalCode value="V6P7B8"/>
          <country value="CA"/>
          <period>
            <start value="2000-01-01"/>
          </period>
        </address>
        <gender value="male"/>
        <birthDate value="1934-01-02">
          <extension url="http://hl7.org/fhir/ca-bc/provider/StructureDefinition/bc-birthtime-extension">
            <valueDateTime value="1951-11-12T00:00:01-06:00"/>
          </extension>
        </birthDate>
        <qualification>
          <extension url="http://hl7.org/fhir/ca-bc/provider/StructureDefinition/bc-practitioner-qualification-extension">
            <extension url="designation">
              <valueString value="Designation"/>
            </extension>
            <extension url="equivalencyFlag">
              <valueBoolean value="false"/>
            </extension>
            <extension url="registrationNumber">
              <valueString value="Registration No."/>
            </extension>
            <extension url="issuedDate">
              <valueDateTime value="2000-02-03"/>
            </extension>
          </extension>
          <extension url="http://hl7.org/fhir/ca-bc/provider/StructureDefinition/bc-owner-extension">
            <valueIdentifier>
              <assigner>
                <display value="MOH"/>
              </assigner>
            </valueIdentifier>
          </extension>
          <code>
            <coding>
              <system value="https://fhir.infoway-inforoute.ca/CodeSystem/scpqual"/>
              <code value="BD"/>
            </coding>
          </code>
          <period>
            <start value="2000-01-01"/>
          </period>
          <issuer>
            <reference value="#grantingInstitution"/>
          </issuer>
        </qualification>
        <communication>
          <extension url="http://hl7.org/fhir/ca-bc/provider/StructureDefinition/bc-period-extension">
            <valuePeriod>
              <start value="2000-01-01"/>
            </valuePeriod>
          </extension>
          <extension url="http://hl7.org/fhir/ca-bc/provider/StructureDefinition/bc-specialty-source-extension">
            <valueString value="Language Source"/>
          </extension>
          <extension url="http://hl7.org/fhir/ca-bc/provider/StructureDefinition/bc-owner-extension">
            <valueIdentifier>
              <assigner>
                <display value="MOH"/>
              </assigner>
            </valueIdentifier>
          </extension>
          <coding>
            <system value="https://plr.hlth.gov.bc.ca/plr/codes/bc-language-code"/>
            <code value="EN"/>
          </coding>
        </communication>
      </Practitioner>
    </resource>
  </entry>
  <entry>
    <fullUrl value="urn:uuid:e46a70b4-d0b9-4770-8ff6-989f4f847dc6"/>
    <resource>
      <PractitionerRole>
        <id value="Example-PractitionerRole-1-Role-FromPractitioner-Response"/>
        <meta>
          <profile value="http://hl7.org/fhir/ca-bc/provider/StructureDefinition/bc-practitioner-role"/>
        </meta>
        <text>
          <status value="generated"/><div xmlns="http://www.w3.org/1999/xhtml"><p><b>Generated Narrative: PractitionerRole</b><a name="Example-PractitionerRole-1-Role-FromPractitioner-Response"> </a></p><div style="display: inline-block; background-color: #d9e0e7; padding: 6px; margin: 4px; border: 1px solid #8da1b4; border-radius: 5px; line-height: 60%"><p style="margin-bottom: 0px">Resource PractitionerRole "Example-PractitionerRole-1-Role-FromPractitioner-Response" </p><p style="margin-bottom: 0px">Profile: <a href="StructureDefinition-bc-practitioner-role.html">BCPractitionerRole</a></p></div><p><b>practitioner</b>: <span></span></p><p><b>code</b>: MD <span style="background: LightGoldenRodYellow; margin: 4px; border: 1px solid khaki"> (<a href="http://terminology.hl7.org/4.0.0/CodeSystem-v3-scptype.html">pan-Canadian Provider Types</a>#MD)</span></p><p><b>specialty</b>: AMD53 <span style="background: LightGoldenRodYellow; margin: 4px; border: 1px solid khaki"> (<a href="http://terminology.hl7.org/4.0.0/CodeSystem-v3-scpqual.html">pan-Canadian Provider Qualification Types</a>#AMD53)</span></p></div>
        </text>
        <practitioner>
          <identifier>
            <extension url="http://hl7.org/fhir/ca-bc/provider/StructureDefinition/bc-owner-extension">
              <valueIdentifier>
                <assigner>
                  <display value="MOH"/>
                </assigner>
              </valueIdentifier>
            </extension>
            <system value="https://plr.hlth.gov.bc.ca/plr/identifier-system/IPC"/>
            <value value="IPC.00147422.BC.PRS"/>
            <period>
              <start value="2000-01-01"/>
            </period>
          </identifier>
        </practitioner>
        <code>
          <coding>
            <system value="https://fhir.infoway-inforoute.ca/CodeSystem/scptype"/>
            <code value="MD"/>
          </coding>
        </code>
        <specialty>
          <extension url="http://hl7.org/fhir/ca-bc/provider/StructureDefinition/bc-period-extension">
            <valuePeriod>
              <start value="2000-01-01"/>
              <end value="2020-01-01"/>
            </valuePeriod>
          </extension>
          <extension url="http://hl7.org/fhir/ca-bc/provider/StructureDefinition/bc-specialty-source-extension">
            <valueString value="Expertise source"/>
          </extension>
          <extension url="http://hl7.org/fhir/ca-bc/provider/StructureDefinition/bc-owner-extension">
            <valueIdentifier>
              <assigner>
                <display value="MOH"/>
              </assigner>
            </valueIdentifier>
          </extension>
          <coding>
            <system value="https://fhir.infoway-inforoute.ca/CodeSystem/scpqual"/>
            <code value="AMD53"/>
          </coding>
        </specialty>
      </PractitionerRole>
    </resource>
  </entry>
  <entry>
    <fullUrl value="urn:uuid:e06c8673-ddf5-4190-ba1e-dd43923a66c7"/>
    <resource>
      <PractitionerRole>
        <id value="Example-PractitionerRole-2-OrgRef-FromPractitioner"/>
        <meta>
          <profile value="http://hl7.org/fhir/ca-bc/provider/StructureDefinition/bc-role-relationships"/>
        </meta>
        <text>
          <status value="extensions"/><div xmlns="http://www.w3.org/1999/xhtml"><p><b>Generated Narrative: PractitionerRole</b><a name="Example-PractitionerRole-2-OrgRef-FromPractitioner"> </a></p><div style="display: inline-block; background-color: #d9e0e7; padding: 6px; margin: 4px; border: 1px solid #8da1b4; border-radius: 5px; line-height: 60%"><p style="margin-bottom: 0px">Resource PractitionerRole "Example-PractitionerRole-2-OrgRef-FromPractitioner" </p><p style="margin-bottom: 0px">Profile: <a href="StructureDefinition-bc-role-relationships.html">BCRoleRelationships</a></p></div><p><b>BC Practitioner to Organization or Practitioner to Practitioner Type Extension.</b>: EMPLOYEE <span style="background: LightGoldenRodYellow; margin: 4px; border: 1px solid khaki"> (bc-relationship-type-code#EMPLOYEE)</span></p><p><b>period</b>: 2000-01-01 --&gt; (ongoing)</p><p><b>practitioner</b>: <span></span></p><p><b>organization</b>: <span></span></p></div>
        </text>
        <extension url="http://hl7.org/fhir/ca-bc/provider/StructureDefinition/bc-relationship-type-extension">
          <valueCodeableConcept>
            <coding>
              <system value="https://plr.hlth.gov.bc.ca/plr/codes/bc-relationship-type-code"/>
              <code value="EMPLOYEE"/>
            </coding>
          </valueCodeableConcept>
        </extension>
        <period>
          <start value="2000-01-01"/>
        </period>
        <practitioner>
          <identifier>
            <system value="https://plr.hlth.gov.bc.ca/plr/identifier-system/IPC"/>
            <value value="IPC.00147422.BC.PRS"/>
            <period>
              <start value="2000-01-01"/>
            </period>
          </identifier>
        </practitioner>
        <organization>
          <identifier>
            <system value="https://plr.hlth.gov.bc.ca/plr/identifier-system/IPC"/>
            <value value="IPC.00147433.BC.PRS"/>
            <period>
              <start value="2000-01-01"/>
            </period>
          </identifier>
        </organization>
      </PractitionerRole>
    </resource>
  </entry>
  <entry>
    <fullUrl value="urn:uuid:529cd77a-8f57-4d2d-bf3d-38dc3c2c4ec9"/>
    <resource>
      <PractitionerRole>
        <id value="Example-PractitionerRole-3-LocRef-FromPractitioner"/>
        <meta>
          <profile value="http://hl7.org/fhir/ca-bc/provider/StructureDefinition/bc-role-relationships"/>
        </meta>
        <text>
          <status value="extensions"/><div xmlns="http://www.w3.org/1999/xhtml"><p><b>Generated Narrative: PractitionerRole</b><a name="Example-PractitionerRole-3-LocRef-FromPractitioner"> </a></p><div style="display: inline-block; background-color: #d9e0e7; padding: 6px; margin: 4px; border: 1px solid #8da1b4; border-radius: 5px; line-height: 60%"><p style="margin-bottom: 0px">Resource PractitionerRole "Example-PractitionerRole-3-LocRef-FromPractitioner" </p><p style="margin-bottom: 0px">Profile: <a href="StructureDefinition-bc-role-relationships.html">BCRoleRelationships</a></p></div><p><b>BC Practitioner to Location Type Extension.</b>: WORKSAT <span style="background: LightGoldenRodYellow; margin: 4px; border: 1px solid khaki"> (bc-location-relationship-type-code#WORKSAT)</span></p><p><b>period</b>: 2000-01-01 --&gt; (ongoing)</p><p><b>practitioner</b>: <span></span></p><p><b>location</b>: <span></span></p></div>
        </text>
        <extension url="http://hl7.org/fhir/ca-bc/provider/StructureDefinition/bc-location-relationship-type-extension">
          <valueCodeableConcept>
            <coding>
              <system value="https://plr.hlth.gov.bc.ca/plr/codes/bc-location-relationship-type-code"/>
              <code value="WORKSAT"/>
            </coding>
          </valueCodeableConcept>
        </extension>
        <period>
          <start value="2000-01-01"/>
        </period>
        <practitioner>
          <identifier>
            <system value="https://plr.hlth.gov.bc.ca/plr/identifier-system/IPC"/>
            <value value="IPC.00147422.BC.PRS"/>
            <period>
              <start value="2000-01-01"/>
            </period>
          </identifier>
        </practitioner>
        <location>
          <identifier>
            <system value="https://plr.hlth.gov.bc.ca/plr/identifier-system/IFC"/>
            <value value="IFC.00147422.BC.PRS"/>
            <period>
              <start value="2000-01-01"/>
            </period>
          </identifier>
        </location>
      </PractitionerRole>
    </resource>
  </entry>
</Bundle>