<?xml version="1.0" encoding="UTF-8"?>

<Bundle xmlns="http://hl7.org/fhir">
  <id value="Example-Batch-Bundle"/>
  <meta>
    <profile value="http://hlth.gov.bc.ca/fhir/provider/StructureDefinition/bc-batch-bundle"/>
  </meta>
  <type value="batch"/>
  <entry>
    <fullUrl value="urn:uuid:afe28d6d-4db2-49aa-96af-c115cdfc108c"/>
    <resource>
      <Bundle>
        <id value="Example-AddPractitioner-Bundle"/>
        <meta>
          <profile value="http://hlth.gov.bc.ca/fhir/provider/StructureDefinition/bc-practitioner-bundle"/>
        </meta>
        <type value="collection"/>
        <entry>
          <fullUrl value="urn:uuid:67b11c73-c2ee-474f-ab64-56b863a1cc87"/>
          <resource>
            <Practitioner>
              <id value="Example-AddPractitioner-Practitioner"/>
              <meta>
                <profile value="http://hlth.gov.bc.ca/fhir/provider/StructureDefinition/bc-practitioner"/>
              </meta>
              <contained>
                <Organization>
                  <id value="qualificationOrganization"/>
                  <meta>
                    <profile value="http://hlth.gov.bc.ca/fhir/provider/StructureDefinition/bc-organization"/>
                  </meta>
                  <name value="CREDENTIAL_CREDENTIALGRANTINGINSTTXT"/>
                  <address>
                    <city value="CALGARY"/>
                    <state value="AB"/>
                    <country value="CA"/>
                  </address>
                </Organization>
              </contained>
              <extension url="http://hlth.gov.bc.ca/fhir/provider/StructureDefinition/bc-license-status-extension">
                <extension url="statusCode">
                  <valueCodeableConcept>
                    <coding>
                      <system value="https://terminology.hlth.gov.bc.ca/ProviderLocationRegistry/CodeSystem/bc-license-status-code-system"/>
                      <code value="SUSPENDED"/>
                    </coding>
                  </valueCodeableConcept>
                </extension>
                <extension url="statusReasonCode">
                  <valueCodeableConcept>
                    <coding>
                      <system value="https://terminology.hlth.gov.bc.ca/ProviderLocationRegistry/CodeSystem/bc-license-status-reason-code-system"/>
                      <code value="LTP"/>
                    </coding>
                  </valueCodeableConcept>
                </extension>
                <extension url="statusClassCode">
                  <valueCodeableConcept>
                    <coding>
                      <system value="https://terminology.hlth.gov.bc.ca/ProviderLocationRegistry/CodeSystem/bc-license-status-class-code-system"/>
                      <code value="LIC"/>
                    </coding>
                  </valueCodeableConcept>
                </extension>
                <extension url="period">
                  <valuePeriod>
                    <start value="2022-06-24"/>
                  </valuePeriod>
                </extension>
              </extension>
              <extension url="http://hlth.gov.bc.ca/fhir/provider/StructureDefinition/bc-practitioner-disciplinary-action-extension">
                <extension url="identifier">
                  <valueIdentifier>
                    <value value="DA-1"/>
                  </valueIdentifier>
                </extension>
                <extension url="description">
                  <valueString value="Description"/>
                </extension>
                <extension url="archiveDate">
                  <valueDateTime value="2000-01-01"/>
                </extension>
                <extension url="http://hlth.gov.bc.ca/fhir/provider/StructureDefinition/bc-period-extension">
                  <valuePeriod>
                    <start value="1998-01-02"/>
                  </valuePeriod>
                </extension>
                <extension url="displayFlag">
                  <valueBoolean value="false"/>
                </extension>
              </extension>
              <extension url="http://hlth.gov.bc.ca/fhir/provider/StructureDefinition/bc-note-extension">
                <extension url="identifier">
                  <valueIdentifier>
                    <system value="http://hlth.gov.bc.ca/fhir/provider/identifier-system/bc-note-id"/>
                    <value value="Note-2"/>
                  </valueIdentifier>
                </extension>
                <extension url="text">
                  <valueString value="Note text"/>
                </extension>
                <extension url="http://hlth.gov.bc.ca/fhir/provider/StructureDefinition/bc-period-extension">
                  <valuePeriod>
                    <start value="1998-01-02"/>
                  </valuePeriod>
                </extension>
              </extension>
              <extension url="http://hlth.gov.bc.ca/fhir/provider/StructureDefinition/bc-practitioner-condition-extension">
                <extension url="identifier">
                  <valueIdentifier>
                    <system value="http://hlth.gov.bc.ca/fhir/provider/identifier-system/bc-condition-id"/>
                    <value value="Condition-1"/>
                  </valueIdentifier>
                </extension>
                <extension url="restriction">
                  <valueBoolean value="false"/>
                </extension>
                <extension url="restrictionText">
                  <valueString value="Restriction text"/>
                </extension>
                <extension url="code">
                  <valueCodeableConcept>
                    <coding>
                      <system value="https://terminology.hlth.gov.bc.ca/ProviderLocationRegistry/CodeSystem/bc-condition-type-code-system"/>
                      <code value="EXP"/>
                    </coding>
                  </valueCodeableConcept>
                </extension>
                <extension url="http://hlth.gov.bc.ca/fhir/provider/StructureDefinition/bc-period-extension">
                  <valuePeriod>
                    <start value="1998-01-02"/>
                  </valuePeriod>
                </extension>
              </extension>
              <extension url="http://hlth.gov.bc.ca/fhir/provider/StructureDefinition/bc-confidentiality-extension">
                <extension url="http://hlth.gov.bc.ca/fhir/provider/StructureDefinition/bc-period-extension">
                  <valuePeriod>
                    <start value="2000-01-01"/>
                    <end value="2020-01-01"/>
                  </valuePeriod>
                </extension>
                <extension url="code">
                  <valueCodeableConcept>
                    <coding>
                      <system value="http://terminology.hl7.org/CodeSystem/v3-Confidentiality"/>
                      <code value="R"/>
                    </coding>
                  </valueCodeableConcept>
                </extension>
              </extension>
              <extension url="http://hlth.gov.bc.ca/fhir/provider/StructureDefinition/bc-practitioner-deathdate-extension">
                <valueDateTime value="2000-02-01"/>
              </extension>
              <extension url="http://hlth.gov.bc.ca/fhir/provider/StructureDefinition/bc-period-extension">
                <valuePeriod>
                  <start value="2012-12-07"/>
                </valuePeriod>
              </extension>
              <extension url="http://hlth.gov.bc.ca/fhir/provider/StructureDefinition/bc-birthplace-extension">
                <valueAddress>
                  <city value="Ottawa"/>
                  <state value="ON"/>
                  <country value="CA"/>
                </valueAddress>
              </extension>
              <identifier>
                <system value="https://fhir.infoway-inforoute.ca/NamingSystem/ca-bc-license-physician"/>
                <value value="123454"/>
                <period>
                  <start value="2000-01-01"/>
                </period>
              </identifier>
              <active value="true"/>
              <name>
                <use value="official"/>
                <family value="FamilyName"/>
                <given value="GivenName"/>
                <period>
                  <start value="2012-12-07"/>
                </period>
              </name>
              <telecom>
                <extension url="http://hlth.gov.bc.ca/fhir/provider/StructureDefinition/bc-communication-purpose-code-extension">
                  <valueCodeableConcept>
                    <coding>
                      <system value="https://terminology.hlth.gov.bc.ca/ProviderLocationRegistry/CodeSystem/bc-communication-purpose-code-system"/>
                      <code value="BC"/>
                    </coding>
                  </valueCodeableConcept>
                </extension>
                <system value="phone"/>
                <value value="2501112234"/>
                <period>
                  <start value="2000-02-02"/>
                </period>
              </telecom>
              <address>
                <extension url="http://hlth.gov.bc.ca/fhir/provider/StructureDefinition/bc-communication-purpose-code-extension">
                  <valueCodeableConcept>
                    <coding>
                      <system value="https://terminology.hlth.gov.bc.ca/ProviderLocationRegistry/CodeSystem/bc-communication-purpose-code-system"/>
                      <code value="BC"/>
                    </coding>
                  </valueCodeableConcept>
                </extension>
                <extension url="http://hlth.gov.bc.ca/fhir/provider/StructureDefinition/bc-address-validation-status-extension">
                  <valueCodeableConcept>
                    <coding>
                      <system value="https://terminology.hlth.gov.bc.ca/ProviderLocationRegistry/CodeSystem/bc-address-validation-status-code-system"/>
                      <code value="V"/>
                    </coding>
                  </valueCodeableConcept>
                </extension>
                <type value="postal"/>
                <line value="1000 DOUGLAS ST"/>
                <city value="Kelowna"/>
                <state value="BC"/>
                <postalCode value="V6P7B8"/>
                <country value="CA"/>
                <period>
                  <start value="2000-01-01"/>
                </period>
              </address>
              <gender value="female"/>
              <birthDate value="1934-01-02">
                <extension url="http://hlth.gov.bc.ca/fhir/provider/StructureDefinition/bc-birthtime-extension">
                  <valueDateTime value="1951-11-12T00:00:01-06:00"/>
                </extension>
              </birthDate>
              <qualification>
                <extension url="http://hlth.gov.bc.ca/fhir/provider/StructureDefinition/bc-practitioner-qualification-extension">
                  <extension url="designation">
                    <valueString value="designation"/>
                  </extension>
                  <extension url="equivalencyFlag">
                    <valueBoolean value="true"/>
                  </extension>
                  <extension url="registrationNumber">
                    <valueString value="registration number"/>
                  </extension>
                  <extension url="issuedDate">
                    <valueDateTime value="2000-01-01"/>
                  </extension>
                </extension>
                <code>
                  <coding>
                    <system value="http://fhir.infoway-inforoute.ca/CodeSystem/scpqual"/>
                    <code value="BD"/>
                  </coding>
                  <text value="CREDENTIAL_CREDENTIALDESIGNATIONTXT"/>
                </code>
                <period>
                  <start value="2000-01-01"/>
                  <end value="2020-01-01"/>
                </period>
                <issuer>
                  <reference value="#qualificationOrganization"/>
                </issuer>
              </qualification>
              <communication>
                <extension url="http://hlth.gov.bc.ca/fhir/provider/StructureDefinition/bc-period-extension">
                  <valuePeriod>
                    <start value="2000-01-01"/>
                  </valuePeriod>
                </extension>
                <coding>
                  <system value="https://terminology.hlth.gov.bc.ca/ProviderLocationRegistry/CodeSystem/bc-language-code-system"/>
                  <code value="B01"/>
                </coding>
              </communication>
            </Practitioner>
          </resource>
        </entry>
        <entry>
          <fullUrl value="urn:uuid:f431631b-ed68-4716-80be-cca6904309fc"/>
          <resource>
            <PractitionerRole>
              <id value="Example-PractitionerRole-Role-FromPrac-CPSID"/>
              <meta>
                <profile value="http://hlth.gov.bc.ca/fhir/provider/StructureDefinition/bc-practitioner-role"/>
              </meta>
              <practitioner>
                <identifier>
                  <system value="https://fhir.infoway-inforoute.ca/NamingSystem/ca-bc-license-physician"/>
                  <value value="123454"/>
                  <period>
                    <start value="2000-01-01"/>
                  </period>
                </identifier>
              </practitioner>
              <code>
                <coding>
                  <system value="http://fhir.infoway-inforoute.ca/CodeSystem/scptype"/>
                  <code value="MD"/>
                </coding>
              </code>
              <specialty>
                <extension url="http://hlth.gov.bc.ca/fhir/provider/StructureDefinition/bc-period-extension">
                  <valuePeriod>
                    <start value="2000-01-01"/>
                    <end value="2020-01-01"/>
                  </valuePeriod>
                </extension>
                <extension url="http://hlth.gov.bc.ca/fhir/provider/StructureDefinition/bc-specialty-source-extension">
                  <valueString value="Expertise source"/>
                </extension>
                <coding>
                  <system value="http://fhir.infoway-inforoute.ca/CodeSystem/scpqual"/>
                  <code value="AMD53"/>
                </coding>
              </specialty>
            </PractitionerRole>
          </resource>
        </entry>
      </Bundle>
    </resource>
    <request>
      <method value="PUT"/>
      <url value="https://plr.hlth.gov.bc.ca/HSA-web/fhir-rs/$maintain"/>
    </request>
  </entry>
  <entry>
    <fullUrl value="urn:uuid:afe28d6d-4db2-49aa-96af-c115cdfc108c"/>
    <resource>
      <Bundle>
        <id value="Example-UpdatePractitioner-Bundle"/>
        <meta>
          <profile value="http://hlth.gov.bc.ca/fhir/provider/StructureDefinition/bc-practitioner-bundle"/>
        </meta>
        <type value="collection"/>
        <entry>
          <fullUrl value="https://plresb.hlth.gov.bc.ca/HSA-web/fhir-rs/Practitioner/IPC.00147433.BC.PRS"/>
          <resource>
            <Practitioner>
              <id value="IPC.00147433.BC.PRS"/>
              <meta>
                <profile value="http://hlth.gov.bc.ca/fhir/provider/StructureDefinition/bc-practitioner"/>
              </meta>
              <extension url="http://hlth.gov.bc.ca/fhir/provider/StructureDefinition/bc-license-status-extension">
                <extension url="statusCode">
                  <valueCodeableConcept>
                    <coding>
                      <system value="https://terminology.hlth.gov.bc.ca/ProviderLocationRegistry/CodeSystem/bc-license-status-code-system"/>
                      <code value="INACTIVE"/>
                    </coding>
                  </valueCodeableConcept>
                </extension>
                <extension url="statusReasonCode">
                  <valueCodeableConcept>
                    <coding>
                      <system value="https://terminology.hlth.gov.bc.ca/ProviderLocationRegistry/CodeSystem/bc-license-status-reason-code-system"/>
                      <code value="LTP"/>
                    </coding>
                  </valueCodeableConcept>
                </extension>
                <extension url="statusClassCode">
                  <valueCodeableConcept>
                    <coding>
                      <system value="https://terminology.hlth.gov.bc.ca/ProviderLocationRegistry/CodeSystem/bc-license-status-class-code-system"/>
                      <code value="LIC"/>
                    </coding>
                  </valueCodeableConcept>
                </extension>
                <extension url="period">
                  <valuePeriod>
                    <start value="2022-06-24"/>
                  </valuePeriod>
                </extension>
                <extension url="http://hlth.gov.bc.ca/fhir/provider/StructureDefinition/bc-end-reason-extension">
                  <valueCodeableConcept>
                    <coding>
                      <system value="https://terminology.hlth.gov.bc.ca/ProviderLocationRegistry/CodeSystem/bc-end-reason-code-system"/>
                      <code value="CHG"/>
                    </coding>
                  </valueCodeableConcept>
                </extension>
              </extension>
              <extension url="http://hlth.gov.bc.ca/fhir/provider/StructureDefinition/bc-practitioner-disciplinary-action-extension">
                <extension url="identifier">
                  <valueIdentifier>
                    <value value="DA-1"/>
                  </valueIdentifier>
                </extension>
                <extension url="description">
                  <valueString value="Description"/>
                </extension>
                <extension url="archiveDate">
                  <valueDateTime value="2000-01-01"/>
                </extension>
                <extension url="http://hlth.gov.bc.ca/fhir/provider/StructureDefinition/bc-period-extension">
                  <valuePeriod>
                    <start value="1998-01-02"/>
                  </valuePeriod>
                </extension>
                <extension url="displayFlag">
                  <valueBoolean value="false"/>
                </extension>
                <extension url="http://hlth.gov.bc.ca/fhir/provider/StructureDefinition/bc-end-reason-extension">
                  <valueCodeableConcept>
                    <coding>
                      <system value="https://terminology.hlth.gov.bc.ca/ProviderLocationRegistry/CodeSystem/bc-end-reason-code-system"/>
                      <code value="CHG"/>
                    </coding>
                  </valueCodeableConcept>
                </extension>
              </extension>
              <extension url="http://hlth.gov.bc.ca/fhir/provider/StructureDefinition/bc-note-extension">
                <extension url="identifier">
                  <valueIdentifier>
                    <system value="http://hlth.gov.bc.ca/fhir/provider/identifier-system/bc-note-id"/>
                    <value value="Note-3"/>
                  </valueIdentifier>
                </extension>
                <extension url="text">
                  <valueString value="Note text"/>
                </extension>
                <extension url="http://hlth.gov.bc.ca/fhir/provider/StructureDefinition/bc-period-extension">
                  <valuePeriod>
                    <start value="1998-01-02"/>
                  </valuePeriod>
                </extension>
                <extension url="http://hlth.gov.bc.ca/fhir/provider/StructureDefinition/bc-end-reason-extension">
                  <valueCodeableConcept>
                    <coding>
                      <system value="https://terminology.hlth.gov.bc.ca/ProviderLocationRegistry/CodeSystem/bc-end-reason-code-system"/>
                      <code value="CHG"/>
                    </coding>
                  </valueCodeableConcept>
                </extension>
              </extension>
              <extension url="http://hlth.gov.bc.ca/fhir/provider/StructureDefinition/bc-practitioner-condition-extension">
                <extension url="identifier">
                  <valueIdentifier>
                    <system value="http://hlth.gov.bc.ca/fhir/provider/identifier-system/bc-condition-id"/>
                    <value value="Condition-2"/>
                  </valueIdentifier>
                </extension>
                <extension url="restriction">
                  <valueBoolean value="false"/>
                </extension>
                <extension url="restrictionText">
                  <valueString value="Restriction text"/>
                </extension>
                <extension url="code">
                  <valueCodeableConcept>
                    <coding>
                      <system value="https://terminology.hlth.gov.bc.ca/ProviderLocationRegistry/CodeSystem/bc-condition-type-code-system"/>
                      <code value="EXP"/>
                    </coding>
                  </valueCodeableConcept>
                </extension>
                <extension url="http://hlth.gov.bc.ca/fhir/provider/StructureDefinition/bc-period-extension">
                  <valuePeriod>
                    <start value="1998-01-02"/>
                  </valuePeriod>
                </extension>
                <extension url="http://hlth.gov.bc.ca/fhir/provider/StructureDefinition/bc-end-reason-extension">
                  <valueCodeableConcept>
                    <coding>
                      <system value="https://terminology.hlth.gov.bc.ca/ProviderLocationRegistry/CodeSystem/bc-end-reason-code-system"/>
                      <code value="CHG"/>
                    </coding>
                  </valueCodeableConcept>
                </extension>
              </extension>
              <extension url="http://hlth.gov.bc.ca/fhir/provider/StructureDefinition/bc-confidentiality-extension">
                <extension url="http://hlth.gov.bc.ca/fhir/provider/StructureDefinition/bc-period-extension">
                  <valuePeriod>
                    <start value="2000-01-01"/>
                    <end value="2020-01-01"/>
                  </valuePeriod>
                </extension>
                <extension url="code">
                  <valueCodeableConcept>
                    <coding>
                      <system value="http://terminology.hl7.org/CodeSystem/v3-Confidentiality"/>
                      <code value="R"/>
                    </coding>
                  </valueCodeableConcept>
                </extension>
                <extension url="http://hlth.gov.bc.ca/fhir/provider/StructureDefinition/bc-end-reason-extension">
                  <valueCodeableConcept>
                    <coding>
                      <system value="https://terminology.hlth.gov.bc.ca/ProviderLocationRegistry/CodeSystem/bc-end-reason-code-system"/>
                      <code value="CEASE"/>
                    </coding>
                  </valueCodeableConcept>
                </extension>
              </extension>
              <extension url="http://hlth.gov.bc.ca/fhir/provider/StructureDefinition/bc-period-extension">
                <valuePeriod>
                  <start value="2012-12-07"/>
                </valuePeriod>
              </extension>
              <extension url="http://hlth.gov.bc.ca/fhir/provider/StructureDefinition/bc-birthplace-extension">
                <valueAddress>
                  <city value="Ottawa"/>
                  <state value="ON"/>
                  <country value="CA"/>
                </valueAddress>
              </extension>
              <extension url="http://hlth.gov.bc.ca/fhir/provider/StructureDefinition/bc-end-reason-extension">
                <valueCodeableConcept>
                  <coding>
                    <system value="https://terminology.hlth.gov.bc.ca/ProviderLocationRegistry/CodeSystem/bc-end-reason-code-system"/>
                    <code value="CHG"/>
                  </coding>
                </valueCodeableConcept>
              </extension>
              <identifier>
                <system value="https://health.gov.bc.ca/fhir/NamingSystem/ca-bc-plr-ipc"/>
                <value value="IPC.00147433.BC.PRS"/>
                <period>
                  <start value="2000-01-01"/>
                </period>
              </identifier>
              <name>
                <extension url="http://hlth.gov.bc.ca/fhir/provider/StructureDefinition/bc-end-reason-extension">
                  <valueCodeableConcept>
                    <coding>
                      <system value="https://terminology.hlth.gov.bc.ca/ProviderLocationRegistry/CodeSystem/bc-end-reason-code-system"/>
                      <code value="CHG"/>
                    </coding>
                  </valueCodeableConcept>
                </extension>
                <use value="usual"/>
                <family value="FamilyName"/>
                <given value="GivenName"/>
                <period>
                  <start value="2012-12-07"/>
                </period>
              </name>
              <telecom>
                <extension url="http://hlth.gov.bc.ca/fhir/provider/StructureDefinition/bc-communication-purpose-code-extension">
                  <valueCodeableConcept>
                    <coding>
                      <system value="https://terminology.hlth.gov.bc.ca/ProviderLocationRegistry/CodeSystem/bc-communication-purpose-code-system"/>
                      <code value="BC"/>
                    </coding>
                  </valueCodeableConcept>
                </extension>
                <extension url="http://hlth.gov.bc.ca/fhir/provider/StructureDefinition/bc-end-reason-extension">
                  <valueCodeableConcept>
                    <coding>
                      <system value="https://terminology.hlth.gov.bc.ca/ProviderLocationRegistry/CodeSystem/bc-end-reason-code-system"/>
                      <code value="CHG"/>
                    </coding>
                  </valueCodeableConcept>
                </extension>
                <system value="phone"/>
                <value value="2502222234"/>
                <period>
                  <start value="2000-02-02"/>
                </period>
              </telecom>
              <telecom>
                <extension url="http://hlth.gov.bc.ca/fhir/provider/StructureDefinition/bc-communication-purpose-code-extension">
                  <valueCodeableConcept>
                    <coding>
                      <system value="https://terminology.hlth.gov.bc.ca/ProviderLocationRegistry/CodeSystem/bc-communication-purpose-code-system"/>
                      <code value="BC"/>
                    </coding>
                  </valueCodeableConcept>
                </extension>
                <extension url="http://hlth.gov.bc.ca/fhir/provider/StructureDefinition/bc-end-reason-extension">
                  <valueCodeableConcept>
                    <coding>
                      <system value="https://terminology.hlth.gov.bc.ca/ProviderLocationRegistry/CodeSystem/bc-end-reason-code-system"/>
                      <code value="CHG"/>
                    </coding>
                  </valueCodeableConcept>
                </extension>
                <system value="email"/>
                <value value="bob@email.com"/>
                <period>
                  <start value="2000-02-02"/>
                </period>
              </telecom>
              <address>
                <extension url="http://hlth.gov.bc.ca/fhir/provider/StructureDefinition/bc-communication-purpose-code-extension">
                  <valueCodeableConcept>
                    <coding>
                      <system value="https://terminology.hlth.gov.bc.ca/ProviderLocationRegistry/CodeSystem/bc-communication-purpose-code-system"/>
                      <code value="BC"/>
                    </coding>
                  </valueCodeableConcept>
                </extension>
                <extension url="http://hlth.gov.bc.ca/fhir/provider/StructureDefinition/bc-end-reason-extension">
                  <valueCodeableConcept>
                    <coding>
                      <system value="https://terminology.hlth.gov.bc.ca/ProviderLocationRegistry/CodeSystem/bc-end-reason-code-system"/>
                      <code value="CHG"/>
                    </coding>
                  </valueCodeableConcept>
                </extension>
                <type value="postal"/>
                <line value="1000 DOUGLAS ST"/>
                <city value="VICTORIA"/>
                <state value="BC"/>
                <postalCode value="V6P7B8"/>
                <country value="CA"/>
                <period>
                  <start value="2000-01-01"/>
                </period>
              </address>
              <gender value="male"/>
              <birthDate value="1934-01-02">
                <extension url="http://hlth.gov.bc.ca/fhir/provider/StructureDefinition/bc-birthtime-extension">
                  <valueDateTime value="1951-11-12T00:00:01-06:00"/>
                </extension>
              </birthDate>
            </Practitioner>
          </resource>
        </entry>
        <entry>
          <fullUrl value="https://plresb.hlth.gov.bc.ca/HSA-web/fhir-rs/PractitionerRole/IPC.00147433.BC.PRS"/>
          <resource>
            <PractitionerRole>
              <id value="IPC.00147433.BC.PRS"/>
              <meta>
                <profile value="http://hlth.gov.bc.ca/fhir/provider/StructureDefinition/bc-practitioner-role"/>
              </meta>
              <practitioner>
                <identifier>
                  <system value="https://health.gov.bc.ca/fhir/NamingSystem/ca-bc-plr-ipc"/>
                  <value value="IPC.00147433.BC.PRS"/>
                  <period>
                    <start value="2000-01-01"/>
                  </period>
                </identifier>
              </practitioner>
              <code>
                <coding>
                  <system value="http://fhir.infoway-inforoute.ca/CodeSystem/scptype"/>
                  <code value="MD"/>
                </coding>
              </code>
              <specialty>
                <extension url="http://hlth.gov.bc.ca/fhir/provider/StructureDefinition/bc-period-extension">
                  <valuePeriod>
                    <start value="2000-01-01"/>
                    <end value="2020-01-01"/>
                  </valuePeriod>
                </extension>
                <extension url="http://hlth.gov.bc.ca/fhir/provider/StructureDefinition/bc-specialty-source-extension">
                  <valueString value="Expertise source"/>
                </extension>
                <extension url="http://hlth.gov.bc.ca/fhir/provider/StructureDefinition/bc-end-reason-extension">
                  <valueCodeableConcept>
                    <coding>
                      <system value="https://terminology.hlth.gov.bc.ca/ProviderLocationRegistry/CodeSystem/bc-end-reason-code-system"/>
                      <code value="CHG"/>
                    </coding>
                  </valueCodeableConcept>
                </extension>
                <coding>
                  <system value="http://fhir.infoway-inforoute.ca/CodeSystem/scpqual"/>
                  <code value="AMD53"/>
                </coding>
              </specialty>
            </PractitionerRole>
          </resource>
        </entry>
        <entry>
          <fullUrl value="https://plresb.hlth.gov.bc.ca/HSA-web/fhir-rs/PractitionerRole/RELN.12373.PRS"/>
          <resource>
            <PractitionerRole>
              <id value="RELN.12373.PRS"/>
              <meta>
                <profile value="http://hlth.gov.bc.ca/fhir/provider/StructureDefinition/bc-role-relationships"/>
              </meta>
              <extension url="http://hlth.gov.bc.ca/fhir/provider/StructureDefinition/bc-relationship-type-extension">
                <valueCodeableConcept>
                  <coding>
                    <system value="https://terminology.hlth.gov.bc.ca/ProviderLocationRegistry/CodeSystem/bc-relationship-type-code-system"/>
                    <code value="EE"/>
                  </coding>
                </valueCodeableConcept>
              </extension>
              <extension url="http://hlth.gov.bc.ca/fhir/provider/StructureDefinition/bc-end-reason-extension">
                <valueCodeableConcept>
                  <coding>
                    <system value="https://terminology.hlth.gov.bc.ca/ProviderLocationRegistry/CodeSystem/bc-end-reason-code-system"/>
                    <code value="CHG"/>
                  </coding>
                </valueCodeableConcept>
              </extension>
              <period>
                <start value="2000-01-01"/>
              </period>
              <practitioner>
                <identifier>
                  <system value="https://health.gov.bc.ca/fhir/NamingSystem/ca-bc-plr-ipc"/>
                  <value value="IPC.00147433.BC.PRS"/>
                  <period>
                    <start value="2000-01-01"/>
                  </period>
                </identifier>
              </practitioner>
              <organization>
                <identifier>
                  <extension url="http://hlth.gov.bc.ca/fhir/provider/StructureDefinition/bc-owner-extension">
                    <valueIdentifier>
                      <assigner>
                        <display value="MOH"/>
                      </assigner>
                    </valueIdentifier>
                  </extension>
                  <system value="https://health.gov.bc.ca/fhir/NamingSystem/ca-bc-plr-ipc"/>
                  <value value="IPC.00147436.BC.PRS"/>
                  <period>
                    <start value="2000-01-01"/>
                  </period>
                </identifier>
              </organization>
            </PractitionerRole>
          </resource>
        </entry>
      </Bundle>
    </resource>
    <request>
      <method value="PUT"/>
      <url value="https://plr.hlth.gov.bc.ca/HSA-web/fhir-rs/$maintain"/>
    </request>
  </entry>
</Bundle>