<?xml version="1.0" encoding="UTF-8"?>

<Bundle xmlns="http://hl7.org/fhir">
  <id value="Example-UpdateOrganization-Bundle"/>
  <meta>
    <profile value="http://hl7.org/fhir/ca-bc/provider/StructureDefinition/bc-organization-bundle"/>
  </meta>
  <type value="collection"/>
  <entry>
    <fullUrl value="urn:uuid:e24cfa57-5e07-4e5b-b229-0e65c74de7bf"/>
    <resource>
      <Organization>
        <id value="Example-Organization-1-Update"/>
        <meta>
          <profile value="http://hl7.org/fhir/ca-bc/provider/StructureDefinition/bc-organization"/>
        </meta>
        <text>
          <status value="extensions"/><div xmlns="http://www.w3.org/1999/xhtml"><p><b>Generated Narrative: Organization</b></p><div style="display: inline-block; background-color: #d9e0e7; padding: 6px; margin: 4px; border: 1px solid #8da1b4; border-radius: 5px; line-height: 60%"><p style="margin-bottom: 0px">Resource Organization "Example-Organization-1-Update" </p><p style="margin-bottom: 0px">Profile: <a href="StructureDefinition-bc-organization.html">BCOrganization</a></p></div><blockquote><p><b>BC Notes Extension</b></p><p><b>value</b>: id: Note-3</p><p><b>value</b>: Note text</p><p><b>value</b>: 1998-01-02 --&gt; (ongoing)</p><p><b>value</b>: CHG <span style="background: LightGoldenRodYellow; margin: 4px; border: 1px solid khaki"> (bc-end-reason-code#CHG)</span></p></blockquote><p><b>identifier</b>: id: 123123123</p><p><b>active</b>: true</p><p><b>name</b>: Kelowna Clinic</p><p><b>alias</b>: ABC Clinic - Kelowna</p><p><b>telecom</b>: ph: -unknown-</p><p><b>address</b>: 1000 DOUGLAS ST VICTORIA BC V6P7B8 CA </p></div>
        </text>
        <extension url="http://hl7.org/fhir/ca-bc/provider/StructureDefinition/bc-note-extension">
          <extension url="identifier">
            <valueIdentifier>
              <system value="https://plr.hlth.gov.bc.ca/plr/identifier-system/bc-note-id"/>
              <value value="Note-3"/>
            </valueIdentifier>
          </extension>
          <extension url="text">
            <valueString value="Note text"/>
          </extension>
          <extension url="http://hl7.org/fhir/ca-bc/provider/StructureDefinition/bc-period-extension">
            <valuePeriod>
              <start value="1998-01-02"/>
            </valuePeriod>
          </extension>
          <extension url="http://hl7.org/fhir/ca-bc/provider/StructureDefinition/bc-end-reason-extension">
            <valueCodeableConcept>
              <coding>
                <system value="https://plr.hlth.gov.bc.ca/plr/codes/bc-end-reason-code"/>
                <code value="CHG"/>
              </coding>
            </valueCodeableConcept>
          </extension>
        </extension>
        <identifier>
          <system value="https://plr.hlth.gov.bc.ca/plr/identifier-system/ORGID"/>
          <value value="123123123"/>
          <period>
            <start value="2000-01-01"/>
          </period>
        </identifier>
        <active value="true"/>
        <name value="Kelowna Clinic">
          <extension url="http://hl7.org/fhir/ca-bc/provider/StructureDefinition/bc-name-use-extension">
            <valueCode value="official"/>
          </extension>
          <extension url="http://hl7.org/fhir/ca-bc/provider/StructureDefinition/bc-period-extension">
            <valuePeriod>
              <start value="2014-01-31T00:00:00-07:00"/>
            </valuePeriod>
          </extension>
          <extension url="http://hl7.org/fhir/ca-bc/provider/StructureDefinition/bc-end-reason-extension">
            <valueCodeableConcept>
              <coding>
                <system value="https://plr.hlth.gov.bc.ca/plr/codes/bc-end-reason-code"/>
                <code value="CHG"/>
              </coding>
            </valueCodeableConcept>
          </extension>
        </name>
        <alias value="ABC Clinic - Kelowna"/>
        <telecom>
          <extension url="http://hl7.org/fhir/StructureDefinition/contactpoint-area">
            <valueString value="250"/>
          </extension>
          <extension url="http://hl7.org/fhir/StructureDefinition/contactpoint-country">
            <valueString value="1"/>
          </extension>
          <extension url="http://hl7.org/fhir/StructureDefinition/contactpoint-local">
            <valueString value="1112234"/>
          </extension>
          <extension url="http://hl7.org/fhir/StructureDefinition/contactpoint-extension">
            <valueString value="3432"/>
          </extension>
          <extension url="http://hl7.org/fhir/ca-bc/provider/StructureDefinition/bc-communication-purpose-code-extension">
            <valueCodeableConcept>
              <coding>
                <system value="https://plr.hlth.gov.bc.ca/plr/codes/bc-communication-purpose-code"/>
                <code value="BC"/>
              </coding>
            </valueCodeableConcept>
          </extension>
          <extension url="http://hl7.org/fhir/ca-bc/provider/StructureDefinition/bc-end-reason-extension">
            <valueCodeableConcept>
              <coding>
                <system value="https://plr.hlth.gov.bc.ca/plr/codes/bc-end-reason-code"/>
                <code value="CHG"/>
              </coding>
            </valueCodeableConcept>
          </extension>
          <system value="phone"/>
          <period>
            <start value="2000-02-02"/>
          </period>
        </telecom>
        <address>
          <extension url="http://hl7.org/fhir/ca-bc/provider/StructureDefinition/bc-communication-purpose-code-extension">
            <valueCodeableConcept>
              <coding>
                <system value="https://plr.hlth.gov.bc.ca/plr/codes/bc-communication-purpose-code"/>
                <code value="BC"/>
              </coding>
            </valueCodeableConcept>
          </extension>
          <extension url="http://hl7.org/fhir/ca-bc/provider/StructureDefinition/bc-end-reason-extension">
            <valueCodeableConcept>
              <coding>
                <system value="https://plr.hlth.gov.bc.ca/plr/codes/bc-end-reason-code"/>
                <code value="CHG"/>
              </coding>
            </valueCodeableConcept>
          </extension>
          <type value="postal"/>
          <line value="1000 DOUGLAS ST"/>
          <city value="VICTORIA"/>
          <state value="BC"/>
          <postalCode value="V6P7B8"/>
          <country value="CA"/>
          <period>
            <start value="2000-01-01"/>
          </period>
        </address>
      </Organization>
    </resource>
  </entry>
  <entry>
    <fullUrl value="urn:uuid:f41c4f5f-43eb-497c-8baa-e800fe3fe4fa"/>
    <resource>
      <OrganizationAffiliation>
        <id value="Example-OrganizationAffiliation-2-LocRef-FromOrg"/>
        <meta>
          <profile value="http://hl7.org/fhir/ca-bc/provider/StructureDefinition/bc-organization-affiliation"/>
        </meta>
        <text>
          <status value="generated"/><div xmlns="http://www.w3.org/1999/xhtml"><p><b>Generated Narrative: OrganizationAffiliation</b></p><div style="display: inline-block; background-color: #d9e0e7; padding: 6px; margin: 4px; border: 1px solid #8da1b4; border-radius: 5px; line-height: 60%"><p style="margin-bottom: 0px">Resource OrganizationAffiliation "Example-OrganizationAffiliation-2-LocRef-FromOrg" </p><p style="margin-bottom: 0px">Profile: <a href="StructureDefinition-bc-organization-affiliation.html">BCOrganizationAffiliation</a></p></div><p><b>period</b>: 2000-01-01 --&gt; (ongoing)</p><p><b>organization</b>: <span></span></p><p><b>code</b>: operatesfrom <span style="background: LightGoldenRodYellow; margin: 4px; border: 1px solid khaki"> (bc-location-relationship-type-code#operatesfrom)</span></p><p><b>location</b>: <span></span></p></div>
        </text>
        <period>
          <start value="2000-01-01"/>
        </period>
        <organization>
          <identifier>
            <system value="https://plr.hlth.gov.bc.ca/plr/identifier-system/IPC"/>
            <value value="IPC.00147433.BC.PRS"/>
            <period>
              <start value="2000-01-01"/>
            </period>
          </identifier>
        </organization>
        <code>
          <coding>
            <system value="https://plr.hlth.gov.bc.ca/plr/codes/bc-location-relationship-type-code"/>
            <code value="operatesfrom"/>
          </coding>
        </code>
        <location>
          <identifier>
            <system value="https://plr.hlth.gov.bc.ca/plr/identifier-system/IFC"/>
            <value value="IFC.00147422.BC.PRS"/>
            <period>
              <start value="2000-01-01"/>
            </period>
          </identifier>
        </location>
      </OrganizationAffiliation>
    </resource>
  </entry>
  <entry>
    <fullUrl value="urn:uuid:efeb9931-b4b7-4caa-9682-cc0220043d1f"/>
    <resource>
      <OrganizationAffiliation>
        <id value="Example-OrganizationAffiliation-1-OrgRef-FromOrg"/>
        <meta>
          <profile value="http://hl7.org/fhir/ca-bc/provider/StructureDefinition/bc-organization-affiliation"/>
        </meta>
        <text>
          <status value="generated"/><div xmlns="http://www.w3.org/1999/xhtml"><p><b>Generated Narrative: OrganizationAffiliation</b></p><div style="display: inline-block; background-color: #d9e0e7; padding: 6px; margin: 4px; border: 1px solid #8da1b4; border-radius: 5px; line-height: 60%"><p style="margin-bottom: 0px">Resource OrganizationAffiliation "Example-OrganizationAffiliation-1-OrgRef-FromOrg" </p><p style="margin-bottom: 0px">Profile: <a href="StructureDefinition-bc-organization-affiliation.html">BCOrganizationAffiliation</a></p></div><p><b>period</b>: 2000-01-01 --&gt; (ongoing)</p><p><b>organization</b>: <span></span></p><p><b>participatingOrganization</b>: <span></span></p><p><b>code</b>: deptof <span style="background: LightGoldenRodYellow; margin: 4px; border: 1px solid khaki"> (bc-relationship-type-code#deptof)</span></p></div>
        </text>
        <period>
          <start value="2000-01-01"/>
        </period>
        <organization>
          <identifier>
            <system value="https://plr.hlth.gov.bc.ca/plr/identifier-system/IPC"/>
            <value value="IPC.00147433.BC.PRS"/>
            <period>
              <start value="2000-01-01"/>
            </period>
          </identifier>
        </organization>
        <participatingOrganization>
          <identifier>
            <system value="https://plr.hlth.gov.bc.ca/plr/identifier-system/IPC"/>
            <value value="IPC.001164553.BC.PRS"/>
            <period>
              <start value="2000-02-02"/>
            </period>
          </identifier>
        </participatingOrganization>
        <code>
          <coding>
            <system value="https://plr.hlth.gov.bc.ca/plr/codes/bc-relationship-type-code"/>
            <code value="deptof"/>
          </coding>
        </code>
      </OrganizationAffiliation>
    </resource>
  </entry>
  <entry>
    <fullUrl value="ac8569d7-4ff1-405f-9b01-a4b71cf0770d"/>
    <resource>
      <PractitionerRole>
        <id value="Example-PractitionerRole-2-OrgRef-FromPractitioner"/>
        <meta>
          <profile value="http://hl7.org/fhir/ca-bc/provider/StructureDefinition/bc-role-relationships"/>
        </meta>
        <text>
          <status value="extensions"/><div xmlns="http://www.w3.org/1999/xhtml"><p><b>Generated Narrative: PractitionerRole</b></p><div style="display: inline-block; background-color: #d9e0e7; padding: 6px; margin: 4px; border: 1px solid #8da1b4; border-radius: 5px; line-height: 60%"><p style="margin-bottom: 0px">Resource PractitionerRole "Example-PractitionerRole-2-OrgRef-FromPractitioner" </p><p style="margin-bottom: 0px">Profile: <a href="StructureDefinition-bc-role-relationships.html">BCRoleRelationships</a></p></div><p><b>BC Practitioner to Organization or Practitioner to Practitioner Type Extension.</b>: EMPLOYEE <span style="background: LightGoldenRodYellow; margin: 4px; border: 1px solid khaki"> (bc-relationship-type-code#EMPLOYEE)</span></p><p><b>period</b>: 2000-01-01 --&gt; (ongoing)</p><p><b>practitioner</b>: <span></span></p><p><b>organization</b>: <span></span></p></div>
        </text>
        <extension url="http://hl7.org/fhir/ca-bc/provider/StructureDefinition/bc-relationship-type-extension">
          <valueCodeableConcept>
            <coding>
              <system value="https://plr.hlth.gov.bc.ca/plr/codes/bc-relationship-type-code"/>
              <code value="EMPLOYEE"/>
            </coding>
          </valueCodeableConcept>
        </extension>
        <period>
          <start value="2000-01-01"/>
        </period>
        <practitioner>
          <identifier>
            <system value="https://plr.hlth.gov.bc.ca/plr/identifier-system/IPC"/>
            <value value="IPC.00147422.BC.PRS"/>
            <period>
              <start value="2000-01-01"/>
            </period>
          </identifier>
        </practitioner>
        <organization>
          <identifier>
            <system value="https://plr.hlth.gov.bc.ca/plr/identifier-system/IPC"/>
            <value value="IPC.00147433.BC.PRS"/>
            <period>
              <start value="2000-01-01"/>
            </period>
          </identifier>
        </organization>
      </PractitionerRole>
    </resource>
  </entry>
</Bundle>