<?xml version="1.0" encoding="UTF-8"?>

<Bundle xmlns="http://hl7.org/fhir">
  <id value="Example-Organizational-Provider-Bundle"/>
  <meta>
    <profile value="http://hl7.org/fhir/ca-bc/provider/StructureDefinition/bc-organization-bundle"/>
  </meta>
  <type value="collection"/>
  <timestamp value="2022-02-02T13:23:13.000-08:00"/>
  <entry>
    <fullUrl value="urn:uuid:e24cfa57-5e07-4e5b-b229-0e65c74de7bf"/>
    <resource>
      <Organization>
        <id value="Example-Organization-2"/>
        <meta>
          <profile value="http://hl7.org/fhir/ca-bc/provider/StructureDefinition/bc-organization"/>
        </meta>
        <text>
          <status value="extensions"/><div xmlns="http://www.w3.org/1999/xhtml"><p><b>Generated Narrative: Organization</b><a name="Example-Organization-2"> </a></p><div style="display: inline-block; background-color: #d9e0e7; padding: 6px; margin: 4px; border: 1px solid #8da1b4; border-radius: 5px; line-height: 60%"><p style="margin-bottom: 0px">Resource Organization &quot;Example-Organization-2&quot; </p><p style="margin-bottom: 0px">Profile: <a href="StructureDefinition-bc-organization.html">BCOrganization</a></p></div><blockquote><p><b>BC Notes Extension</b></p><p><b>value</b>: id: Note-2</p><p><b>value</b>: Note text</p><p><b>value</b>: 1998-01-02 --&gt; (ongoing)</p></blockquote><blockquote><p><b>BC License Status Extension</b></p><p><b>value</b>: active <span style="background: LightGoldenRodYellow; margin: 4px; border: 1px solid khaki"> (<a href="http://terminology.hl7.org/4.0.0/CodeSystem-v3-RoleStatus.html">RoleStatus</a>#active)</span></p><p><b>value</b>: 2022-02-07 --&gt; 2023-02-07</p><p><b>value</b>: ORG <span style="background: LightGoldenRodYellow; margin: 4px; border: 1px solid khaki"> (bc-status-reason-code#ORG)</span></p></blockquote><p><b>identifier</b>: id: IPC.00147433.BC.PRS(period: 2000-01-01 --&gt; (ongoing)), id: CPN.00147422.BC.PRS(period: 2000-01-01 --&gt; (ongoing)), id: 123123123(period: 2000-01-01 --&gt; (ongoing))</p><p><b>name</b>: ABC Clinic</p><p><b>alias</b>: ABC Clinic - Kelowna</p><p><b>telecom</b>: ph: 2501112234</p><p><b>address</b>: 1000 DOUGLAS ST VICTORIA BC V6P7B8 CA </p></div>
        </text>
        <extension url="http://hl7.org/fhir/ca-bc/provider/StructureDefinition/bc-note-extension">
          <extension url="identifier">
            <valueIdentifier>
              <system value="https://plr.hlth.gov.bc.ca/plr/identifier-system/bc-note-id"/>
              <value value="Note-2"/>
            </valueIdentifier>
          </extension>
          <extension url="text">
            <valueString value="Note text"/>
          </extension>
          <extension url="http://hl7.org/fhir/ca-bc/provider/StructureDefinition/bc-period-extension">
            <valuePeriod>
              <start value="1998-01-02"/>
            </valuePeriod>
          </extension>
        </extension>
        <extension url="http://hl7.org/fhir/ca-bc/provider/StructureDefinition/bc-license-status-extension">
          <extension url="statusCode">
            <valueCodeableConcept>
              <coding>
                <system value="http://terminology.hl7.org/CodeSystem/v3-RoleStatus"/>
                <code value="active"/>
              </coding>
            </valueCodeableConcept>
          </extension>
          <extension url="period">
            <valuePeriod>
              <start value="2022-02-07"/>
              <end value="2023-02-07"/>
            </valuePeriod>
          </extension>
          <extension url="statusReasonCode">
            <valueCodeableConcept>
              <coding>
                <system value="https://plr.hlth.gov.bc.ca/plr/codes/bc-status-reason-code"/>
                <code value="ORG"/>
              </coding>
            </valueCodeableConcept>
          </extension>
        </extension>
        <identifier>
          <system value="https://plr.hlth.gov.bc.ca/plr/identifier-system/IPC"/>
          <value value="IPC.00147433.BC.PRS"/>
          <period>
            <start value="2000-01-01"/>
          </period>
        </identifier>
        <identifier>
          <system value="https://plr.hlth.gov.bc.ca/plr/identifier-system/CPN"/>
          <value value="CPN.00147422.BC.PRS"/>
          <period>
            <start value="2000-01-01"/>
          </period>
        </identifier>
        <identifier>
          <system value="https://plr.hlth.gov.bc.ca/plr/identifier-system/ORGID"/>
          <value value="123123123"/>
          <period>
            <start value="2000-01-01"/>
          </period>
        </identifier>
        <name value="ABC Clinic">
          <extension url="http://hl7.org/fhir/ca-bc/provider/StructureDefinition/bc-name-use-extension">
            <valueCode value="official"/>
          </extension>
          <extension url="http://hl7.org/fhir/ca-bc/provider/StructureDefinition/bc-period-extension">
            <valuePeriod>
              <start value="2000-01-01"/>
              <end value="2022-09-01"/>
            </valuePeriod>
          </extension>
        </name>
        <alias value="ABC Clinic - Kelowna"/>
        <telecom>
          <extension url="http://hl7.org/fhir/ca-bc/provider/StructureDefinition/bc-communication-purpose-code-extension">
            <valueCodeableConcept>
              <coding>
                <system value="https://plr.hlth.gov.bc.ca/plr/codes/bc-communication-purpose-code"/>
                <code value="BC"/>
              </coding>
            </valueCodeableConcept>
          </extension>
          <system value="phone"/>
          <value value="2501112234"/>
          <period>
            <start value="2000-02-02"/>
          </period>
        </telecom>
        <address>
          <extension url="http://hl7.org/fhir/ca-bc/provider/StructureDefinition/bc-communication-purpose-code-extension">
            <valueCodeableConcept>
              <coding>
                <system value="https://plr.hlth.gov.bc.ca/plr/codes/bc-communication-purpose-code"/>
                <code value="BC"/>
              </coding>
            </valueCodeableConcept>
          </extension>
          <extension url="http://hl7.org/fhir/ca-bc/provider/StructureDefinition/bc-address-validation-status-extension">
            <valueCodeableConcept>
              <coding>
                <system value="https://plr.hlth.gov.bc.ca/plr/codes/bc-address-validation-status-code"/>
                <code value="V"/>
              </coding>
            </valueCodeableConcept>
          </extension>
          <type value="postal"/>
          <line value="1000 DOUGLAS ST"/>
          <city value="VICTORIA"/>
          <state value="BC"/>
          <postalCode value="V6P7B8"/>
          <country value="CA"/>
          <period>
            <start value="2000-01-01"/>
          </period>
        </address>
      </Organization>
    </resource>
  </entry>
  <entry>
    <fullUrl value="urn:uuid:0ae7755c-42cd-4583-83c6-8a4fd7a7d05c"/>
    <resource>
      <PractitionerRole>
        <id value="Example-PractitionerRole-4-PracRef-FromOrg"/>
        <meta>
          <profile value="http://hl7.org/fhir/ca-bc/provider/StructureDefinition/bc-role-relationships"/>
        </meta>
        <text>
          <status value="extensions"/><div xmlns="http://www.w3.org/1999/xhtml"><p><b>Generated Narrative: PractitionerRole</b><a name="Example-PractitionerRole-4-PracRef-FromOrg"> </a></p><div style="display: inline-block; background-color: #d9e0e7; padding: 6px; margin: 4px; border: 1px solid #8da1b4; border-radius: 5px; line-height: 60%"><p style="margin-bottom: 0px">Resource PractitionerRole &quot;Example-PractitionerRole-4-PracRef-FromOrg&quot; </p><p style="margin-bottom: 0px">Profile: <a href="StructureDefinition-bc-role-relationships.html">BCRoleRelationships</a></p></div><p><b>BC Practitioner to Organization or Practitioner to Practitioner Type Extension.</b>: careteam <span style="background: LightGoldenRodYellow; margin: 4px; border: 1px solid khaki"> (bc-relationship-type-code#careteam)</span></p><p><b>period</b>: 2000-01-01 --&gt; (ongoing)</p><p><b>practitioner</b>: <span/></p><p><b>organization</b>: <span/></p></div>
        </text>
        <extension url="http://hl7.org/fhir/ca-bc/provider/StructureDefinition/bc-relationship-type-extension">
          <valueCodeableConcept>
            <coding>
              <system value="https://plr.hlth.gov.bc.ca/plr/codes/bc-relationship-type-code"/>
              <code value="careteam"/>
            </coding>
          </valueCodeableConcept>
        </extension>
        <period>
          <start value="2000-01-01"/>
        </period>
        <practitioner>
          <identifier>
            <system value="https://plr.hlth.gov.bc.ca/plr/identifier-system/IPC"/>
            <value value="IPC.00147422.BC.PRS"/>
            <period>
              <start value="2000-01-01"/>
            </period>
          </identifier>
        </practitioner>
        <organization>
          <identifier>
            <system value="https://plr.hlth.gov.bc.ca/plr/identifier-system/IFC"/>
            <value value="IFC.00147422.BC.PRS"/>
            <period>
              <start value="2000-01-01"/>
            </period>
          </identifier>
        </organization>
      </PractitionerRole>
    </resource>
  </entry>
  <entry>
    <fullUrl value="urn:uuid:3d857c66-d80f-4c27-9669-8a9690817d03"/>
    <resource>
      <OrganizationAffiliation>
        <id value="Example-OrganizationAffiliation-1-OrgRef-FromOrg"/>
        <meta>
          <profile value="http://hl7.org/fhir/ca-bc/provider/StructureDefinition/bc-organization-affiliation"/>
        </meta>
        <text>
          <status value="generated"/><div xmlns="http://www.w3.org/1999/xhtml"><p><b>Generated Narrative: OrganizationAffiliation</b><a name="Example-OrganizationAffiliation-1-OrgRef-FromOrg"> </a></p><div style="display: inline-block; background-color: #d9e0e7; padding: 6px; margin: 4px; border: 1px solid #8da1b4; border-radius: 5px; line-height: 60%"><p style="margin-bottom: 0px">Resource OrganizationAffiliation &quot;Example-OrganizationAffiliation-1-OrgRef-FromOrg&quot; </p><p style="margin-bottom: 0px">Profile: <a href="StructureDefinition-bc-organization-affiliation.html">BCOrganizationAffiliation</a></p></div><p><b>period</b>: 2000-01-01 --&gt; (ongoing)</p><p><b>organization</b>: <span/></p><p><b>participatingOrganization</b>: <span/></p><p><b>code</b>: deptof <span style="background: LightGoldenRodYellow; margin: 4px; border: 1px solid khaki"> (bc-relationship-type-code#deptof)</span></p></div>
        </text>
        <period>
          <start value="2000-01-01"/>
        </period>
        <organization>
          <identifier>
            <system value="https://plr.hlth.gov.bc.ca/plr/identifier-system/IPC"/>
            <value value="IPC.00147433.BC.PRS"/>
            <period>
              <start value="2000-01-01"/>
            </period>
          </identifier>
        </organization>
        <participatingOrganization>
          <identifier>
            <system value="https://plr.hlth.gov.bc.ca/plr/identifier-system/IPC"/>
            <value value="IPC.001164553.BC.PRS"/>
            <period>
              <start value="2000-02-02"/>
            </period>
          </identifier>
        </participatingOrganization>
        <code>
          <coding>
            <system value="https://plr.hlth.gov.bc.ca/plr/codes/bc-relationship-type-code"/>
            <code value="deptof"/>
          </coding>
        </code>
      </OrganizationAffiliation>
    </resource>
  </entry>
  <entry>
    <fullUrl value="urn:uuid:c04b2e7e-f507-4194-a301-844b691e49f5"/>
    <resource>
      <OrganizationAffiliation>
        <id value="Example-OrganizationAffiliation-2-LocRef-FromOrg"/>
        <meta>
          <profile value="http://hl7.org/fhir/ca-bc/provider/StructureDefinition/bc-organization-affiliation"/>
        </meta>
        <text>
          <status value="generated"/><div xmlns="http://www.w3.org/1999/xhtml"><p><b>Generated Narrative: OrganizationAffiliation</b><a name="Example-OrganizationAffiliation-2-LocRef-FromOrg"> </a></p><div style="display: inline-block; background-color: #d9e0e7; padding: 6px; margin: 4px; border: 1px solid #8da1b4; border-radius: 5px; line-height: 60%"><p style="margin-bottom: 0px">Resource OrganizationAffiliation &quot;Example-OrganizationAffiliation-2-LocRef-FromOrg&quot; </p><p style="margin-bottom: 0px">Profile: <a href="StructureDefinition-bc-organization-affiliation.html">BCOrganizationAffiliation</a></p></div><p><b>period</b>: 2000-01-01 --&gt; (ongoing)</p><p><b>organization</b>: <span/></p><p><b>code</b>: operatesfrom <span style="background: LightGoldenRodYellow; margin: 4px; border: 1px solid khaki"> (bc-location-relationship-type-code#operatesfrom)</span></p><p><b>location</b>: <span/></p></div>
        </text>
        <period>
          <start value="2000-01-01"/>
        </period>
        <organization>
          <identifier>
            <system value="https://plr.hlth.gov.bc.ca/plr/identifier-system/IPC"/>
            <value value="IPC.00147433.BC.PRS"/>
            <period>
              <start value="2000-01-01"/>
            </period>
          </identifier>
        </organization>
        <code>
          <coding>
            <system value="https://plr.hlth.gov.bc.ca/plr/codes/bc-location-relationship-type-code"/>
            <code value="operatesfrom"/>
          </coding>
        </code>
        <location>
          <identifier>
            <system value="https://plr.hlth.gov.bc.ca/plr/identifier-system/IFC"/>
            <value value="IFC.00147422.BC.PRS"/>
            <period>
              <start value="2000-01-01"/>
            </period>
          </identifier>
        </location>
      </OrganizationAffiliation>
    </resource>
  </entry>
</Bundle>