<?xml version="1.0" encoding="UTF-8"?>

<Bundle xmlns="http://hl7.org/fhir">
  <id value="Example-GET-PractitionerRole-Response"/>
  <type value="searchset"/>
  <link>
    <relation value="self"/>
    <url value="https://plresb.hlth.gov.bc.ca/HSA-web/fhir-rs/PractitionerRole/IPC.00147422.BC.PRS"/>
  </link>
  <entry>
    <fullUrl value="urn:uuid:3abd58f7-f226-4358-bdfd-2bb64bc93552"/>
    <resource>
      <OperationOutcome>
        <id value="Example-OperationOutcome-Success"/>
        <meta>
          <profile value="http://hlth.gov.bc.ca/fhir/provider/StructureDefinition/bc-operation-outcome"/>
        </meta>
        <text>
          <status value="generated"/><div xmlns="http://www.w3.org/1999/xhtml"><p><b>Generated Narrative: OperationOutcome</b><a name="Example-OperationOutcome-Success"> </a></p><div style="display: inline-block; background-color: #d9e0e7; padding: 6px; margin: 4px; border: 1px solid #8da1b4; border-radius: 5px; line-height: 60%"><p style="margin-bottom: 0px">Resource OperationOutcome &quot;Example-OperationOutcome-Success&quot; </p><p style="margin-bottom: 0px">Profile: <a href="StructureDefinition-bc-operation-outcome.html">BCOperationOutcome</a></p></div><h3>Issues</h3><table class="grid"><tr><td style="display: none">-</td><td><b>Severity</b></td><td><b>Code</b></td><td><b>Details</b></td></tr><tr><td style="display: none">*</td><td>information</td><td>business-rule</td><td>Query successful <span style="background: LightGoldenRodYellow; margin: 4px; border: 1px solid khaki"> (bc-error-code-system#PRS.PRP.MTN.UNK.0.0.7067)</span></td></tr></table></div>
        </text>
        <issue>
          <severity value="information"/>
          <code value="business-rule"/>
          <details>
            <coding>
              <system value="https://terminology.hlth.gov.bc.ca/ProviderLocationRegistry/CodeSystem/bc-error-code-system"/>
              <code value="PRS.PRP.MTN.UNK.0.0.7067"/>
            </coding>
            <text value="Query successful"/>
          </details>
        </issue>
      </OperationOutcome>
    </resource>
    <search>
      <mode value="outcome"/>
    </search>
  </entry>
  <entry>
    <fullUrl value="https://plresb.hlth.gov.bc.ca/HSA-web/fhir-rs/PractitionerRole/RELN.24.PRS"/>
    <resource>
      <PractitionerRole>
        <id value="RELN.24.PRS"/>
        <meta>
          <profile value="http://hlth.gov.bc.ca/fhir/provider/StructureDefinition/bc-role-relationships"/>
        </meta>
        <text>
          <status value="extensions"/><div xmlns="http://www.w3.org/1999/xhtml"><p><b>Generated Narrative: PractitionerRole</b><a name="RELN.24.PRS"> </a></p><div style="display: inline-block; background-color: #d9e0e7; padding: 6px; margin: 4px; border: 1px solid #8da1b4; border-radius: 5px; line-height: 60%"><p style="margin-bottom: 0px">Resource PractitionerRole &quot;RELN.24.PRS&quot; </p><p style="margin-bottom: 0px">Profile: <a href="StructureDefinition-bc-role-relationships.html">BCRoleRelationships</a></p></div><p><b>BC Practitioner to Location Type Extension.</b>: WORKSAT <span style="background: LightGoldenRodYellow; margin: 4px; border: 1px solid khaki"> (bc-location-relationship-type-code-system#WORKSAT)</span></p><p><b>period</b>: 2000-01-01 --&gt; (ongoing)</p><p><b>practitioner</b>: <span><code>https://health.gov.bc.ca/fhir/NamingSystem/ca-bc-plr-ipc</code>/IPC.00147422.BC.PRS (period: 2000-01-01 --&gt; (ongoing))</span></p><p><b>location</b>: <span><code>https://health.gov.bc.ca/fhir/NamingSystem/ca-bc-plr-ifc</code>/IFC.00047422.BC.PRS (period: 2000-01-01 --&gt; (ongoing))</span></p></div>
        </text>
        <extension url="http://hlth.gov.bc.ca/fhir/provider/StructureDefinition/bc-location-relationship-type-extension">
          <valueCodeableConcept>
            <coding>
              <system value="https://terminology.hlth.gov.bc.ca/ProviderLocationRegistry/CodeSystem/bc-location-relationship-type-code-system"/>
              <code value="WORKSAT"/>
            </coding>
          </valueCodeableConcept>
        </extension>
        <period>
          <start value="2000-01-01"/>
        </period>
        <practitioner>
          <identifier>
            <system value="https://health.gov.bc.ca/fhir/NamingSystem/ca-bc-plr-ipc"/>
            <value value="IPC.00147422.BC.PRS"/>
            <period>
              <start value="2000-01-01"/>
            </period>
          </identifier>
        </practitioner>
        <location>
          <identifier>
            <system value="https://health.gov.bc.ca/fhir/NamingSystem/ca-bc-plr-ifc"/>
            <value value="IFC.00047422.BC.PRS"/>
            <period>
              <start value="2000-01-01"/>
            </period>
          </identifier>
        </location>
      </PractitionerRole>
    </resource>
    <search>
      <mode value="match"/>
    </search>
  </entry>
</Bundle>