<?xml version="1.0" encoding="UTF-8"?>

<Bundle xmlns="http://hl7.org/fhir">
  <id value="Example-UpdatePractitioner-LicenseStatus-Bundle"/>
  <meta>
    <profile value="http://hl7.org/fhir/ca-bc/provider/StructureDefinition/bc-practitioner-bundle"/>
  </meta>
  <type value="collection"/>
  <entry>
    <fullUrl value="urn:uuid:67b11c73-c2ee-474f-ab64-56b863a1cc87"/>
    <resource>
      <Practitioner>
        <id value="Example-Practitioner-UpdateLicense"/>
        <meta>
          <profile value="http://hl7.org/fhir/ca-bc/provider/StructureDefinition/bc-practitioner"/>
        </meta>
        <text>
          <status value="extensions"/><div xmlns="http://www.w3.org/1999/xhtml"><p><b>Generated Narrative: Practitioner</b><a name="Example-Practitioner-UpdateLicense"> </a></p><div style="display: inline-block; background-color: #d9e0e7; padding: 6px; margin: 4px; border: 1px solid #8da1b4; border-radius: 5px; line-height: 60%"><p style="margin-bottom: 0px">Resource Practitioner "Example-Practitioner-UpdateLicense" </p><p style="margin-bottom: 0px">Profile: <a href="StructureDefinition-bc-practitioner.html">BCPractitioner</a></p></div><blockquote><p><b>BC License Status Extension</b></p><p><b>value</b>: inactive <span style="background: LightGoldenRodYellow; margin: 4px; border: 1px solid khaki"> (<a href="CodeSystem-bc-license-status-code-system.html">BC License Status Codes</a>#inactive)</span></p><p><b>value</b>: LTP <span style="background: LightGoldenRodYellow; margin: 4px; border: 1px solid khaki"> (bc-status-reason-code#LTP)</span></p><p><b>value</b>: 2022-06-24 --&gt; (ongoing)</p><p><b>value</b>: CHG <span style="background: LightGoldenRodYellow; margin: 4px; border: 1px solid khaki"> (bc-end-reason-code#CHG)</span></p></blockquote><p><b>identifier</b>: id: IPC.00147422.BC.PRS(period: 2000-01-01 --&gt; (ongoing))</p><p><b>name</b>: null </p></div>
        </text>
        <extension url="http://hl7.org/fhir/ca-bc/provider/StructureDefinition/bc-license-status-extension">
          <extension url="statusCode">
            <valueCodeableConcept>
              <coding>
                <system value="http://hl7.org/fhir/ca-bc/provider/CodeSystem/bc-license-status-code-system"/>
                <code value="inactive"/>
              </coding>
            </valueCodeableConcept>
          </extension>
          <extension url="statusReasonCode">
            <valueCodeableConcept>
              <coding>
                <system value="https://plr.hlth.gov.bc.ca/plr/codes/bc-status-reason-code"/>
                <code value="LTP"/>
              </coding>
            </valueCodeableConcept>
          </extension>
          <extension url="period">
            <valuePeriod>
              <start value="2022-06-24"/>
            </valuePeriod>
          </extension>
          <extension url="http://hl7.org/fhir/ca-bc/provider/StructureDefinition/bc-end-reason-extension">
            <valueCodeableConcept>
              <coding>
                <system value="https://plr.hlth.gov.bc.ca/plr/codes/bc-end-reason-code"/>
                <code value="CHG"/>
              </coding>
            </valueCodeableConcept>
          </extension>
        </extension>
        <identifier>
          <system value="https://plr.hlth.gov.bc.ca/plr/identifier-system/IPC"/>
          <value value="IPC.00147422.BC.PRS"/>
          <period>
            <start value="2000-01-01"/>
          </period>
        </identifier>
        <name>
          <family>
            <extension url="http://hl7.org/fhir/StructureDefinition/data-absent-reason">
              <valueCode value="not-applicable"/>
            </extension>
          </family>
        </name>
      </Practitioner>
    </resource>
  </entry>
  <entry>
    <fullUrl value="urn:uuid:e46a70b4-d0b9-4770-8ff6-989f4f847dc6"/>
    <resource>
      <PractitionerRole>
        <id value="Example-PractitionerRole-1-Role-Update"/>
        <meta>
          <profile value="http://hl7.org/fhir/ca-bc/provider/StructureDefinition/bc-practitioner-role"/>
        </meta>
        <text>
          <status value="generated"/><div xmlns="http://www.w3.org/1999/xhtml"><p><b>Generated Narrative: PractitionerRole</b><a name="Example-PractitionerRole-1-Role-Update"> </a></p><div style="display: inline-block; background-color: #d9e0e7; padding: 6px; margin: 4px; border: 1px solid #8da1b4; border-radius: 5px; line-height: 60%"><p style="margin-bottom: 0px">Resource PractitionerRole "Example-PractitionerRole-1-Role-Update" </p><p style="margin-bottom: 0px">Profile: <a href="StructureDefinition-bc-practitioner-role.html">BCPractitionerRole</a></p></div><p><b>practitioner</b>: <a href="#Practitioner_Example-Practitioner-UpdateLicense">See above (</a></p><p><b style="color: maroon">Exception generating Narrative: null</b></p></div>
        </text>
        <practitioner>
          <reference value="urn:uuid:67b11c73-c2ee-474f-ab64-56b863a1cc87"/>
        </practitioner>
        <code>
          <coding>
            <system value="https://fhir.infoway-inforoute.ca/CodeSystem/scptype"/>
            <code value="MD"/>
          </coding>
        </code>
      </PractitionerRole>
    </resource>
  </entry>
</Bundle>