<?xml version="1.0" encoding="UTF-8"?>

<Bundle xmlns="http://hl7.org/fhir">
  <id value="Example-DistributeOrganization-Bundle"/>
  <meta>
    <profile value="http://hl7.org/fhir/ca-bc/provider/StructureDefinition/bc-organization-bundle"/>
  </meta>
  <type value="collection"/>
  <entry>
    <fullUrl value="urn:uuid:e24cfa57-5e07-4e5b-b229-0e65c74de7bf"/>
    <resource>
      <Organization>
        <id value="Example-Organization-Response"/>
        <meta>
          <profile value="http://hl7.org/fhir/ca-bc/provider/StructureDefinition/bc-organization"/>
        </meta>
        <text>
          <status value="extensions"/><div xmlns="http://www.w3.org/1999/xhtml"><p><b>Generated Narrative: Organization</b><a name="Example-Organization-Response"> </a></p><div style="display: inline-block; background-color: #d9e0e7; padding: 6px; margin: 4px; border: 1px solid #8da1b4; border-radius: 5px; line-height: 60%"><p style="margin-bottom: 0px">Resource Organization "Example-Organization-Response" </p><p style="margin-bottom: 0px">Profile: <a href="StructureDefinition-bc-organization.html">BCOrganization</a></p></div><blockquote><p><b>BC Notes Extension</b></p><p><b>value</b>: id: Note-2</p><p><b>value</b>: Note text</p><p><b>value</b>: 1998-01-02 --&gt; (ongoing)</p><p><b>value</b>: id: ?ngen-9?</p></blockquote><p><b>identifier</b>: id: 123123123(period: 2000-01-01 --&gt; (ongoing)), id: IPC.00147433.BC.PRS(period: 2000-01-01 --&gt; (ongoing)), id: CPN.00147433.BC.PRS(period: 2000-01-01 --&gt; (ongoing))</p><p><b>active</b>: true</p><p><b>name</b>: Kelowna Clinic</p><p><b>alias</b>: ABC Clinic - Kelowna</p><p><b>telecom</b>: ph: 2503424343</p><p><b>address</b>: 19 ST ADDRESS ADDRESSLINE2TXT ADDRESS ADDRESSLINE3TXT VICTORIA BC V6P7B8 CA </p></div>
        </text>
        <extension url="http://hl7.org/fhir/ca-bc/provider/StructureDefinition/bc-note-extension">
          <extension url="identifier">
            <valueIdentifier>
              <system value="https://plr.hlth.gov.bc.ca/plr/identifier-system/bc-note-id"/>
              <value value="Note-2"/>
            </valueIdentifier>
          </extension>
          <extension url="text">
            <valueString value="Note text"/>
          </extension>
          <extension url="http://hl7.org/fhir/ca-bc/provider/StructureDefinition/bc-period-extension">
            <valuePeriod>
              <start value="1998-01-02"/>
            </valuePeriod>
          </extension>
          <extension url="http://hl7.org/fhir/ca-bc/provider/StructureDefinition/bc-owner-extension">
            <valueIdentifier>
              <assigner>
                <display value="PHSA"/>
              </assigner>
            </valueIdentifier>
          </extension>
        </extension>
        <identifier>
          <extension url="http://hl7.org/fhir/ca-bc/provider/StructureDefinition/bc-owner-extension">
            <valueIdentifier>
              <assigner>
                <display value="PHSA"/>
              </assigner>
            </valueIdentifier>
          </extension>
          <system value="https://plr.hlth.gov.bc.ca/plr/identifier-system/ORGID"/>
          <value value="123123123"/>
          <period>
            <start value="2000-01-01"/>
          </period>
        </identifier>
        <identifier>
          <extension url="http://hl7.org/fhir/ca-bc/provider/StructureDefinition/bc-owner-extension">
            <valueIdentifier>
              <assigner>
                <display value="MOH"/>
              </assigner>
            </valueIdentifier>
          </extension>
          <system value="https://plr.hlth.gov.bc.ca/plr/identifier-system/IPC"/>
          <value value="IPC.00147433.BC.PRS"/>
          <period>
            <start value="2000-01-01"/>
          </period>
        </identifier>
        <identifier>
          <extension url="http://hl7.org/fhir/ca-bc/provider/StructureDefinition/bc-owner-extension">
            <valueIdentifier>
              <assigner>
                <display value="PHSA"/>
              </assigner>
            </valueIdentifier>
          </extension>
          <system value="https://plr.hlth.gov.bc.ca/plr/identifier-system/CPN"/>
          <value value="CPN.00147433.BC.PRS"/>
          <period>
            <start value="2000-01-01"/>
          </period>
        </identifier>
        <active value="true"/>
        <name value="Kelowna Clinic">
          <extension url="http://hl7.org/fhir/ca-bc/provider/StructureDefinition/bc-name-use-extension">
            <valueCode value="official"/>
          </extension>
          <extension url="http://hl7.org/fhir/ca-bc/provider/StructureDefinition/bc-period-extension">
            <valuePeriod>
              <start value="2014-01-31T00:00:00-07:00"/>
            </valuePeriod>
          </extension>
          <extension url="http://hl7.org/fhir/ca-bc/provider/StructureDefinition/bc-owner-extension">
            <valueIdentifier>
              <assigner>
                <display value="PHSA"/>
              </assigner>
            </valueIdentifier>
          </extension>
        </name>
        <alias value="ABC Clinic - Kelowna"/>
        <telecom>
          <extension url="http://hl7.org/fhir/ca-bc/provider/StructureDefinition/bc-communication-purpose-code-extension">
            <valueCodeableConcept>
              <coding>
                <system value="https://plr.hlth.gov.bc.ca/plr/codes/bc-communication-purpose-code"/>
                <code value="BC"/>
              </coding>
            </valueCodeableConcept>
          </extension>
          <extension url="http://hl7.org/fhir/ca-bc/provider/StructureDefinition/bc-owner-extension">
            <valueIdentifier>
              <assigner>
                <display value="PHSA"/>
              </assigner>
            </valueIdentifier>
          </extension>
          <system value="phone"/>
          <value value="2503424343"/>
          <period>
            <start value="2000-02-02"/>
          </period>
        </telecom>
        <address>
          <extension url="http://hl7.org/fhir/ca-bc/provider/StructureDefinition/bc-communication-purpose-code-extension">
            <valueCodeableConcept>
              <coding>
                <system value="https://plr.hlth.gov.bc.ca/plr/codes/bc-communication-purpose-code"/>
                <code value="BC"/>
              </coding>
            </valueCodeableConcept>
          </extension>
          <extension url="http://hl7.org/fhir/ca-bc/provider/StructureDefinition/bc-address-validation-status-extension">
            <valueCodeableConcept>
              <coding>
                <system value="https://plr.hlth.gov.bc.ca/plr/codes/bc-address-validation-status-code"/>
                <code value="V"/>
              </coding>
            </valueCodeableConcept>
          </extension>
          <extension url="http://hl7.org/fhir/ca-bc/provider/StructureDefinition/bc-owner-extension">
            <valueIdentifier>
              <assigner>
                <display value="PHSA"/>
              </assigner>
            </valueIdentifier>
          </extension>
          <type value="postal"/>
          <line value="19 ST"/>
          <line value="ADDRESS ADDRESSLINE2TXT"/>
          <line value="ADDRESS ADDRESSLINE3TXT"/>
          <city value="VICTORIA"/>
          <state value="BC"/>
          <postalCode value="V6P7B8"/>
          <country value="CA"/>
          <period>
            <start value="2000-01-01"/>
          </period>
        </address>
      </Organization>
    </resource>
  </entry>
  <entry>
    <fullUrl value="urn:uuid:e06c8673-ddf5-4190-ba1e-dd43923a66c7"/>
    <resource>
      <PractitionerRole>
        <id value="Example-PractitionerRole-2-OrgRef-FromPractitioner"/>
        <meta>
          <profile value="http://hl7.org/fhir/ca-bc/provider/StructureDefinition/bc-role-relationships"/>
        </meta>
        <text>
          <status value="extensions"/><div xmlns="http://www.w3.org/1999/xhtml"><p><b>Generated Narrative: PractitionerRole</b><a name="Example-PractitionerRole-2-OrgRef-FromPractitioner"> </a></p><div style="display: inline-block; background-color: #d9e0e7; padding: 6px; margin: 4px; border: 1px solid #8da1b4; border-radius: 5px; line-height: 60%"><p style="margin-bottom: 0px">Resource PractitionerRole "Example-PractitionerRole-2-OrgRef-FromPractitioner" </p><p style="margin-bottom: 0px">Profile: <a href="StructureDefinition-bc-role-relationships.html">BCRoleRelationships</a></p></div><p><b>BC Practitioner to Organization or Practitioner to Practitioner Type Extension.</b>: EMPLOYEE <span style="background: LightGoldenRodYellow; margin: 4px; border: 1px solid khaki"> (bc-relationship-type-code#EMPLOYEE)</span></p><p><b>period</b>: 2000-01-01 --&gt; (ongoing)</p><p><b>practitioner</b>: <span></span></p><p><b>organization</b>: <span></span></p></div>
        </text>
        <extension url="http://hl7.org/fhir/ca-bc/provider/StructureDefinition/bc-relationship-type-extension">
          <valueCodeableConcept>
            <coding>
              <system value="https://plr.hlth.gov.bc.ca/plr/codes/bc-relationship-type-code"/>
              <code value="EMPLOYEE"/>
            </coding>
          </valueCodeableConcept>
        </extension>
        <period>
          <start value="2000-01-01"/>
        </period>
        <practitioner>
          <identifier>
            <system value="https://plr.hlth.gov.bc.ca/plr/identifier-system/IPC"/>
            <value value="IPC.00147422.BC.PRS"/>
            <period>
              <start value="2000-01-01"/>
            </period>
          </identifier>
        </practitioner>
        <organization>
          <identifier>
            <system value="https://plr.hlth.gov.bc.ca/plr/identifier-system/IPC"/>
            <value value="IPC.00147433.BC.PRS"/>
            <period>
              <start value="2000-01-01"/>
            </period>
          </identifier>
        </organization>
      </PractitionerRole>
    </resource>
  </entry>
  <entry>
    <fullUrl value="urn:uuid:529cd77a-8f57-4d2d-bf3d-38dc3c2c4ec9"/>
    <resource>
      <OrganizationAffiliation>
        <id value="Example-OrganizationAffiliation-2-LocRef-FromOrg"/>
        <meta>
          <profile value="http://hl7.org/fhir/ca-bc/provider/StructureDefinition/bc-organization-affiliation"/>
        </meta>
        <text>
          <status value="generated"/><div xmlns="http://www.w3.org/1999/xhtml"><p><b>Generated Narrative: OrganizationAffiliation</b><a name="Example-OrganizationAffiliation-2-LocRef-FromOrg"> </a></p><div style="display: inline-block; background-color: #d9e0e7; padding: 6px; margin: 4px; border: 1px solid #8da1b4; border-radius: 5px; line-height: 60%"><p style="margin-bottom: 0px">Resource OrganizationAffiliation "Example-OrganizationAffiliation-2-LocRef-FromOrg" </p><p style="margin-bottom: 0px">Profile: <a href="StructureDefinition-bc-organization-affiliation.html">BCOrganizationAffiliation</a></p></div><p><b>period</b>: 2000-01-01 --&gt; (ongoing)</p><p><b>organization</b>: <span></span></p><p><b>code</b>: operatesfrom <span style="background: LightGoldenRodYellow; margin: 4px; border: 1px solid khaki"> (bc-location-relationship-type-code#operatesfrom)</span></p><p><b>location</b>: <span></span></p></div>
        </text>
        <period>
          <start value="2000-01-01"/>
        </period>
        <organization>
          <identifier>
            <system value="https://plr.hlth.gov.bc.ca/plr/identifier-system/IPC"/>
            <value value="IPC.00147433.BC.PRS"/>
            <period>
              <start value="2000-01-01"/>
            </period>
          </identifier>
        </organization>
        <code>
          <coding>
            <system value="https://plr.hlth.gov.bc.ca/plr/codes/bc-location-relationship-type-code"/>
            <code value="operatesfrom"/>
          </coding>
        </code>
        <location>
          <identifier>
            <system value="https://plr.hlth.gov.bc.ca/plr/identifier-system/IFC"/>
            <value value="IFC.00147422.BC.PRS"/>
            <period>
              <start value="2000-01-01"/>
            </period>
          </identifier>
        </location>
      </OrganizationAffiliation>
    </resource>
  </entry>
</Bundle>