<?xml version="1.0" encoding="UTF-8"?>

<Bundle xmlns="http://hl7.org/fhir">
  <id value="Example-GET-Practitioner-Param-Response"/>
  <type value="searchset"/>
  <link>
    <relation value="self"/>
    <url value="https://plresb.hlth.gov.bc.ca/HSA-web/fhir-rs/Practitioner?address-city=Victoria&amp;language=FR"/>
  </link>
  <entry>
    <fullUrl value="urn:uuid:3abd58f7-f226-4358-bdfd-2bb64bc93552"/>
    <resource>
      <OperationOutcome>
        <id value="Example-OperationOutcome-Success"/>
        <meta>
          <profile value="http://hlth.gov.bc.ca/fhir/provider/StructureDefinition/bc-operation-outcome"/>
        </meta>
        <text>
          <status value="generated"/><div xmlns="http://www.w3.org/1999/xhtml"><p><b>Generated Narrative: OperationOutcome</b><a name="Example-OperationOutcome-Success"> </a></p><div style="display: inline-block; background-color: #d9e0e7; padding: 6px; margin: 4px; border: 1px solid #8da1b4; border-radius: 5px; line-height: 60%"><p style="margin-bottom: 0px">Resource OperationOutcome &quot;Example-OperationOutcome-Success&quot; </p><p style="margin-bottom: 0px">Profile: <a href="StructureDefinition-bc-operation-outcome.html">BCOperationOutcome</a></p></div><h3>Issues</h3><table class="grid"><tr><td style="display: none">-</td><td><b>Severity</b></td><td><b>Code</b></td><td><b>Details</b></td></tr><tr><td style="display: none">*</td><td>information</td><td>business-rule</td><td>The provider search is succesful <span style="background: LightGoldenRodYellow; margin: 4px; border: 1px solid khaki"> (bc-error-code-system#PRS.PRP.MTN.UNK.0.0.0000)</span></td></tr></table></div>
        </text>
        <issue>
          <severity value="information"/>
          <code value="business-rule"/>
          <details>
            <coding>
              <system value="https://terminology.hlth.gov.bc.ca/ProviderLocationRegistry/CodeSystem/bc-error-code-system"/>
              <code value="PRS.PRP.MTN.UNK.0.0.0000"/>
            </coding>
            <text value="The provider search is succesful"/>
          </details>
        </issue>
      </OperationOutcome>
    </resource>
    <search>
      <mode value="include"/>
    </search>
  </entry>
  <entry>
    <fullUrl value="https://plresb.hlth.gov.bc.ca/HSA-web/fhir-rs/Practitioner/IPC.00047422.BC.PRS"/>
    <resource>
      <Practitioner>
        <id value="IPC.00047422.BC.PRS"/>
        <meta>
          <profile value="http://hlth.gov.bc.ca/fhir/provider/StructureDefinition/bc-practitioner"/>
        </meta>
        <text>
          <status value="extensions"/><div xmlns="http://www.w3.org/1999/xhtml"><p><b>Generated Narrative: Practitioner</b><a name="IPC.00047422.BC.PRS"> </a></p><div style="display: inline-block; background-color: #d9e0e7; padding: 6px; margin: 4px; border: 1px solid #8da1b4; border-radius: 5px; line-height: 60%"><p style="margin-bottom: 0px">Resource Practitioner &quot;IPC.00047422.BC.PRS&quot; </p><p style="margin-bottom: 0px">Profile: <a href="StructureDefinition-bc-practitioner.html">BCPractitioner</a></p></div><p><b>BC Valid Period Extension</b>: 2012-12-07 --&gt; (ongoing)</p><p><b>BC Birth Place Extension</b>: Ottawa ON CA </p><blockquote><p><b>BC License Status Extension</b></p><blockquote><p><b>url</b></p><code>statusCode</code></blockquote><p><b>value</b>: SUSPENDED <span style="background: LightGoldenRodYellow; margin: 4px; border: 1px solid khaki"> (bc-license-status-code-system#SUSPENDED)</span></p><blockquote><p><b>url</b></p><code>statusReasonCode</code></blockquote><p><b>value</b>: LTP <span style="background: LightGoldenRodYellow; margin: 4px; border: 1px solid khaki"> (bc-license-status-reason-code-system#LTP)</span></p><blockquote><p><b>url</b></p><code>statusClassCode</code></blockquote><p><b>value</b>: LIC <span style="background: LightGoldenRodYellow; margin: 4px; border: 1px solid khaki"> (bc-license-status-class-code-system#LIC)</span></p><blockquote><p><b>url</b></p><code>period</code></blockquote><p><b>value</b>: 2022-06-24 --&gt; (ongoing)</p></blockquote><blockquote><p><b>BC Practitioner Disciplinary Actions Extension</b></p><blockquote><p><b>url</b></p><code>identifier</code></blockquote><p><b>value</b>: id: DA-1</p><blockquote><p><b>url</b></p><code>description</code></blockquote><p><b>value</b>: Description</p><blockquote><p><b>url</b></p><code>archiveDate</code></blockquote><p><b>value</b>: 2000-01-01</p><blockquote><p><b>url</b></p><a href="StructureDefinition-bc-period-extension.html">BC Valid Period Extension</a></blockquote><p><b>value</b>: 1998-01-02 --&gt; (ongoing)</p><blockquote><p><b>url</b></p><code>displayFlag</code></blockquote><p><b>value</b>: false</p></blockquote><blockquote><p><b>BC Notes Extension</b></p><blockquote><p><b>url</b></p><code>identifier</code></blockquote><p><b>value</b>: id: Note-2</p><blockquote><p><b>url</b></p><code>text</code></blockquote><p><b>value</b>: Note text</p><blockquote><p><b>url</b></p><a href="StructureDefinition-bc-period-extension.html">BC Valid Period Extension</a></blockquote><p><b>value</b>: 1998-01-02 --&gt; (ongoing)</p></blockquote><blockquote><p><b>BC Practitioner Conditions Extension</b></p><blockquote><p><b>url</b></p><code>identifier</code></blockquote><p><b>value</b>: id: Condition-1</p><blockquote><p><b>url</b></p><code>restriction</code></blockquote><p><b>value</b>: false</p><blockquote><p><b>url</b></p><code>restrictionText</code></blockquote><p><b>value</b>: Restriction text</p><blockquote><p><b>url</b></p><a href="http://hl7.org/fhir/R4/datatypes.html#code">code</a></blockquote><p><b>value</b>: EXP <span style="background: LightGoldenRodYellow; margin: 4px; border: 1px solid khaki"> (bc-condition-type-code-system#EXP)</span></p><blockquote><p><b>url</b></p><a href="StructureDefinition-bc-period-extension.html">BC Valid Period Extension</a></blockquote><p><b>value</b>: 1998-01-02 --&gt; (ongoing)</p></blockquote><blockquote><p><b>BC Confidentiality Extension</b></p><blockquote><p><b>url</b></p><a href="StructureDefinition-bc-period-extension.html">BC Valid Period Extension</a></blockquote><p><b>value</b>: 2000-01-01 --&gt; 2020-01-01</p><blockquote><p><b>url</b></p><a href="http://hl7.org/fhir/R4/datatypes.html#code">code</a></blockquote><p><b>value</b>: restricted <span style="background: LightGoldenRodYellow; margin: 4px; border: 1px solid khaki"> (<a href="http://terminology.hl7.org/5.0.0/CodeSystem-v3-Confidentiality.html">Confidentiality</a>#R)</span></p></blockquote><blockquote><p><b>BC Practitioner to Practitioner Relationship Extension</b></p><blockquote><p><b>url</b></p><a href="StructureDefinition-bc-period-extension.html">BC Valid Period Extension</a></blockquote><p><b>value</b>: 2022-06-30 --&gt; (ongoing)</p><blockquote><p><b>url</b></p><code>targetPractitioner</code></blockquote><p><b>value</b>: <span>id: IPC.00763483.BC.PRS (period: 2000-01-01 --&gt; (ongoing))</span></p><blockquote><p><b>url</b></p><code>relationshipType</code></blockquote><p><b>value</b>: WORKSAT <span style="background: LightGoldenRodYellow; margin: 4px; border: 1px solid khaki"> (bc-relationship-type-code-system#WORKSAT)</span></p><blockquote><p><b>url</b></p><code>logicalId</code></blockquote><p><b>value</b>: 987654</p></blockquote><p><b>identifier</b>: id: IPC.00047422.BC.PRS (period: 2000-01-01 --&gt; (ongoing))</p><p><b>name</b>: GivenName FamilyName (OFFICIAL)</p><p><b>telecom</b>: ph: 2501112234</p><p><b>address</b>: 1000 DOUGLAS ST VICTORIA BC V6P7B8 CA </p><p><b>gender</b>: male</p><p><b>birthDate</b>: 1934-01-02</p><h3>Qualifications</h3><table class="grid"><tr><td style="display: none">-</td><td><b>Extension</b></td><td><b>Code</b></td><td><b>Period</b></td><td><b>Issuer</b></td></tr><tr><td style="display: none">*</td><td/><td>BD <span style="background: LightGoldenRodYellow; margin: 4px; border: 1px solid khaki"> (<a href="https://simplifier.net/resolve?scope=hl7.fhir.ca.baseline@1.1.4&amp;canonical=http://fhir.infoway-inforoute.ca/CodeSystem/scpqual">pan-Canadian Provider Qualification Types</a>#BD)</span></td><td>2000-01-01 --&gt; (ongoing)</td><td><a name="grantingInstitution"> </a><blockquote><p/><p><a name="grantingInstitution"> </a></p><p><b>name</b>: University of Calgary</p><p><b>address</b>: CALGARY AB CA </p></blockquote></td></tr></table><p><b>communication</b>: B01 <span style="background: LightGoldenRodYellow; margin: 4px; border: 1px solid khaki"> (bc-language-code-system#B01)</span>, F16 <span style="background: LightGoldenRodYellow; margin: 4px; border: 1px solid khaki"> (bc-language-code-system#F16)</span></p><hr/><blockquote><p><b>Generated Narrative: Organization #grantingInstitution</b><a name="grantingInstitution"> </a></p><p><b>name</b>: University of Calgary</p><p><b>address</b>: CALGARY AB CA </p></blockquote></div>
        </text>
        <contained>
          <Organization>
            <id value="grantingInstitution"/>
            <meta>
              <profile value="http://hlth.gov.bc.ca/fhir/provider/StructureDefinition/bc-organization"/>
            </meta>
            <name value="University of Calgary"/>
            <address>
              <city value="CALGARY"/>
              <state value="AB"/>
              <country value="CA"/>
            </address>
          </Organization>
        </contained>
        <extension url="http://hlth.gov.bc.ca/fhir/provider/StructureDefinition/bc-period-extension">
          <valuePeriod>
            <start value="2012-12-07"/>
          </valuePeriod>
        </extension>
        <extension url="http://hlth.gov.bc.ca/fhir/provider/StructureDefinition/bc-birthplace-extension">
          <valueAddress>
            <city value="Ottawa"/>
            <state value="ON"/>
            <country value="CA"/>
          </valueAddress>
        </extension>
        <extension url="http://hlth.gov.bc.ca/fhir/provider/StructureDefinition/bc-license-status-extension">
          <extension url="statusCode">
            <valueCodeableConcept>
              <coding>
                <system value="https://terminology.hlth.gov.bc.ca/ProviderLocationRegistry/CodeSystem/bc-license-status-code-system"/>
                <code value="SUSPENDED"/>
              </coding>
            </valueCodeableConcept>
          </extension>
          <extension url="statusReasonCode">
            <valueCodeableConcept>
              <coding>
                <system value="https://terminology.hlth.gov.bc.ca/ProviderLocationRegistry/CodeSystem/bc-license-status-reason-code-system"/>
                <code value="LTP"/>
              </coding>
            </valueCodeableConcept>
          </extension>
          <extension url="statusClassCode">
            <valueCodeableConcept>
              <coding>
                <system value="https://terminology.hlth.gov.bc.ca/ProviderLocationRegistry/CodeSystem/bc-license-status-class-code-system"/>
                <code value="LIC"/>
              </coding>
            </valueCodeableConcept>
          </extension>
          <extension url="period">
            <valuePeriod>
              <start value="2022-06-24"/>
            </valuePeriod>
          </extension>
        </extension>
        <extension url="http://hlth.gov.bc.ca/fhir/provider/StructureDefinition/bc-practitioner-disciplinary-action-extension">
          <extension url="identifier">
            <valueIdentifier>
              <value value="DA-1"/>
            </valueIdentifier>
          </extension>
          <extension url="description">
            <valueString value="Description"/>
          </extension>
          <extension url="archiveDate">
            <valueDateTime value="2000-01-01"/>
          </extension>
          <extension url="http://hlth.gov.bc.ca/fhir/provider/StructureDefinition/bc-period-extension">
            <valuePeriod>
              <start value="1998-01-02"/>
            </valuePeriod>
          </extension>
          <extension url="displayFlag">
            <valueBoolean value="false"/>
          </extension>
        </extension>
        <extension url="http://hlth.gov.bc.ca/fhir/provider/StructureDefinition/bc-note-extension">
          <extension url="identifier">
            <valueIdentifier>
              <system value="http://hlth.gov.bc.ca/fhir/provider/identifier-system/bc-note-id"/>
              <value value="Note-2"/>
            </valueIdentifier>
          </extension>
          <extension url="text">
            <valueString value="Note text"/>
          </extension>
          <extension url="http://hlth.gov.bc.ca/fhir/provider/StructureDefinition/bc-period-extension">
            <valuePeriod>
              <start value="1998-01-02"/>
            </valuePeriod>
          </extension>
        </extension>
        <extension url="http://hlth.gov.bc.ca/fhir/provider/StructureDefinition/bc-practitioner-condition-extension">
          <extension url="identifier">
            <valueIdentifier>
              <system value="http://hlth.gov.bc.ca/fhir/provider/identifier-system/bc-condition-id"/>
              <value value="Condition-1"/>
            </valueIdentifier>
          </extension>
          <extension url="restriction">
            <valueBoolean value="false"/>
          </extension>
          <extension url="restrictionText">
            <valueString value="Restriction text"/>
          </extension>
          <extension url="code">
            <valueCodeableConcept>
              <coding>
                <system value="https://terminology.hlth.gov.bc.ca/ProviderLocationRegistry/CodeSystem/bc-condition-type-code-system"/>
                <code value="EXP"/>
              </coding>
            </valueCodeableConcept>
          </extension>
          <extension url="http://hlth.gov.bc.ca/fhir/provider/StructureDefinition/bc-period-extension">
            <valuePeriod>
              <start value="1998-01-02"/>
            </valuePeriod>
          </extension>
        </extension>
        <extension url="http://hlth.gov.bc.ca/fhir/provider/StructureDefinition/bc-confidentiality-extension">
          <extension url="http://hlth.gov.bc.ca/fhir/provider/StructureDefinition/bc-period-extension">
            <valuePeriod>
              <start value="2000-01-01"/>
              <end value="2020-01-01"/>
            </valuePeriod>
          </extension>
          <extension url="code">
            <valueCodeableConcept>
              <coding>
                <system value="http://terminology.hl7.org/CodeSystem/v3-Confidentiality"/>
                <code value="R"/>
              </coding>
            </valueCodeableConcept>
          </extension>
        </extension>
        <extension url="http://hlth.gov.bc.ca/fhir/provider/StructureDefinition/bc-practitioner-relationship-extension">
          <extension url="http://hlth.gov.bc.ca/fhir/provider/StructureDefinition/bc-period-extension">
            <valuePeriod>
              <start value="2022-06-30"/>
            </valuePeriod>
          </extension>
          <extension url="targetPractitioner">
            <valueReference>
              <identifier>
                <system value="http://hlth.gov.bc.ca/fhir/provider/identifier-system/IPC"/>
                <value value="IPC.00763483.BC.PRS"/>
                <period>
                  <start value="2000-01-01"/>
                </period>
              </identifier>
            </valueReference>
          </extension>
          <extension url="relationshipType">
            <valueCodeableConcept>
              <coding>
                <system value="https://terminology.hlth.gov.bc.ca/ProviderLocationRegistry/CodeSystem/bc-relationship-type-code-system"/>
                <code value="WORKSAT"/>
              </coding>
            </valueCodeableConcept>
          </extension>
          <extension url="logicalId">
            <valueString value="987654"/>
          </extension>
        </extension>
        <identifier>
          <system value="http://hlth.gov.bc.ca/fhir/provider/identifier-system/IPC"/>
          <value value="IPC.00047422.BC.PRS"/>
          <period>
            <start value="2000-01-01"/>
          </period>
        </identifier>
        <name>
          <use value="official"/>
          <family value="FamilyName"/>
          <given value="GivenName"/>
          <period>
            <start value="2012-12-07"/>
          </period>
        </name>
        <telecom>
          <extension url="http://hlth.gov.bc.ca/fhir/provider/StructureDefinition/bc-communication-purpose-code-extension">
            <valueCodeableConcept>
              <coding>
                <system value="https://terminology.hlth.gov.bc.ca/ProviderLocationRegistry/CodeSystem/bc-communication-purpose-code-system"/>
                <code value="BC"/>
              </coding>
            </valueCodeableConcept>
          </extension>
          <system value="phone"/>
          <value value="2501112234"/>
          <period>
            <start value="2000-02-02"/>
          </period>
        </telecom>
        <address>
          <extension url="http://hlth.gov.bc.ca/fhir/provider/StructureDefinition/bc-communication-purpose-code-extension">
            <valueCodeableConcept>
              <coding>
                <system value="https://terminology.hlth.gov.bc.ca/ProviderLocationRegistry/CodeSystem/bc-communication-purpose-code-system"/>
                <code value="BC"/>
              </coding>
            </valueCodeableConcept>
          </extension>
          <extension url="http://hlth.gov.bc.ca/fhir/provider/StructureDefinition/bc-address-validation-status-extension">
            <valueCodeableConcept>
              <coding>
                <system value="https://terminology.hlth.gov.bc.ca/ProviderLocationRegistry/CodeSystem/bc-address-validation-status-code-system"/>
                <code value="V"/>
              </coding>
            </valueCodeableConcept>
          </extension>
          <type value="postal"/>
          <line value="1000 DOUGLAS ST"/>
          <city value="VICTORIA"/>
          <state value="BC"/>
          <postalCode value="V6P7B8"/>
          <country value="CA"/>
          <period>
            <start value="2000-01-01"/>
          </period>
        </address>
        <gender value="male"/>
        <birthDate value="1934-01-02">
          <extension url="http://hlth.gov.bc.ca/fhir/provider/StructureDefinition/bc-birthtime-extension">
            <valueDateTime value="1951-11-12T00:00:01-06:00"/>
          </extension>
        </birthDate>
        <qualification>
          <extension url="http://hlth.gov.bc.ca/fhir/provider/StructureDefinition/bc-practitioner-qualification-extension">
            <extension url="designation">
              <valueString value="Designation"/>
            </extension>
            <extension url="equivalencyFlag">
              <valueBoolean value="false"/>
            </extension>
            <extension url="registrationNumber">
              <valueString value="Registration No."/>
            </extension>
            <extension url="issuedDate">
              <valueDateTime value="2000-02-03"/>
            </extension>
          </extension>
          <code>
            <coding>
              <system value="http://fhir.infoway-inforoute.ca/CodeSystem/scpqual"/>
              <code value="BD"/>
            </coding>
          </code>
          <period>
            <start value="2000-01-01"/>
          </period>
          <issuer>
            <reference value="#grantingInstitution"/>
          </issuer>
        </qualification>
        <communication>
          <extension url="http://hlth.gov.bc.ca/fhir/provider/StructureDefinition/bc-period-extension">
            <valuePeriod>
              <start value="2000-01-01"/>
            </valuePeriod>
          </extension>
          <extension url="http://hlth.gov.bc.ca/fhir/provider/StructureDefinition/bc-specialty-source-extension">
            <valueString value="Language Source"/>
          </extension>
          <coding>
            <system value="https://terminology.hlth.gov.bc.ca/ProviderLocationRegistry/CodeSystem/bc-language-code-system"/>
            <code value="B01"/>
          </coding>
        </communication>
        <communication>
          <extension url="http://hlth.gov.bc.ca/fhir/provider/StructureDefinition/bc-period-extension">
            <valuePeriod>
              <start value="2000-01-01"/>
            </valuePeriod>
          </extension>
          <extension url="http://hlth.gov.bc.ca/fhir/provider/StructureDefinition/bc-specialty-source-extension">
            <valueString value="Language Source"/>
          </extension>
          <coding>
            <system value="https://terminology.hlth.gov.bc.ca/ProviderLocationRegistry/CodeSystem/bc-language-code-system"/>
            <code value="F16"/>
          </coding>
        </communication>
      </Practitioner>
    </resource>
    <search>
      <mode value="match"/>
    </search>
  </entry>
  <entry>
    <fullUrl value="https://plresb.hlth.gov.bc.ca/HSA-web/fhir-rs/Practitioner/IPC.00187833.BC.PRS"/>
    <resource>
      <Practitioner>
        <id value="IPC.00187833.BC.PRS"/>
        <meta>
          <profile value="http://hlth.gov.bc.ca/fhir/provider/StructureDefinition/bc-practitioner"/>
        </meta>
        <text>
          <status value="extensions"/><div xmlns="http://www.w3.org/1999/xhtml"><p><b>Generated Narrative: Practitioner</b><a name="IPC.00187833.BC.PRS"> </a></p><div style="display: inline-block; background-color: #d9e0e7; padding: 6px; margin: 4px; border: 1px solid #8da1b4; border-radius: 5px; line-height: 60%"><p style="margin-bottom: 0px">Resource Practitioner &quot;IPC.00187833.BC.PRS&quot; </p><p style="margin-bottom: 0px">Profile: <a href="StructureDefinition-bc-practitioner.html">BCPractitioner</a></p></div><p><b>BC Valid Period Extension</b>: 2012-12-07 --&gt; (ongoing)</p><p><b>BC Birth Place Extension</b>: Ottawa ON CA </p><blockquote><p><b>BC License Status Extension</b></p><blockquote><p><b>url</b></p><code>statusCode</code></blockquote><p><b>value</b>: SUSPENDED <span style="background: LightGoldenRodYellow; margin: 4px; border: 1px solid khaki"> (bc-license-status-code-system#SUSPENDED)</span></p><blockquote><p><b>url</b></p><code>statusReasonCode</code></blockquote><p><b>value</b>: LTP <span style="background: LightGoldenRodYellow; margin: 4px; border: 1px solid khaki"> (bc-license-status-reason-code-system#LTP)</span></p><blockquote><p><b>url</b></p><code>statusClassCode</code></blockquote><p><b>value</b>: LIC <span style="background: LightGoldenRodYellow; margin: 4px; border: 1px solid khaki"> (bc-license-status-class-code-system#LIC)</span></p><blockquote><p><b>url</b></p><code>period</code></blockquote><p><b>value</b>: 2022-06-24 --&gt; (ongoing)</p></blockquote><blockquote><p><b>BC Practitioner Conditions Extension</b></p><blockquote><p><b>url</b></p><code>identifier</code></blockquote><p><b>value</b>: id: Condition-1</p><blockquote><p><b>url</b></p><code>restriction</code></blockquote><p><b>value</b>: false</p><blockquote><p><b>url</b></p><code>restrictionText</code></blockquote><p><b>value</b>: Restriction text</p><blockquote><p><b>url</b></p><a href="http://hl7.org/fhir/R4/datatypes.html#code">code</a></blockquote><p><b>value</b>: EXP <span style="background: LightGoldenRodYellow; margin: 4px; border: 1px solid khaki"> (bc-condition-type-code-system#EXP)</span></p><blockquote><p><b>url</b></p><a href="StructureDefinition-bc-period-extension.html">BC Valid Period Extension</a></blockquote><p><b>value</b>: 1998-01-02 --&gt; (ongoing)</p></blockquote><blockquote><p><b>BC Confidentiality Extension</b></p><blockquote><p><b>url</b></p><a href="StructureDefinition-bc-period-extension.html">BC Valid Period Extension</a></blockquote><p><b>value</b>: 2000-01-01 --&gt; 2020-01-01</p><blockquote><p><b>url</b></p><a href="http://hl7.org/fhir/R4/datatypes.html#code">code</a></blockquote><p><b>value</b>: restricted <span style="background: LightGoldenRodYellow; margin: 4px; border: 1px solid khaki"> (<a href="http://terminology.hl7.org/5.0.0/CodeSystem-v3-Confidentiality.html">Confidentiality</a>#R)</span></p></blockquote><blockquote><p><b>BC Practitioner to Practitioner Relationship Extension</b></p><blockquote><p><b>url</b></p><a href="StructureDefinition-bc-period-extension.html">BC Valid Period Extension</a></blockquote><p><b>value</b>: 2022-06-30 --&gt; (ongoing)</p><blockquote><p><b>url</b></p><code>targetPractitioner</code></blockquote><p><b>value</b>: <span>id: IPC.00763483.BC.PRS (period: 2000-01-01 --&gt; (ongoing))</span></p><blockquote><p><b>url</b></p><code>relationshipType</code></blockquote><p><b>value</b>: WORKSAT <span style="background: LightGoldenRodYellow; margin: 4px; border: 1px solid khaki"> (bc-relationship-type-code-system#WORKSAT)</span></p><blockquote><p><b>url</b></p><code>logicalId</code></blockquote><p><b>value</b>: 987654</p></blockquote><p><b>identifier</b>: id: IPC.00187833.BC.PRS (period: 2000-01-01 --&gt; (ongoing))</p><p><b>name</b>: GivenName FamilyName (OFFICIAL)</p><p><b>telecom</b>: ph: 2501112234</p><p><b>address</b>: 1001000 DOUGLAS ST VICTORIA BC Z6P7U8 CA </p><p><b>gender</b>: male</p><p><b>birthDate</b>: 1962-11-02</p><h3>Qualifications</h3><table class="grid"><tr><td style="display: none">-</td><td><b>Extension</b></td><td><b>Code</b></td><td><b>Period</b></td><td><b>Issuer</b></td></tr><tr><td style="display: none">*</td><td/><td>BD <span style="background: LightGoldenRodYellow; margin: 4px; border: 1px solid khaki"> (<a href="https://simplifier.net/resolve?scope=hl7.fhir.ca.baseline@1.1.4&amp;canonical=http://fhir.infoway-inforoute.ca/CodeSystem/scpqual">pan-Canadian Provider Qualification Types</a>#BD)</span></td><td>2000-01-01 --&gt; (ongoing)</td><td><a name="grantingInstitution"> </a><blockquote><p/><p><a name="grantingInstitution"> </a></p><p><b>name</b>: University of Calgary</p><p><b>address</b>: CALGARY AB CA </p></blockquote></td></tr></table><p><b>communication</b>: B01 <span style="background: LightGoldenRodYellow; margin: 4px; border: 1px solid khaki"> (bc-language-code-system#B01)</span>, F16 <span style="background: LightGoldenRodYellow; margin: 4px; border: 1px solid khaki"> (bc-language-code-system#F16)</span></p><hr/><blockquote><p><b>Generated Narrative: Organization #grantingInstitution</b><a name="grantingInstitution"> </a></p><p><b>name</b>: University of Calgary</p><p><b>address</b>: CALGARY AB CA </p></blockquote></div>
        </text>
        <contained>
          <Organization>
            <id value="grantingInstitution"/>
            <meta>
              <profile value="http://hlth.gov.bc.ca/fhir/provider/StructureDefinition/bc-organization"/>
            </meta>
            <name value="University of Calgary"/>
            <address>
              <city value="CALGARY"/>
              <state value="AB"/>
              <country value="CA"/>
            </address>
          </Organization>
        </contained>
        <extension url="http://hlth.gov.bc.ca/fhir/provider/StructureDefinition/bc-period-extension">
          <valuePeriod>
            <start value="2012-12-07"/>
          </valuePeriod>
        </extension>
        <extension url="http://hlth.gov.bc.ca/fhir/provider/StructureDefinition/bc-birthplace-extension">
          <valueAddress>
            <city value="Ottawa"/>
            <state value="ON"/>
            <country value="CA"/>
          </valueAddress>
        </extension>
        <extension url="http://hlth.gov.bc.ca/fhir/provider/StructureDefinition/bc-license-status-extension">
          <extension url="statusCode">
            <valueCodeableConcept>
              <coding>
                <system value="https://terminology.hlth.gov.bc.ca/ProviderLocationRegistry/CodeSystem/bc-license-status-code-system"/>
                <code value="SUSPENDED"/>
              </coding>
            </valueCodeableConcept>
          </extension>
          <extension url="statusReasonCode">
            <valueCodeableConcept>
              <coding>
                <system value="https://terminology.hlth.gov.bc.ca/ProviderLocationRegistry/CodeSystem/bc-license-status-reason-code-system"/>
                <code value="LTP"/>
              </coding>
            </valueCodeableConcept>
          </extension>
          <extension url="statusClassCode">
            <valueCodeableConcept>
              <coding>
                <system value="https://terminology.hlth.gov.bc.ca/ProviderLocationRegistry/CodeSystem/bc-license-status-class-code-system"/>
                <code value="LIC"/>
              </coding>
            </valueCodeableConcept>
          </extension>
          <extension url="period">
            <valuePeriod>
              <start value="2022-06-24"/>
            </valuePeriod>
          </extension>
        </extension>
        <extension url="http://hlth.gov.bc.ca/fhir/provider/StructureDefinition/bc-practitioner-condition-extension">
          <extension url="identifier">
            <valueIdentifier>
              <system value="http://hlth.gov.bc.ca/fhir/provider/identifier-system/bc-condition-id"/>
              <value value="Condition-1"/>
            </valueIdentifier>
          </extension>
          <extension url="restriction">
            <valueBoolean value="false"/>
          </extension>
          <extension url="restrictionText">
            <valueString value="Restriction text"/>
          </extension>
          <extension url="code">
            <valueCodeableConcept>
              <coding>
                <system value="https://terminology.hlth.gov.bc.ca/ProviderLocationRegistry/CodeSystem/bc-condition-type-code-system"/>
                <code value="EXP"/>
              </coding>
            </valueCodeableConcept>
          </extension>
          <extension url="http://hlth.gov.bc.ca/fhir/provider/StructureDefinition/bc-period-extension">
            <valuePeriod>
              <start value="1998-01-02"/>
            </valuePeriod>
          </extension>
        </extension>
        <extension url="http://hlth.gov.bc.ca/fhir/provider/StructureDefinition/bc-confidentiality-extension">
          <extension url="http://hlth.gov.bc.ca/fhir/provider/StructureDefinition/bc-period-extension">
            <valuePeriod>
              <start value="2000-01-01"/>
              <end value="2020-01-01"/>
            </valuePeriod>
          </extension>
          <extension url="code">
            <valueCodeableConcept>
              <coding>
                <system value="http://terminology.hl7.org/CodeSystem/v3-Confidentiality"/>
                <code value="R"/>
              </coding>
            </valueCodeableConcept>
          </extension>
        </extension>
        <extension url="http://hlth.gov.bc.ca/fhir/provider/StructureDefinition/bc-practitioner-relationship-extension">
          <extension url="http://hlth.gov.bc.ca/fhir/provider/StructureDefinition/bc-period-extension">
            <valuePeriod>
              <start value="2022-06-30"/>
            </valuePeriod>
          </extension>
          <extension url="targetPractitioner">
            <valueReference>
              <identifier>
                <system value="http://hlth.gov.bc.ca/fhir/provider/identifier-system/IPC"/>
                <value value="IPC.00763483.BC.PRS"/>
                <period>
                  <start value="2000-01-01"/>
                </period>
              </identifier>
            </valueReference>
          </extension>
          <extension url="relationshipType">
            <valueCodeableConcept>
              <coding>
                <system value="https://terminology.hlth.gov.bc.ca/ProviderLocationRegistry/CodeSystem/bc-relationship-type-code-system"/>
                <code value="WORKSAT"/>
              </coding>
            </valueCodeableConcept>
          </extension>
          <extension url="logicalId">
            <valueString value="987654"/>
          </extension>
        </extension>
        <identifier>
          <system value="http://hlth.gov.bc.ca/fhir/provider/identifier-system/IPC"/>
          <value value="IPC.00187833.BC.PRS"/>
          <period>
            <start value="2000-01-01"/>
          </period>
        </identifier>
        <name>
          <use value="official"/>
          <family value="FamilyName"/>
          <given value="GivenName"/>
          <period>
            <start value="2012-12-07"/>
          </period>
        </name>
        <telecom>
          <extension url="http://hlth.gov.bc.ca/fhir/provider/StructureDefinition/bc-communication-purpose-code-extension">
            <valueCodeableConcept>
              <coding>
                <system value="https://terminology.hlth.gov.bc.ca/ProviderLocationRegistry/CodeSystem/bc-communication-purpose-code-system"/>
                <code value="BC"/>
              </coding>
            </valueCodeableConcept>
          </extension>
          <system value="phone"/>
          <value value="2501112234"/>
          <period>
            <start value="2000-02-02"/>
          </period>
        </telecom>
        <address>
          <extension url="http://hlth.gov.bc.ca/fhir/provider/StructureDefinition/bc-communication-purpose-code-extension">
            <valueCodeableConcept>
              <coding>
                <system value="https://terminology.hlth.gov.bc.ca/ProviderLocationRegistry/CodeSystem/bc-communication-purpose-code-system"/>
                <code value="BC"/>
              </coding>
            </valueCodeableConcept>
          </extension>
          <extension url="http://hlth.gov.bc.ca/fhir/provider/StructureDefinition/bc-address-validation-status-extension">
            <valueCodeableConcept>
              <coding>
                <system value="https://terminology.hlth.gov.bc.ca/ProviderLocationRegistry/CodeSystem/bc-address-validation-status-code-system"/>
                <code value="I"/>
              </coding>
            </valueCodeableConcept>
          </extension>
          <type value="postal"/>
          <line value="1001000 DOUGLAS ST"/>
          <city value="VICTORIA"/>
          <state value="BC"/>
          <postalCode value="Z6P7U8"/>
          <country value="CA"/>
          <period>
            <start value="2000-01-01"/>
          </period>
        </address>
        <gender value="male"/>
        <birthDate value="1962-11-02">
          <extension url="http://hlth.gov.bc.ca/fhir/provider/StructureDefinition/bc-birthtime-extension">
            <valueDateTime value="1962-11-02T00:00:01-06:00"/>
          </extension>
        </birthDate>
        <qualification>
          <extension url="http://hlth.gov.bc.ca/fhir/provider/StructureDefinition/bc-practitioner-qualification-extension">
            <extension url="designation">
              <valueString value="Designation"/>
            </extension>
            <extension url="equivalencyFlag">
              <valueBoolean value="false"/>
            </extension>
            <extension url="registrationNumber">
              <valueString value="Registration No."/>
            </extension>
            <extension url="issuedDate">
              <valueDateTime value="2000-02-03"/>
            </extension>
          </extension>
          <code>
            <coding>
              <system value="http://fhir.infoway-inforoute.ca/CodeSystem/scpqual"/>
              <code value="BD"/>
            </coding>
          </code>
          <period>
            <start value="2000-01-01"/>
          </period>
          <issuer>
            <reference value="#grantingInstitution"/>
          </issuer>
        </qualification>
        <communication>
          <extension url="http://hlth.gov.bc.ca/fhir/provider/StructureDefinition/bc-period-extension">
            <valuePeriod>
              <start value="2000-01-01"/>
            </valuePeriod>
          </extension>
          <extension url="http://hlth.gov.bc.ca/fhir/provider/StructureDefinition/bc-specialty-source-extension">
            <valueString value="Language Source"/>
          </extension>
          <coding>
            <system value="https://terminology.hlth.gov.bc.ca/ProviderLocationRegistry/CodeSystem/bc-language-code-system"/>
            <code value="B01"/>
          </coding>
        </communication>
        <communication>
          <extension url="http://hlth.gov.bc.ca/fhir/provider/StructureDefinition/bc-period-extension">
            <valuePeriod>
              <start value="2000-01-01"/>
            </valuePeriod>
          </extension>
          <extension url="http://hlth.gov.bc.ca/fhir/provider/StructureDefinition/bc-specialty-source-extension">
            <valueString value="Language Source"/>
          </extension>
          <coding>
            <system value="https://terminology.hlth.gov.bc.ca/ProviderLocationRegistry/CodeSystem/bc-language-code-system"/>
            <code value="F16"/>
          </coding>
        </communication>
      </Practitioner>
    </resource>
    <search>
      <mode value="match"/>
    </search>
  </entry>
</Bundle>