<?xml version="1.0" encoding="UTF-8"?>

<CodeSystem xmlns="http://hl7.org/fhir">
  <id value="bc-service-type-code-system"/>
  <text>
    <status value="generated"/><div xmlns="http://www.w3.org/1999/xhtml"><p>This case-sensitive code system <code>https://terminology.hlth.gov.bc.ca/ProviderLocationRegistry/CodeSystem/bc-service-type-code-system</code> defines the following codes:</p><table class="codes"><tr><td style="white-space:nowrap"><b>Code</b></td><td><b>Definition</b></td></tr><tr><td style="white-space:nowrap">catalogue<a name="bc-service-type-code-system-catalogue"> </a></td><td>BC Catalogue HealthCare Service</td></tr><tr><td style="white-space:nowrap">clinical<a name="bc-service-type-code-system-clinical"> </a></td><td>BC Clinical HealthCare Service</td></tr></table></div>
  </text>
  <url value="https://terminology.hlth.gov.bc.ca/ProviderLocationRegistry/CodeSystem/bc-service-type-code-system"/>
  <version value="1.0.0"/>
  <name value="ServiceTypeCS"/>
  <title value="BC Service type codes"/>
  <status value="draft"/>
  <experimental value="false"/>
  <date value="2023-11-09T22:35:19+00:00"/>
  <publisher value="BC Ministry of Health"/>
  <contact>
    <name value="BC Ministry of Health"/>
    <telecom>
      <system value="url"/>
      <value value="https://www2.gov.bc.ca/gov/content/governments/organizational-structure/ministries-organizations/ministries/health"/>
    </telecom>
  </contact>
  <description value="BC Service type Codes"/>
  <jurisdiction>
    <coding>
      <system value="urn:iso:std:iso:3166"/>
      <code value="CA"/>
      <display value="Canada"/>
    </coding>
  </jurisdiction>
  <caseSensitive value="true"/>
  <content value="complete"/>
  <count value="2"/>
  <concept>
    <code value="catalogue"/>
    <display value="catalogue"/>
    <definition value="BC Catalogue HealthCare Service"/>
  </concept>
  <concept>
    <code value="clinical"/>
    <display value="clinical"/>
    <definition value="BC Clinical HealthCare Service"/>
  </concept>
</CodeSystem>