<?xml version="1.0" encoding="UTF-8"?>

<CodeSystem xmlns="http://hl7.org/fhir">
  <id value="bc-practitioner-role-code-system"/>
  <text>
    <status value="generated"/><div xmlns="http://www.w3.org/1999/xhtml"><p>This code system <code>https://terminology.hlth.gov.bc.ca/ProviderLocationRegistry/CodeSystem/bc-practitioner-role-code-system</code> defines the following codes:</p><table class="codes"><tr><td style="white-space:nowrap"><b>Code</b></td><td><b>Definition</b></td></tr><tr><td style="white-space:nowrap">org<a name="bc-practitioner-role-code-system-org"> </a></td><td>The organization role.</td></tr><tr><td style="white-space:nowrap">OOP-MD<a name="bc-practitioner-role-code-system-OOP-MD"> </a></td><td>Out Of Province MD</td></tr></table></div>
  </text>
  <url value="https://terminology.hlth.gov.bc.ca/ProviderLocationRegistry/CodeSystem/bc-practitioner-role-code-system"/>
  <version value="1.0.0"/>
  <name value="PractitionerRoleCS"/>
  <title value="BC-Specific Practitioner Role Codes"/>
  <status value="active"/>
  <experimental value="false"/>
  <date value="2022-12-20T17:05:36+00:00"/>
  <publisher value="BC Ministry of Health"/>
  <contact>
    <name value="BC Ministry of Health"/>
    <telecom>
      <system value="url"/>
      <value value="https://www2.gov.bc.ca/gov/content/governments/organizational-structure/ministries-organizations/ministries/health"/>
    </telecom>
  </contact>
  <description value="BC-Specific codes for practitioner roles."/>
  <jurisdiction>
    <coding>
      <system value="urn:iso:std:iso:3166"/>
      <code value="CA"/>
      <display value="Canada"/>
    </coding>
  </jurisdiction>
  <caseSensitive value="true"/>
  <content value="complete"/>
  <count value="2"/>
  <concept>
    <code value="org"/>
    <display value="org"/>
    <definition value="The organization role."/>
  </concept>
  <concept>
    <code value="OOP-MD"/>
    <display value="OOP-MD"/>
    <definition value="Out Of Province MD"/>
  </concept>
</CodeSystem>