<?xml version="1.0" encoding="UTF-8"?>

<OperationDefinition xmlns="http://hl7.org/fhir">
  <id value="bc-maintain"/>
  <text>
    <status value="extensions"/><div xmlns="http://www.w3.org/1999/xhtml">Placeholder</div>
  </text>
  <url value="http://hlth.gov.bc.ca/fhir/provider/OperationDefinition/bc-maintain"/>
  <version value="1.0.0"/>
  <name value="Maintain"/>
  <title value="Maintain PLR entities."/>
  <status value="draft"/>
  <kind value="operation"/>
  <date value="2023-08-22T20:07:10+00:00"/>
  <publisher value="BC Ministry of Health"/>
  <contact>
    <name value="BC Ministry of Health"/>
    <telecom>
      <system value="url"/>
      <value value="https://www2.gov.bc.ca/gov/content/governments/organizational-structure/ministries-organizations/ministries/health"/>
    </telecom>
  </contact>
  <description value="This operation is used to create and update the resources that represent a Provider or Facility."/>
  <jurisdiction>
    <coding>
      <system value="urn:iso:std:iso:3166"/>
      <code value="CA"/>
      <display value="Canada"/>
    </coding>
  </jurisdiction>
  <code value="maintain"/>
  <resource value="Bundle"/>
  <system value="true"/>
  <type value="false"/>
  <instance value="false"/>
  <parameter>
    <name value="messageId"/>
    <use value="in"/>
    <min value="1"/>
    <max value="1"/>
    <documentation value="A unique message ID."/>
    <type value="string"/>
  </parameter>
  <parameter>
    <name value="messageTime"/>
    <use value="in"/>
    <min value="1"/>
    <max value="1"/>
    <documentation value="When the message was sent."/>
    <type value="dateTime"/>
  </parameter>
  <parameter>
    <name value="maintain"/>
    <use value="in"/>
    <min value="1"/>
    <max value="1"/>
    <documentation value="A [BC Practitioner Bundle](StructureDefinition-bc-practitioner-bundle.html), or [BC Organization Bundle](StructureDefinition-bc-organization-bundle.html) or a [BC Location Bundle](StructureDefinition-bc-location-bundle.html)."/>
    <type value="Bundle"/>
  </parameter>
  <parameter>
    <name value="messageId"/>
    <use value="out"/>
    <min value="1"/>
    <max value="1"/>
    <documentation value="A unique message ID."/>
    <type value="string"/>
  </parameter>
  <parameter>
    <name value="messageTime"/>
    <use value="out"/>
    <min value="1"/>
    <max value="1"/>
    <documentation value="When the message was sent."/>
    <type value="dateTime"/>
  </parameter>
  <parameter>
    <name value="requestMessageId"/>
    <use value="out"/>
    <min value="1"/>
    <max value="1"/>
    <documentation value="The request message ID."/>
    <type value="string"/>
  </parameter>
  <parameter>
    <name value="maintain"/>
    <use value="out"/>
    <min value="0"/>
    <max value="1"/>
    <documentation value="A [BC Practitioner Bundle](StructureDefinition-bc-practitioner-bundle.html), or [BC Organization Bundle](StructureDefinition-bc-organization-bundle.html) or a [BC Location Bundle](StructureDefinition-bc-location-bundle.html)."/>
    <type value="Bundle"/>
  </parameter>
  <parameter>
    <name value="outcome"/>
    <use value="out"/>
    <min value="1"/>
    <max value="1"/>
    <documentation value="The operation outcome - success, warning and error messages."/>
    <type value="OperationOutcome"/>
  </parameter>
</OperationDefinition>