<?xml version="1.0" encoding="UTF-8"?>

<OperationDefinition xmlns="http://hl7.org/fhir">
  <id value="bc-distribution"/>
  <text>
    <status value="extensions"/><div xmlns="http://www.w3.org/1999/xhtml"><h2>Distribution</h2><p>OPERATION: Distribution</p><p>The official URL for this operation definition is: </p><pre>http://hl7.org/fhir/ca-bc/provider/OperationDefinition/bc-distribution</pre><p>URL: [base]/Bundle/$distribution</p><p>Parameters</p><table class="grid"><tr><td><b>Use</b></td><td><b>Name</b></td><td><b>Cardinality</b></td><td><b>Type</b></td><td><b>Binding</b></td><td><b>Documentation</b></td></tr><tr><td>IN</td><td>messageId</td><td>1..1</td><td><a href="http://hl7.org/fhir/R4/datatypes.html#string">string</a></td><td/><td><div><p>A unique message ID.</p>
</div></td></tr><tr><td>IN</td><td>messageTime</td><td>1..1</td><td><a href="http://hl7.org/fhir/R4/datatypes.html#dateTime">dateTime</a></td><td/><td><div><p>When the message was sent.</p>
</div></td></tr><tr><td>IN</td><td>distribution</td><td>1..1</td><td><a href="http://hl7.org/fhir/R4/bundle.html">Bundle</a></td><td/><td><div><p>A <a href="StructureDefinition-bc-practitioner-bundle.html">BC Practitioner Bundle</a>, or <a href="StructureDefinition-bc-organization-bundle.html">BC Organization Bundle</a> or a <a href="StructureDefinition-bc-location-bundle.html">BC Location Bundle</a> with the latest Provider/Facility data.</p>
</div></td></tr></table></div>
  </text>
  <url value="http://hl7.org/fhir/ca-bc/provider/OperationDefinition/bc-distribution"/>
  <version value="0.1.0"/>
  <name value="Distribution"/>
  <title value="PLR entities sent out in a distribution."/>
  <status value="draft"/>
  <kind value="operation"/>
  <date value="2022-09-01T17:06:09+00:00"/>
  <publisher value="BC Ministry of Health"/>
  <contact>
    <name value="BC Ministry of Health"/>
    <telecom>
      <system value="url"/>
      <value value="https://www2.gov.bc.ca/gov/content/governments/organizational-structure/ministries-organizations/ministries/health"/>
    </telecom>
  </contact>
  <jurisdiction>
    <coding>
      <system value="urn:iso:std:iso:3166"/>
      <code value="CA"/>
      <display value="Canada"/>
    </coding>
  </jurisdiction>
  <code value="distribution"/>
  <resource value="Bundle"/>
  <system value="false"/>
  <type value="true"/>
  <instance value="false"/>
  <parameter>
    <name value="messageId"/>
    <use value="in"/>
    <min value="1"/>
    <max value="1"/>
    <documentation value="A unique message ID."/>
    <type value="string"/>
  </parameter>
  <parameter>
    <name value="messageTime"/>
    <use value="in"/>
    <min value="1"/>
    <max value="1"/>
    <documentation value="When the message was sent."/>
    <type value="dateTime"/>
  </parameter>
  <parameter>
    <name value="distribution"/>
    <use value="in"/>
    <min value="1"/>
    <max value="1"/>
    <documentation value="A [BC Practitioner Bundle](StructureDefinition-bc-practitioner-bundle.html), or [BC Organization Bundle](StructureDefinition-bc-organization-bundle.html) or a [BC Location Bundle](StructureDefinition-bc-location-bundle.html) with the latest Provider/Facility data."/>
    <type value="Bundle"/>
  </parameter>
</OperationDefinition>