<?xml version="1.0" encoding="UTF-8"?>

<OperationDefinition xmlns="http://hl7.org/fhir">
  <id value="bc-entity-organization-query"/>
  <text>
    <status value="extensions"/><div xmlns="http://www.w3.org/1999/xhtml">Placeholder</div>
  </text>
  <url value="http://hlth.gov.bc.ca/fhir/provider/OperationDefinition/bc-entity-organization-query"/>
  <version value="1.0.0"/>
  <name value="OrganizationEntityQuery"/>
  <title value="Query for an organization without returning associations"/>
  <status value="draft"/>
  <kind value="query"/>
  <date value="2023-08-25T21:39:06+00:00"/>
  <publisher value="BC Ministry of Health"/>
  <contact>
    <name value="BC Ministry of Health"/>
    <telecom>
      <system value="url"/>
      <value value="https://www2.gov.bc.ca/gov/content/governments/organizational-structure/ministries-organizations/ministries/health"/>
    </telecom>
  </contact>
  <description value="This operation is used to query for an organization and will return the information for that organization without following associations to other providers, organizations, or facilities."/>
  <jurisdiction>
    <coding>
      <system value="urn:iso:std:iso:3166"/>
      <code value="CA"/>
      <display value="Canada"/>
    </coding>
  </jurisdiction>
  <code value="entityQuery"/>
  <resource value="Organization"/>
  <system value="false"/>
  <type value="true"/>
  <instance value="true"/>
  <parameter>
    <name value="name"/>
    <use value="in"/>
    <min value="0"/>
    <max value="1"/>
    <documentation value="Search for organizations with the specified name."/>
    <type value="string"/>
    <searchType value="string"/>
  </parameter>
  <parameter>
    <name value="address-city"/>
    <use value="in"/>
    <min value="0"/>
    <max value="1"/>
    <documentation value="Search for organizations with the specified city."/>
    <type value="string"/>
    <searchType value="string"/>
  </parameter>
</OperationDefinition>