<?xml version="1.0" encoding="UTF-8"?>

<OperationDefinition xmlns="http://hl7.org/fhir">
  <id value="bc-extended-practitioner-query"/>
  <text>
    <status value="extensions"/><div xmlns="http://www.w3.org/1999/xhtml">Placeholder</div>
  </text>
  <url value="http://hlth.gov.bc.ca/fhir/provider/OperationDefinition/bc-extended-practitioner-query"/>
  <version value="1.0.0"/>
  <name value="PractitionerExtendedQuery"/>
  <title value="Query for a Practitioner that returns associated resources"/>
  <status value="draft"/>
  <kind value="query"/>
  <date value="2023-08-22T22:16:03+00:00"/>
  <publisher value="BC Ministry of Health"/>
  <contact>
    <name value="BC Ministry of Health"/>
    <telecom>
      <system value="url"/>
      <value value="https://www2.gov.bc.ca/gov/content/governments/organizational-structure/ministries-organizations/ministries/health"/>
    </telecom>
  </contact>
  <description value="This operation is used to query for a provider and will return the information for that provider along with any instances that can be found by following associations to other providers, organizations, or facilities."/>
  <jurisdiction>
    <coding>
      <system value="urn:iso:std:iso:3166"/>
      <code value="CA"/>
      <display value="Canada"/>
    </coding>
  </jurisdiction>
  <code value="extendedQuery"/>
  <resource value="Practitioner"/>
  <system value="false"/>
  <type value="true"/>
  <instance value="true"/>
  <parameter>
    <name value="surname"/>
    <use value="in"/>
    <min value="0"/>
    <max value="1"/>
    <documentation value="Search for practitioners with the specified surname."/>
    <type value="string"/>
    <searchType value="string"/>
  </parameter>
  <parameter>
    <name value="given-name"/>
    <use value="in"/>
    <min value="0"/>
    <max value="1"/>
    <documentation value="Search for practitioners with the specified given name."/>
    <type value="string"/>
    <searchType value="string"/>
  </parameter>
  <parameter>
    <name value="status"/>
    <use value="in"/>
    <min value="0"/>
    <max value="1"/>
    <documentation value="Search for practitioners with a license that has the specified status."/>
    <type value="string"/>
    <searchType value="token"/>
  </parameter>
  <parameter>
    <name value="address-city"/>
    <use value="in"/>
    <min value="0"/>
    <max value="1"/>
    <documentation value="Search for practitioners with an address that includes the given city."/>
    <type value="string"/>
    <searchType value="string"/>
  </parameter>
  <parameter>
    <name value="gender"/>
    <use value="in"/>
    <min value="0"/>
    <max value="1"/>
    <documentation value="Search for practitioners with the specified gender."/>
    <type value="string"/>
    <searchType value="token"/>
  </parameter>
  <parameter>
    <name value="role"/>
    <use value="in"/>
    <min value="0"/>
    <max value="1"/>
    <documentation value="Search for practitioners that have an associated PractitionerRole code with the specified value."/>
    <type value="string"/>
    <searchType value="token"/>
  </parameter>
  <parameter>
    <name value="language"/>
    <use value="in"/>
    <min value="0"/>
    <max value="1"/>
    <documentation value="Search for practitioners who can communicate with the specified language code."/>
    <type value="string"/>
    <searchType value="token"/>
  </parameter>
  <parameter>
    <name value="expertise"/>
    <use value="in"/>
    <min value="0"/>
    <max value="1"/>
    <documentation value="Search for practitioners with a qualification that matches the specified expertise."/>
    <type value="string"/>
    <searchType value="token"/>
  </parameter>
  <parameter>
    <name value="status-reason"/>
    <use value="in"/>
    <min value="0"/>
    <max value="1"/>
    <documentation value="Search for practitioners with a license that has the specified status reason."/>
    <type value="string"/>
    <searchType value="token"/>
  </parameter>
</OperationDefinition>