<?xml version="1.0" encoding="UTF-8"?>

<OrganizationAffiliation xmlns="http://hl7.org/fhir">
  <id value="Example-OrganizationAffiliation-1-OrgRef-FromOrg"/>
  <meta>
    <profile value="http://hl7.org/fhir/ca-bc/provider/StructureDefinition/bc-organization-affiliation"/>
  </meta>
  <text>
    <status value="generated"/><div xmlns="http://www.w3.org/1999/xhtml"><p><b>Generated Narrative: OrganizationAffiliation</b><a name="Example-OrganizationAffiliation-1-OrgRef-FromOrg"> </a></p><div style="display: inline-block; background-color: #d9e0e7; padding: 6px; margin: 4px; border: 1px solid #8da1b4; border-radius: 5px; line-height: 60%"><p style="margin-bottom: 0px">Resource OrganizationAffiliation "Example-OrganizationAffiliation-1-OrgRef-FromOrg" </p><p style="margin-bottom: 0px">Profile: <a href="StructureDefinition-bc-organization-affiliation.html">BCOrganizationAffiliation</a></p></div><p><b>period</b>: 2000-01-01 --&gt; (ongoing)</p><p><b>organization</b>: <span></span></p><p><b>participatingOrganization</b>: <span></span></p><p><b>code</b>: deptof <span style="background: LightGoldenRodYellow; margin: 4px; border: 1px solid khaki"> (bc-relationship-type-code#deptof)</span></p></div>
  </text>
  <period>
    <start value="2000-01-01"/>
  </period>
  <organization>
    <identifier>
      <system value="https://plr.hlth.gov.bc.ca/plr/identifier-system/IPC"/>
      <value value="IPC.00147433.BC.PRS"/>
      <period>
        <start value="2000-01-01"/>
      </period>
    </identifier>
  </organization>
  <participatingOrganization>
    <identifier>
      <system value="https://plr.hlth.gov.bc.ca/plr/identifier-system/IPC"/>
      <value value="IPC.001164553.BC.PRS"/>
      <period>
        <start value="2000-02-02"/>
      </period>
    </identifier>
  </participatingOrganization>
  <code>
    <coding>
      <system value="https://plr.hlth.gov.bc.ca/plr/codes/bc-relationship-type-code"/>
      <code value="deptof"/>
    </coding>
  </code>
</OrganizationAffiliation>