<?xml version="1.0" encoding="UTF-8"?>

<Organization xmlns="http://hl7.org/fhir">
  <id value="Example-Organization-2"/>
  <meta>
    <profile value="http://hl7.org/fhir/ca-bc/provider/StructureDefinition/bc-organization"/>
  </meta>
  <text>
    <status value="extensions"/><div xmlns="http://www.w3.org/1999/xhtml"><p><b>Generated Narrative</b></p><div style="display: inline-block; background-color: #d9e0e7; padding: 6px; margin: 4px; border: 1px solid #8da1b4; border-radius: 5px; line-height: 60%"><p style="margin-bottom: 0px">Resource "Example-Organization-2" </p><p style="margin-bottom: 0px">Profile: <a href="StructureDefinition-bc-organization.html">BCOrganization</a></p></div><blockquote><p><b>BC Notes Extension</b></p><p><b>value</b>: id: Note-2</p><p><b>value</b>: Note text</p><p><b>value</b>: 1998-01-02 --&gt; (ongoing)</p></blockquote><blockquote><p><b>BC License Status Extension</b></p><p><b>value</b>: active <span style="background: LightGoldenRodYellow; margin: 4px; border: 1px solid khaki"> (<a href="http://terminology.hl7.org/3.1.0/CodeSystem-v3-RoleStatus.html">RoleStatus</a>#active)</span></p><p><b>value</b>: 2022-02-07 --&gt; 2023-02-07</p><p><b>value</b>: ORG <span style="background: LightGoldenRodYellow; margin: 4px; border: 1px solid khaki"> (bc-status-reason-code#ORG)</span></p></blockquote><p><b>identifier</b>: IPC: IPC.00147433.BC.PRS, CPN: CPN.00147422.BC.PRS, ORGID: 123123123</p><p><b>name</b>: ABC Clinic</p><p><b>alias</b>: ABC Clinic - Kelowna</p><p><b>telecom</b>: ph: -unknown-</p><p><b>address</b>: 19 ST ADDRESS ADDRESSLINE2TXT ADDRESS ADDRESSLINE3TXT VICTORIA BC V6P7B8 CA </p></div>
  </text>
  <extension url="http://hl7.org/fhir/ca-bc/provider/StructureDefinition/bc-note-extension">
    <extension url="identifier">
      <valueIdentifier>
        <value value="Note-2"/>
      </valueIdentifier>
    </extension>
    <extension url="text">
      <valueString value="Note text"/>
    </extension>
    <extension url="http://hl7.org/fhir/ca-bc/provider/StructureDefinition/bc-period-extension">
      <valuePeriod>
        <start value="1998-01-02"/>
      </valuePeriod>
    </extension>
    <extension url="http://hl7.org/fhir/ca-bc/provider/StructureDefinition/bc-end-reason-extension">
      <extension url="endReasonCode">
        <valueCodeableConcept>
          <coding>
            <system value="https://plr.hlth.gov.bc.ca/plr/codes/bc-end-reason-code"/>
            <code value="CHG"/>
          </coding>
        </valueCodeableConcept>
      </extension>
      <extension url="custodianId">
        <valueIdentifier>
          <assigner>
            <display value="CPS"/>
          </assigner>
        </valueIdentifier>
      </extension>
    </extension>
  </extension>
  <extension url="http://hl7.org/fhir/ca-bc/provider/StructureDefinition/bc-license-status-extension">
    <extension url="statusCode">
      <valueCodeableConcept>
        <coding>
          <system value="http://terminology.hl7.org/CodeSystem/v3-RoleStatus"/>
          <code value="active"/>
        </coding>
      </valueCodeableConcept>
    </extension>
    <extension url="period">
      <valuePeriod>
        <start value="2022-02-07"/>
        <end value="2023-02-07"/>
      </valuePeriod>
    </extension>
    <extension url="statusReasonCode">
      <valueCodeableConcept>
        <coding>
          <system value="https://plr.hlth.gov.bc.ca/plr/codes/bc-status-reason-code"/>
          <code value="ORG"/>
        </coding>
      </valueCodeableConcept>
    </extension>
  </extension>
  <identifier>
    <type>
      <coding>
        <code value="IPC"/>
      </coding>
    </type>
    <system value="https://plr.hlth.gov.bc.ca/plr/system/internal-provider-code-system"/>
    <value value="IPC.00147433.BC.PRS"/>
    <period>
      <start value="2000-01-01"/>
    </period>
  </identifier>
  <identifier>
    <type>
      <coding>
        <code value="CPN"/>
      </coding>
    </type>
    <system value="https://plr.hlth.gov.bc.ca/plr/system/common-party-number-code-system"/>
    <value value="CPN.00147422.BC.PRS"/>
    <period>
      <start value="2000-01-01"/>
    </period>
  </identifier>
  <identifier>
    <type>
      <coding>
        <code value="ORGID"/>
      </coding>
    </type>
    <system value="https://plr.hlth.gov.bc.ca/plr/system/organization-id-code-system"/>
    <value value="123123123"/>
    <period>
      <start value="2000-01-01"/>
    </period>
  </identifier>
  <name value="ABC Clinic">
    <extension url="http://hl7.org/fhir/ca-bc/provider/StructureDefinition/bc-name-use-extension">
      <valueCode value="official"/>
    </extension>
    <extension url="http://hl7.org/fhir/ca-bc/provider/StructureDefinition/bc-period-extension">
      <valuePeriod>
        <start value="2000-01-01"/>
        <end value="2022-09-01"/>
      </valuePeriod>
    </extension>
  </name>
  <alias value="ABC Clinic - Kelowna"/>
  <telecom>
    <extension url="http://hl7.org/fhir/StructureDefinition/contactpoint-area">
      <valueString value="250"/>
    </extension>
    <extension url="http://hl7.org/fhir/StructureDefinition/contactpoint-local">
      <valueString value="111-2234"/>
    </extension>
    <extension url="http://hl7.org/fhir/StructureDefinition/contactpoint-extension">
      <valueString value="3432"/>
    </extension>
    <extension url="http://hl7.org/fhir/ca-bc/provider/StructureDefinition/bc-communication-purpose-code-extension">
      <valueCodeableConcept>
        <coding>
          <system value="https://plr.hlth.gov.bc.ca/plr/codes/bc-communication-purpose-code"/>
          <code value="BC"/>
        </coding>
      </valueCodeableConcept>
    </extension>
    <extension url="http://hl7.org/fhir/ca-bc/provider/StructureDefinition/bc-end-reason-extension">
      <extension url="endReasonCode">
        <valueCodeableConcept>
          <coding>
            <system value="https://plr.hlth.gov.bc.ca/plr/codes/bc-end-reason-code"/>
            <code value="CHG"/>
          </coding>
        </valueCodeableConcept>
      </extension>
      <extension url="custodianId">
        <valueIdentifier>
          <assigner>
            <display value="CPS"/>
          </assigner>
        </valueIdentifier>
      </extension>
    </extension>
    <system value="phone"/>
    <period>
      <start value="2000-02-02"/>
    </period>
  </telecom>
  <address>
    <extension url="http://hl7.org/fhir/ca-bc/provider/StructureDefinition/bc-communication-purpose-code-extension">
      <valueCodeableConcept>
        <coding>
          <system value="https://plr.hlth.gov.bc.ca/plr/codes/bc-communication-purpose-code"/>
          <code value="BC"/>
        </coding>
      </valueCodeableConcept>
    </extension>
    <extension url="http://hl7.org/fhir/ca-bc/provider/StructureDefinition/bc-address-validation-status-extension">
      <valueCodeableConcept>
        <coding>
          <system value="https://plr.hlth.gov.bc.ca/plr/codes/bc-address-validation-status-code"/>
          <code value="V"/>
        </coding>
      </valueCodeableConcept>
    </extension>
    <extension url="http://hl7.org/fhir/ca-bc/provider/StructureDefinition/bc-end-reason-extension">
      <extension url="endReasonCode">
        <valueCodeableConcept>
          <coding>
            <system value="https://plr.hlth.gov.bc.ca/plr/codes/bc-end-reason-code"/>
            <code value="CHG"/>
          </coding>
        </valueCodeableConcept>
      </extension>
      <extension url="custodianId">
        <valueIdentifier>
          <assigner>
            <display value="CPS"/>
          </assigner>
        </valueIdentifier>
      </extension>
    </extension>
    <type value="postal"/>
    <line value="19 ST"/>
    <line value="ADDRESS ADDRESSLINE2TXT"/>
    <line value="ADDRESS ADDRESSLINE3TXT"/>
    <city value="VICTORIA"/>
    <state value="BC"/>
    <postalCode value="V6P7B8"/>
    <country value="CA"/>
    <period>
      <start value="2000-01-01"/>
    </period>
  </address>
</Organization>