<?xml version="1.0" encoding="UTF-8"?>

<PractitionerRole xmlns="http://hl7.org/fhir">
  <id value="Example-PractitionerRole-2-OrgRef-FromPractitioner-Response"/>
  <meta>
    <profile value="http://hl7.org/fhir/ca-bc/provider/StructureDefinition/bc-practitioner-role"/>
  </meta>
  <text>
    <status value="generated"/><div xmlns="http://www.w3.org/1999/xhtml"><p><b>Generated Narrative</b></p><div style="display: inline-block; background-color: #d9e0e7; padding: 6px; margin: 4px; border: 1px solid #8da1b4; border-radius: 5px; line-height: 60%"><p style="margin-bottom: 0px">Resource "Example-PractitionerRole-2-OrgRef-FromPractitioner-Response" </p><p style="margin-bottom: 0px">Profile: <a href="StructureDefinition-bc-practitioner-role.html">BCPractitionerRole</a></p></div><p><b>period</b>: 2000-01-01 --&gt; (ongoing)</p><p><b>practitioner</b>: <a href="Bundle-Example-AddPractitioner-Bundle.html#urn-uuid-67b11c73-c2ee-474f-ab64-56b863a1cc87">urn:uuid:67b11c73-c2ee-474f-ab64-56b863a1cc87</a></p><p><b>organization</b>: <span></span></p></div>
  </text>
  <period>
    <start value="2000-01-01"/>
  </period>
  <practitioner>
    <reference value="urn:uuid:67b11c73-c2ee-474f-ab64-56b863a1cc87"/>
  </practitioner>
  <organization>
    <extension url="http://hl7.org/fhir/ca-bc/provider/StructureDefinition/bc-relationship-type-extension">
      <valueCodeableConcept>
        <coding>
          <system value="https://plr.hlth.gov.bc.ca/plr/codes/bc-relationship-type-code"/>
          <code value="EMPLOYEE"/>
        </coding>
      </valueCodeableConcept>
    </extension>
    <extension url="http://hl7.org/fhir/ca-bc/provider/StructureDefinition/bc-owner-extension">
      <valueIdentifier>
        <assigner>
          <display value="MOH"/>
        </assigner>
      </valueIdentifier>
    </extension>
    <identifier>
      <system value="https://plr.hlth.gov.bc.ca/plr/identifier-system/IPC"/>
      <value value="IPC.00147433.BC.PRS"/>
      <period>
        <start value="2000-01-01"/>
      </period>
    </identifier>
  </organization>
</PractitionerRole>