<?xml version="1.0" encoding="UTF-8"?>

<PractitionerRole xmlns="http://hl7.org/fhir">
  <id value="RELN.130.PRS"/>
  <meta>
    <profile value="http://hlth.gov.bc.ca/fhir/provider/StructureDefinition/bc-role-relationships"/>
  </meta>
  <text>
    <status value="extensions"/><div xmlns="http://www.w3.org/1999/xhtml"><p><b>Generated Narrative: PractitionerRole</b><a name="RELN.130.PRS"> </a></p><div style="display: inline-block; background-color: #d9e0e7; padding: 6px; margin: 4px; border: 1px solid #8da1b4; border-radius: 5px; line-height: 60%"><p style="margin-bottom: 0px">Resource PractitionerRole &quot;RELN.130.PRS&quot; </p><p style="margin-bottom: 0px">Profile: <a href="StructureDefinition-bc-role-relationships.html">BCRoleRelationships</a></p></div><p><b>BC Practitioner to Organization or Practitioner to Practitioner Type Extension.</b>: worklocationfor <span style="background: LightGoldenRodYellow; margin: 4px; border: 1px solid khaki"> (bc-location-relationship-type-code-system#worklocationfor)</span></p><p><b>BC Owner Extension</b>: id: ?ngen-9?</p><p><b>period</b>: 2000-01-01 --&gt; (ongoing)</p><p><b>practitioner</b>: <span>id: IPC.00147436.BC.PRS (period: 2000-01-01 --&gt; (ongoing))</span></p><p><b>location</b>: <span>id: IFC.00047422.BC.PRS (period: 2000-01-01 --&gt; (ongoing))</span></p></div>
  </text>
  <extension url="http://hlth.gov.bc.ca/fhir/provider/StructureDefinition/bc-relationship-type-extension">
    <valueCodeableConcept>
      <coding>
        <system value="https://terminology.hlth.gov.bc.ca/ProviderLocationRegistry/CodeSystem/bc-location-relationship-type-code-system"/>
        <code value="worklocationfor"/>
      </coding>
    </valueCodeableConcept>
  </extension>
  <extension url="http://hlth.gov.bc.ca/fhir/provider/StructureDefinition/bc-owner-extension">
    <valueIdentifier>
      <assigner>
        <display value="MOH"/>
      </assigner>
    </valueIdentifier>
  </extension>
  <period>
    <start value="2000-01-01"/>
  </period>
  <practitioner>
    <identifier>
      <system value="https://health.gov.bc.ca/fhir/NamingSystem/ca-bc-plr-ipc"/>
      <value value="IPC.00147436.BC.PRS"/>
      <period>
        <start value="2000-01-01"/>
      </period>
    </identifier>
  </practitioner>
  <location>
    <identifier>
      <system value="https://health.gov.bc.ca/fhir/NamingSystem/ca-bc-plr-ifc"/>
      <value value="IFC.00047422.BC.PRS"/>
      <period>
        <start value="2000-01-01"/>
      </period>
    </identifier>
  </location>
</PractitionerRole>