<?xml version="1.0" encoding="UTF-8"?>

<PractitionerRole xmlns="http://hl7.org/fhir">
  <id value="Example-PractitionerRole-4-PracRef-FromOrg"/>
  <meta>
    <profile value="http://hl7.org/fhir/ca-bc/provider/StructureDefinition/bc-role-relationships"/>
  </meta>
  <text>
    <status value="extensions"/><div xmlns="http://www.w3.org/1999/xhtml"><p><b>Generated Narrative: PractitionerRole</b><a name="Example-PractitionerRole-4-PracRef-FromOrg"> </a></p><div style="display: inline-block; background-color: #d9e0e7; padding: 6px; margin: 4px; border: 1px solid #8da1b4; border-radius: 5px; line-height: 60%"><p style="margin-bottom: 0px">Resource PractitionerRole &quot;Example-PractitionerRole-4-PracRef-FromOrg&quot; </p><p style="margin-bottom: 0px">Profile: <a href="StructureDefinition-bc-role-relationships.html">BCRoleRelationships</a></p></div><p><b>BC Practitioner to Organization or Practitioner to Practitioner Type Extension.</b>: careteam <span style="background: LightGoldenRodYellow; margin: 4px; border: 1px solid khaki"> (bc-relationship-type-code#careteam)</span></p><p><b>period</b>: 2000-01-01 --&gt; (ongoing)</p><p><b>practitioner</b>: <span/></p><p><b>organization</b>: <span/></p></div>
  </text>
  <extension url="http://hl7.org/fhir/ca-bc/provider/StructureDefinition/bc-relationship-type-extension">
    <valueCodeableConcept>
      <coding>
        <system value="https://teminology.hlth.gov.bc.ca/ProviderLocationRegistry/CodeSystem/bc-relationship-type-code"/>
        <code value="careteam"/>
      </coding>
    </valueCodeableConcept>
  </extension>
  <period>
    <start value="2000-01-01"/>
  </period>
  <practitioner>
    <identifier>
      <system value="https://plr.hlth.gov.bc.ca/plr/identifier-system/IPC"/>
      <value value="IPC.00147422.BC.PRS"/>
      <period>
        <start value="2000-01-01"/>
      </period>
    </identifier>
  </practitioner>
  <organization>
    <identifier>
      <system value="https://plr.hlth.gov.bc.ca/plr/identifier-system/IFC"/>
      <value value="IFC.00147422.BC.PRS"/>
      <period>
        <start value="2000-01-01"/>
      </period>
    </identifier>
  </organization>
</PractitionerRole>