<?xml version="1.0" encoding="UTF-8"?>

<PractitionerRole xmlns="http://hl7.org/fhir">
  <id value="RELN.193.PRS"/>
  <meta>
    <profile value="http://hlth.gov.bc.ca/fhir/provider/StructureDefinition/bc-role-relationships"/>
  </meta>
  <text>
    <status value="extensions"/><div xmlns="http://www.w3.org/1999/xhtml"><p><b>Generated Narrative: PractitionerRole</b><a name="RELN.193.PRS"> </a></p><div style="display: inline-block; background-color: #d9e0e7; padding: 6px; margin: 4px; border: 1px solid #8da1b4; border-radius: 5px; line-height: 60%"><p style="margin-bottom: 0px">Resource PractitionerRole &quot;RELN.193.PRS&quot; </p><p style="margin-bottom: 0px">Profile: <a href="StructureDefinition-bc-role-relationships.html">BCRoleRelationships</a></p></div><p><b>BC Practitioner to Organization or Practitioner to Practitioner Type Extension.</b>: EMPLOYEE <span style="background: LightGoldenRodYellow; margin: 4px; border: 1px solid khaki"> (bc-relationship-type-code-system#EMPLOYEE)</span></p><p><b>period</b>: 2000-01-01 --&gt; (ongoing)</p><p><b>practitioner</b>: <span/></p><p><b>organization</b>: <span/></p></div>
  </text>
  <extension url="http://hlth.gov.bc.ca/fhir/provider/StructureDefinition/bc-relationship-type-extension">
    <valueCodeableConcept>
      <coding>
        <system value="https://teminology.hlth.gov.bc.ca/ProviderLocationRegistry/CodeSystem/bc-relationship-type-code-system"/>
        <code value="EMPLOYEE"/>
      </coding>
    </valueCodeableConcept>
  </extension>
  <period>
    <start value="2000-01-01"/>
  </period>
  <practitioner>
    <identifier>
      <system value="http://hlth.gov.bc.ca/fhir/provider/identifier-system/IPC"/>
      <value value="IPC.00147434.BC.PRS"/>
      <period>
        <start value="2000-01-01"/>
      </period>
    </identifier>
  </practitioner>
  <organization>
    <identifier>
      <extension url="http://hlth.gov.bc.ca/fhir/provider/StructureDefinition/bc-owner-extension">
        <valueIdentifier>
          <assigner>
            <display value="MOH"/>
          </assigner>
        </valueIdentifier>
      </extension>
      <system value="http://hlth.gov.bc.ca/fhir/provider/identifier-system/IPC"/>
      <value value="IPC.00147434.BC.PRS"/>
      <period>
        <start value="2000-01-01"/>
      </period>
    </identifier>
  </organization>
</PractitionerRole>