<?xml version="1.0" encoding="UTF-8"?>

<Practitioner xmlns="http://hl7.org/fhir">
  <id value="IPC.00147699.BC.PRS"/>
  <meta>
    <profile value="http://hlth.gov.bc.ca/fhir/provider/StructureDefinition/bc-practitioner"/>
  </meta>
  <text>
    <status value="extensions"/><div xmlns="http://www.w3.org/1999/xhtml"><p><b>Generated Narrative: Practitioner</b><a name="IPC.00147699.BC.PRS"> </a><a name="hcIPC.00147699.BC.PRS"> </a></p><div style="display: inline-block; background-color: #d9e0e7; padding: 6px; margin: 4px; border: 1px solid #8da1b4; border-radius: 5px; line-height: 60%"><p style="margin-bottom: 0px">ResourcePractitioner &quot;IPC.00147699.BC.PRS&quot; </p><p style="margin-bottom: 0px">Profile: <a href="StructureDefinition-bc-practitioner.html">BCPractitioner</a></p></div><p><b>BC Valid Period Extension</b>: 2012-12-07 --&gt; (ongoing)</p><p><b>BC Owner Extension</b>: ?ngen-9?</p><p><b>BC Birth Place Extension</b>: Ottawa ON CA </p><p><b>identifier</b>: <code>https://health.gov.bc.ca/fhir/NamingSystem/ca-bc-plr-ipc</code>/IPC.00147622.BC.PRS (period: 2000-01-01 --&gt; (ongoing)), <code>https://health.gov.bc.ca/fhir/NamingSystem/ca-bc-plr-common-party-number</code>/CPN.00147422.BC.PRS (period: 2000-01-01 --&gt; (ongoing)), <code>https://fhir.infoway-inforoute.ca/NamingSystem/ca-bc-license-physician</code>/123454 (period: 2000-01-01 --&gt; (ongoing))</p><p><b>name</b>: GivenName FamilyName (Official)</p><p><b>gender</b>: male</p><p><b>birthDate</b>: 1934-01-02</p></div>
  </text>
  <extension url="http://hlth.gov.bc.ca/fhir/provider/StructureDefinition/bc-period-extension">
    <valuePeriod>
      <start value="2012-12-07"/>
    </valuePeriod>
  </extension>
  <extension url="http://hlth.gov.bc.ca/fhir/provider/StructureDefinition/bc-owner-extension">
    <valueIdentifier>
      <assigner>
        <display value="MOH"/>
      </assigner>
    </valueIdentifier>
  </extension>
  <extension url="http://hlth.gov.bc.ca/fhir/provider/StructureDefinition/bc-birthplace-extension">
    <valueAddress>
      <city value="Ottawa"/>
      <state value="ON"/>
      <country value="CA"/>
    </valueAddress>
  </extension>
  <identifier>
    <extension url="http://hlth.gov.bc.ca/fhir/provider/StructureDefinition/bc-owner-extension">
      <valueIdentifier>
        <assigner>
          <display value="MOH"/>
        </assigner>
      </valueIdentifier>
    </extension>
    <system value="https://health.gov.bc.ca/fhir/NamingSystem/ca-bc-plr-ipc"/>
    <value value="IPC.00147622.BC.PRS"/>
    <period>
      <start value="2000-01-01"/>
    </period>
  </identifier>
  <identifier>
    <extension url="http://hlth.gov.bc.ca/fhir/provider/StructureDefinition/bc-owner-extension">
      <valueIdentifier>
        <assigner>
          <display value="MOH"/>
        </assigner>
      </valueIdentifier>
    </extension>
    <system value="https://health.gov.bc.ca/fhir/NamingSystem/ca-bc-plr-common-party-number"/>
    <value value="CPN.00147422.BC.PRS"/>
    <period>
      <start value="2000-01-01"/>
    </period>
  </identifier>
  <identifier>
    <extension url="http://hlth.gov.bc.ca/fhir/provider/StructureDefinition/bc-owner-extension">
      <valueIdentifier>
        <assigner>
          <display value="MOH"/>
        </assigner>
      </valueIdentifier>
    </extension>
    <system value="https://fhir.infoway-inforoute.ca/NamingSystem/ca-bc-license-physician"/>
    <value value="123454"/>
    <period>
      <start value="2000-01-01"/>
    </period>
  </identifier>
  <name>
    <extension url="http://hlth.gov.bc.ca/fhir/provider/StructureDefinition/bc-owner-extension">
      <valueIdentifier>
        <assigner>
          <display value="MOH"/>
        </assigner>
      </valueIdentifier>
    </extension>
    <use value="official"/>
    <family value="FamilyName"/>
    <given value="GivenName"/>
    <period>
      <start value="2012-12-07"/>
    </period>
  </name>
  <gender value="male"/>
  <birthDate value="1934-01-02">
    <extension url="http://hlth.gov.bc.ca/fhir/provider/StructureDefinition/bc-birthtime-extension">
      <valueDateTime value="1951-11-12T00:00:01-06:00"/>
    </extension>
  </birthDate>
</Practitioner>