<?xml version="1.0" encoding="UTF-8"?>

<ValueSet xmlns="http://hl7.org/fhir">
  <id value="bc-end-reason-value-set"/>
  <text>
    <status value="generated"/><div xmlns="http://www.w3.org/1999/xhtml"><p class="res-header-id"><b>Generated Narrative: ValueSet bc-end-reason-value-set</b></p><a name="bc-end-reason-value-set"> </a><a name="hcbc-end-reason-value-set"> </a><a name="hcbc-end-reason-value-set-en"> </a><ul><li>Include all codes defined in <code>https://terminology.hlth.gov.bc.ca/ProviderLocationRegistry/CodeSystem/bc-end-reason-code-system</code></li></ul></div>
  </text>
  <url value="https://terminology.hlth.gov.bc.ca/ProviderLocationRegistry/ValueSet/bc-end-reason-value-set"/>
  <version value="1.0.0"/>
  <name value="EndReasonVS"/>
  <title value="BC End Reason Value Set"/>
  <status value="active"/>
  <experimental value="false"/>
  <date value="2024-07-02T14:06:56+00:00"/>
  <publisher value="BC Ministry of Health"/>
  <contact>
    <name value="BC Ministry of Health"/>
    <telecom>
      <system value="url"/>
      <value value="https://www2.gov.bc.ca/gov/content/governments/organizational-structure/ministries-organizations/ministries/health"/>
    </telecom>
  </contact>
  <description value="BC end reason value set."/>
  <jurisdiction>
    <coding>
      <system value="urn:iso:std:iso:3166"/>
      <code value="CA"/>
      <display value="Canada"/>
    </coding>
  </jurisdiction>
  <compose>
    <include>
      <system value="https://terminology.hlth.gov.bc.ca/ProviderLocationRegistry/CodeSystem/bc-end-reason-code-system"/>
    </include>
  </compose>
</ValueSet>