{"resourceType":"OperationDefinition","id":"bc-extended-organization-query","text":{"status":"generated","div":"<div xmlns=\"http://www.w3.org/1999/xhtml\"><p class=\"res-header-id\"><b>Generated Narrative: OperationDefinition bc-extended-organization-query</b></p><a name=\"bc-extended-organization-query\"> </a><a name=\"hcbc-extended-organization-query\"> </a><a name=\"bc-extended-organization-query-en-US\"> </a><p>URL: [base]/Organization/$extendedQuery</p><p>URL: [base]/Organization/[id]/$extendedQuery</p><h3>Parameters</h3><table class=\"grid\"><tr><td><b>Use</b></td><td><b>Name</b></td><td><b>Scope</b></td><td><b>Cardinality</b></td><td><b>Type</b></td><td><b>Binding</b></td><td><b>Documentation</b></td></tr><tr><td>IN</td><td>identifier</td><td/><td>0..1</td><td><a href=\"http://hl7.org/fhir/R4/datatypes.html#string\">string</a><br/>(<a href=\"http://hl7.org/fhir/R4/search.html#string\">string</a>)</td><td/><td><div><p>String, representing the full identifier value with system and value, e.g. identifier=[system]|[value]</p>\n</div></td></tr><tr><td>IN</td><td>name</td><td/><td>0..1</td><td><a href=\"http://hl7.org/fhir/R4/datatypes.html#string\">string</a><br/>(<a href=\"http://hl7.org/fhir/R4/search.html#string\">string</a>)</td><td/><td><div><p>Search for organizations with the specified name, mandatory if no identifier specified. May use trailing wildcards, e.g. Clinic*</p>\n</div></td></tr><tr><td>IN</td><td>description</td><td/><td>0..1</td><td><a href=\"http://hl7.org/fhir/R4/datatypes.html#string\">string</a><br/>(<a href=\"http://hl7.org/fhir/R4/search.html#string\">string</a>)</td><td/><td><div><p>Search for organizations with the specified description, mapping to BCOrganization.alias. May use trailing wildcards, e.g. Clinic*</p>\n</div></td></tr><tr><td>IN</td><td>type</td><td/><td>0..1</td><td><a href=\"http://hl7.org/fhir/R4/datatypes.html#string\">string</a><br/>(<a href=\"http://hl7.org/fhir/R4/search.html#token\">token</a>)</td><td/><td><div><p>Search for organizations with the specified role type code, mandatory if no identifier specified, mapping to Organization.type</p>\n</div></td></tr><tr><td>IN</td><td>address-line1</td><td/><td>0..1</td><td><a href=\"http://hl7.org/fhir/R4/datatypes.html#string\">string</a><br/>(<a href=\"http://hl7.org/fhir/R4/search.html#string\">string</a>)</td><td/><td><div><p>Search will run on Physical address, then Mailing address if no match was found on. May use trailing wildcards</p>\n</div></td></tr><tr><td>IN</td><td>address-city</td><td/><td>0..1</td><td><a href=\"http://hl7.org/fhir/R4/datatypes.html#string\">string</a><br/>(<a href=\"http://hl7.org/fhir/R4/search.html#string\">string</a>)</td><td/><td><div><p>Search for organizations with the specified city.</p>\n</div></td></tr><tr><td>IN</td><td>withHistory</td><td/><td>0..1</td><td><a href=\"http://hl7.org/fhir/R4/datatypes.html#boolean\">boolean</a></td><td/><td><div><p>true or false, The withHistory parameter instructs PLR to search through historical records for matching attributes. Only the current data is returned.</p>\n</div></td></tr><tr><td>OUT</td><td>bundle</td><td/><td>1..1</td><td><a href=\"http://hl7.org/fhir/R4/bundle.html\">Bundle</a></td><td/><td><div><p>The Response Bundle with the OperationOutcome and the list of BCOrganizationBundle found by the search.</p>\n</div></td></tr></table></div>"},"url":"http://hlth.gov.bc.ca/fhir/provider/OperationDefinition/bc-extended-organization-query","version":"1.0.0","name":"OrganizationExtendedQuery","title":"Query for an organization that returns associated resources - FUTURE","status":"draft","kind":"query","date":"2025-03-05T22:25:43+00:00","publisher":"BC Ministry of Health","contact":[{"name":"BC Ministry of Health","telecom":[{"system":"url","value":"https://www2.gov.bc.ca/gov/content/governments/organizational-structure/ministries-organizations/ministries/health"}]}],"description":"This operation is used to query for an organization and will return the information for that organization along with any instances that can be found by following associations to other practitioners, organizations, or locations.","jurisdiction":[{"coding":[{"system":"urn:iso:std:iso:3166","code":"CA","display":"Canada"}]}],"code":"extendedQuery","resource":["Organization"],"system":false,"type":true,"instance":true,"parameter":[{"name":"identifier","use":"in","min":0,"max":"1","documentation":"String, representing the full identifier value with system and value, e.g. identifier=[system]|[value]","type":"string","searchType":"string"},{"name":"name","use":"in","min":0,"max":"1","documentation":"Search for organizations with the specified name, mandatory if no identifier specified. May use trailing wildcards, e.g. Clinic*","type":"string","searchType":"string"},{"name":"description","use":"in","min":0,"max":"1","documentation":"Search for organizations with the specified description, mapping to BCOrganization.alias. May use trailing wildcards, e.g. Clinic*","type":"string","searchType":"string"},{"name":"type","use":"in","min":0,"max":"1","documentation":"Search for organizations with the specified role type code, mandatory if no identifier specified, mapping to Organization.type","type":"string","searchType":"token"},{"name":"address-line1","use":"in","min":0,"max":"1","documentation":"Search will run on Physical address, then Mailing address if no match was found on. May use trailing wildcards","type":"string","searchType":"string"},{"name":"address-city","use":"in","min":0,"max":"1","documentation":"Search for organizations with the specified city.","type":"string","searchType":"string"},{"name":"withHistory","use":"in","min":0,"max":"1","documentation":"true or false, The withHistory parameter instructs PLR to search through historical records for matching attributes. Only the current data is returned.","type":"boolean"},{"name":"bundle","use":"out","min":1,"max":"1","documentation":"The Response Bundle with the OperationOutcome and the list of BCOrganizationBundle found by the search.","type":"Bundle"}]}