{"resourceType":"OperationDefinition","id":"bc-entity-practitioner-query","text":{"status":"generated","div":"<div xmlns=\"http://www.w3.org/1999/xhtml\"><p class=\"res-header-id\"><b>Generated Narrative: OperationDefinition bc-entity-practitioner-query</b></p><a name=\"bc-entity-practitioner-query\"> </a><a name=\"hcbc-entity-practitioner-query\"> </a><p>URL: [base]/Practitioner/$entityQuery</p><p>URL: [base]/Practitioner/[id]/$entityQuery</p><h3>Parameters</h3><table class=\"grid\"><tr><td><b>Use</b></td><td><b>Name</b></td><td><b>Scope</b></td><td><b>Cardinality</b></td><td><b>Type</b></td><td><b>Binding</b></td><td><b>Documentation</b></td></tr><tr><td>IN</td><td>identifier</td><td/><td>0..1</td><td><a href=\"http://hl7.org/fhir/R4/datatypes.html#string\">string</a><br/>(<a href=\"https://hl7.org/fhir/R4/search.html#string\">string</a>)</td><td/><td><div><p>String, representing the full identifier value with system and value, e.g. identifier=[system]|[value]</p>\n</div></td></tr><tr><td>IN</td><td>family</td><td/><td>0..1</td><td><a href=\"http://hl7.org/fhir/R4/datatypes.html#string\">string</a><br/>(<a href=\"https://hl7.org/fhir/R4/search.html#string\">string</a>)</td><td/><td><div><p>Search for practitioners with the specified surname. May use trailing wildcards, e.g. Smith*</p>\n</div></td></tr><tr><td>IN</td><td>given</td><td/><td>0..1</td><td><a href=\"http://hl7.org/fhir/R4/datatypes.html#string\">string</a><br/>(<a href=\"https://hl7.org/fhir/R4/search.html#string\">string</a>)</td><td/><td><div><p>Search for practitioners with the specified given name. May use trailing wildcards, e.g. Ann*</p>\n</div></td></tr><tr><td>IN</td><td>status</td><td/><td>0..1</td><td><a href=\"http://hl7.org/fhir/R4/datatypes.html#string\">string</a><br/>(<a href=\"https://hl7.org/fhir/R4/search.html#token\">token</a>)</td><td/><td><div><p>Search for practitioners with a license that has the specified status.</p>\n</div></td></tr><tr><td>IN</td><td>address-city</td><td/><td>0..1</td><td><a href=\"http://hl7.org/fhir/R4/datatypes.html#string\">string</a><br/>(<a href=\"https://hl7.org/fhir/R4/search.html#string\">string</a>)</td><td/><td><div><p>Search for practitioners with an address that includes the given city.</p>\n</div></td></tr><tr><td>IN</td><td>gender</td><td/><td>0..1</td><td><a href=\"http://hl7.org/fhir/R4/datatypes.html#string\">string</a><br/>(<a href=\"https://hl7.org/fhir/R4/search.html#token\">token</a>)</td><td/><td><div><p>Search for practitioners with the specified gender.</p>\n</div></td></tr><tr><td>IN</td><td>role</td><td/><td>0..1</td><td><a href=\"http://hl7.org/fhir/R4/datatypes.html#string\">string</a><br/>(<a href=\"https://hl7.org/fhir/R4/search.html#token\">token</a>)</td><td/><td><div><p>Search for practitioners that have an associated PractitionerRole code with the specified value (e.g. MD or RN)</p>\n</div></td></tr><tr><td>IN</td><td>communication</td><td/><td>0..1</td><td><a href=\"http://hl7.org/fhir/R4/datatypes.html#string\">string</a><br/>(<a href=\"https://hl7.org/fhir/R4/search.html#token\">token</a>)</td><td/><td><div><p>Search for practitioners who can communicate with the specified language code. May be a comma separated list of language codes, e.g. F01,E09.</p>\n</div></td></tr><tr><td>IN</td><td>expertise</td><td/><td>0..1</td><td><a href=\"http://hl7.org/fhir/R4/datatypes.html#string\">string</a><br/>(<a href=\"https://hl7.org/fhir/R4/search.html#token\">token</a>)</td><td/><td><div><p>Search for practitioners with a qualification that matches the specified expertise. May be a comma separated list of expertise codes, e.g. AM53,K34.</p>\n</div></td></tr><tr><td>IN</td><td>status-reason</td><td/><td>0..1</td><td><a href=\"http://hl7.org/fhir/R4/datatypes.html#string\">string</a><br/>(<a href=\"https://hl7.org/fhir/R4/search.html#token\">token</a>)</td><td/><td><div><p>Search for practitioners with a license that has the specified status reason.</p>\n</div></td></tr><tr><td>IN</td><td>withHistory</td><td/><td>0..1</td><td><a href=\"http://hl7.org/fhir/R4/datatypes.html#boolean\">boolean</a></td><td/><td><div><p>true or false, The withHistory parameter instructs PLR to search through historical records for matching attributes. Only the current data is returned.</p>\n</div></td></tr><tr><td>OUT</td><td>bundle</td><td/><td>1..1</td><td><a href=\"http://hl7.org/fhir/R4/bundle.html\">Bundle</a></td><td/><td><div><p>The Response Bundle with the OperationOutcome and the list of BCPractitionerBundle found by the search.</p>\n</div></td></tr></table></div>"},"url":"http://hlth.gov.bc.ca/fhir/provider/OperationDefinition/bc-entity-practitioner-query","version":"1.0.0","name":"PractitionerEntityQuery","title":"Query for a practitioner without returning associations","status":"draft","kind":"query","date":"2025-06-23T21:44:28+00:00","publisher":"BC Ministry of Health","contact":[{"name":"BC Ministry of Health","telecom":[{"system":"url","value":"https://www2.gov.bc.ca/gov/content/governments/organizational-structure/ministries-organizations/ministries/health"}]}],"description":"This operation is used to query for a practitioner and will return the information for that practitioner without following associations to other providers, organizations, or facilities.","jurisdiction":[{"coding":[{"system":"urn:iso:std:iso:3166","code":"CA","display":"Canada"}]}],"code":"entityQuery","resource":["Practitioner"],"system":false,"type":true,"instance":true,"parameter":[{"name":"identifier","use":"in","min":0,"max":"1","documentation":"String, representing the full identifier value with system and value, e.g. identifier=[system]|[value]","type":"string","searchType":"string"},{"name":"family","use":"in","min":0,"max":"1","documentation":"Search for practitioners with the specified surname. May use trailing wildcards, e.g. Smith*","type":"string","searchType":"string"},{"name":"given","use":"in","min":0,"max":"1","documentation":"Search for practitioners with the specified given name. May use trailing wildcards, e.g. Ann*","type":"string","searchType":"string"},{"name":"status","use":"in","min":0,"max":"1","documentation":"Search for practitioners with a license that has the specified status.","type":"string","searchType":"token"},{"name":"address-city","use":"in","min":0,"max":"1","documentation":"Search for practitioners with an address that includes the given city.","type":"string","searchType":"string"},{"name":"gender","use":"in","min":0,"max":"1","documentation":"Search for practitioners with the specified gender.","type":"string","searchType":"token"},{"name":"role","use":"in","min":0,"max":"1","documentation":"Search for practitioners that have an associated PractitionerRole code with the specified value (e.g. MD or RN)","type":"string","searchType":"token"},{"name":"communication","use":"in","min":0,"max":"1","documentation":"Search for practitioners who can communicate with the specified language code. May be a comma separated list of language codes, e.g. F01,E09.","type":"string","searchType":"token"},{"name":"expertise","use":"in","min":0,"max":"1","documentation":"Search for practitioners with a qualification that matches the specified expertise. May be a comma separated list of expertise codes, e.g. AM53,K34.","type":"string","searchType":"token"},{"name":"status-reason","use":"in","min":0,"max":"1","documentation":"Search for practitioners with a license that has the specified status reason.","type":"string","searchType":"token"},{"name":"withHistory","use":"in","min":0,"max":"1","documentation":"true or false, The withHistory parameter instructs PLR to search through historical records for matching attributes. Only the current data is returned.","type":"boolean"},{"name":"bundle","use":"out","min":1,"max":"1","documentation":"The Response Bundle with the OperationOutcome and the list of BCPractitionerBundle found by the search.","type":"Bundle"}]}