{"resourceType":"ValueSet","id":"bc-expertise-value-set","text":{"status":"generated","div":"<div xmlns=\"http://www.w3.org/1999/xhtml\"><p class=\"res-header-id\"><b>Generated Narrative: ValueSet bc-expertise-value-set</b></p><a name=\"bc-expertise-value-set\"> </a><a name=\"hcbc-expertise-value-set\"> </a><a name=\"hcbc-expertise-value-set-en\"> </a><p>This value set includes codes based on the following rules:</p><ul><li>Include all codes defined in <a href=\"https://simplifier.net/resolve?scope=hl7.fhir.ca.baseline@1.1.7&amp;canonical=http://fhir.infoway-inforoute.ca/CodeSystem/scpqual\"><code>http://fhir.infoway-inforoute.ca/CodeSystem/scpqual</code></a></li><li>Include all codes defined in <code>https://terminology.hlth.gov.bc.ca/ProviderLocationRegistry/CodeSystem/bc-expertise-code-system</code></li></ul></div>"},"url":"https://terminology.hlth.gov.bc.ca/ProviderLocationRegistry/ValueSet/bc-expertise-value-set","version":"1.0.0","name":"ExpertiseVS","title":"BC Expertise Value Set","status":"active","experimental":false,"date":"2024-07-03T22:37:23+00:00","publisher":"BC Ministry of Health","contact":[{"name":"BC Ministry of Health","telecom":[{"system":"url","value":"https://www2.gov.bc.ca/gov/content/governments/organizational-structure/ministries-organizations/ministries/health"}]}],"description":"BC Expertise value set.","jurisdiction":[{"coding":[{"system":"urn:iso:std:iso:3166","code":"CA","display":"Canada"}]}],"compose":{"include":[{"system":"http://fhir.infoway-inforoute.ca/CodeSystem/scpqual"},{"system":"https://terminology.hlth.gov.bc.ca/ProviderLocationRegistry/CodeSystem/bc-expertise-code-system"}]}}