{
  "resourceType" : "Organization",
  "id" : "Example-Organization-PrimaryCare",
  "meta" : {
    "profile" : ["http://hlth.gov.bc.ca/fhir/provider/StructureDefinition/bc-organization"]
  },
  "text" : {
    "status" : "extensions",
    "div" : "<div xmlns=\"http://www.w3.org/1999/xhtml\"><p class=\"res-header-id\"><b>Generated Narrative: Organization Example-Organization-PrimaryCare</b></p><a name=\"Example-Organization-PrimaryCare\"> </a><a name=\"hcExample-Organization-PrimaryCare\"> </a><a name=\"Example-Organization-PrimaryCare-en-US\"> </a><blockquote><p><b>BC Notes Extension</b></p><ul><li>identifier: <code>http://hlth.gov.bc.ca/fhir/provider/identifier-system/bc-note-id</code>/Note-2</li><li>text: Note text</li><li>http://hlth.gov.bc.ca/fhir/provider/StructureDefinition/bc-period-extension: 1998-01-02 --&gt; (ongoing)</li></ul></blockquote><blockquote><p><b>BC License Status Extension</b></p><ul><li>statusCode: <span title=\"Codes:{http://terminology.hl7.org/CodeSystem/v3-RoleStatus active}\">active</span></li><li>period: 2022-02-07 --&gt; 2023-12-07</li><li>statusReasonCode: <span title=\"Codes:{https://terminology.hlth.gov.bc.ca/ProviderLocationRegistry/CodeSystem/bc-license-status-reason-code-system ORG}\">ORG</span></li><li>statusClassCode: <span title=\"Codes:{https://terminology.hlth.gov.bc.ca/ProviderLocationRegistry/CodeSystem/bc-license-status-class-code-system AE}\">AE</span></li></ul></blockquote><blockquote><p><b>Extension to represent the Clinic Payee number.</b></p><ul><li>identifier: PRPTY.123.PRS</li><li>payeeNumber: 123456</li><li>http://hlth.gov.bc.ca/fhir/provider/StructureDefinition/bc-period-extension: 2023-01-02 --&gt; (ongoing)</li></ul></blockquote><blockquote><p><b>Extension to represent Availability, or hours of operation, for clinic, or other Profiles</b></p><blockquote><p><b>url</b></p><a href=\"https://simplifier.net/resolve?scope=hl7.fhir.ca.baseline@1.1.7&amp;canonical=http://hl7.org/fhir/ca/baseline/identifier\">identifier</a></blockquote><p><b>value</b>: PRPTY.145.PRS</p><p><b>daysOfWeek</b>: mon</p><p><b>daysOfWeek</b>: wed</p><p><b>availableStartTime</b>: 09:00:00</p><p><b>availableEndTime</b>: 17:00:00</p><blockquote><p><b>url</b></p><a href=\"StructureDefinition-bc-availableTime-extension.html\">Extension to represent the available Time, or hours of operation, for clinic, or other Profiles</a></blockquote><p><b>daysOfWeek</b>: tue</p><p><b>allDay</b>: true</p><blockquote><p><b>url</b></p><a href=\"StructureDefinition-bc-availableTime-extension.html\">Extension to represent the available Time, or hours of operation, for clinic, or other Profiles</a></blockquote><blockquote><p><b>url</b></p><a href=\"StructureDefinition-bc-period-extension.html\">BC Valid Period Extension</a></blockquote><p><b>value</b>: 2023-01-02 --&gt; (ongoing)</p></blockquote><blockquote><p><b>Extension for BC Organization to add Primary Care Clinic details</b></p><p><b>identifier</b>: PRPTY.987.PRS</p><p><b>clinicType</b>: <span title=\"Codes:\">Longitudinal Primary Care Practice</span></p><p><b>BC Valid Period Extension</b>: 2023-01-02 --&gt; (ongoing)</p><blockquote><p><b>url</b></p><a href=\"StructureDefinition-bc-organization-clinic-type-extension.html\">Extension to represent the Clinic type.</a></blockquote><p><b>identifier</b>: PRPTY.963.PRS</p><p><b>ownershipType</b>: <span title=\"Codes:\">Other</span></p><p><b>BC Valid Period Extension</b>: 2023-01-02 --&gt; (ongoing)</p><blockquote><p><b>url</b></p><a href=\"StructureDefinition-bc-organization-clinic-ownership-type-extension.html\">Extension to represent the Clinic Ownership type.</a></blockquote><p><b>identifier</b>: PRPTY.258.PRS</p><p><b>serviceDeliveryType</b>: <span title=\"Codes:\">Longitudinal</span></p><p><b>BC Valid Period Extension</b>: 2023-01-02 --&gt; (ongoing)</p><blockquote><p><b>url</b></p><a href=\"StructureDefinition-bc-organization-clinic-service-delivery-type-extension.html\">Extension to represent the Clinic Service Delivery type.</a></blockquote><p><b>identifier</b>: PRPTY.852.PRS</p><p><b>pciFlag</b>: true</p><p><b>BC Valid Period Extension</b>: 2023-01-02 --&gt; (ongoing)</p><blockquote><p><b>url</b></p><a href=\"StructureDefinition-bc-organization-pci-extension.html\">Extension to indicate if the clinic is part of the Primary Care Initiative.</a></blockquote><p><b>identifier</b>: PRPTY.741.PRS</p><p><b>clinicLegalName</b>: Kelowna Downtown Primary Care Clinic Org.</p><p><b>BC Valid Period Extension</b>: 2023-01-02 --&gt; (ongoing)</p><blockquote><p><b>url</b></p><a href=\"StructureDefinition-bc-organization-clinic-legal-name-extension.html\">Extension for the clinic business legal name.</a></blockquote><p><b>identifier</b>: PRPTY.654.PRS</p><p><b>clinicOwner</b>: John Doe, Dc Singh, Interior Health Authority</p><p><b>BC Valid Period Extension</b>: 2023-01-02 --&gt; (ongoing)</p><blockquote><p><b>url</b></p><a href=\"StructureDefinition-bc-organization-clinic-owner-extension.html\">Extension to represent clinic Owners.</a></blockquote></blockquote><p><b>identifier</b>: <code>https://health.gov.bc.ca/fhir/NamingSystem/ca-bc-plr-org-id</code>/456789\u00a0(,\u00a0period:\u00a02021-12-01 --&gt; (ongoing))</p><p><b>active</b>: true</p><p><b>type</b>: <span title=\"Codes:{https://terminology.hlth.gov.bc.ca/ProviderLocationRegistry/CodeSystem/bc-organization-role-code-system ORG}\">ORG</span></p><p><b>name</b>: Kelowna PC Clinic</p><p><b>alias</b>: Primary Care Clinic - Kelowna</p><p><b>telecom</b>: ph: 2501112234</p><p><b>address</b>: 1000 DOUGLAS ST Kelowna BC V6P7B8 CA </p></div>"
  },
  "extension" : [{
    "extension" : [{
      "url" : "identifier",
      "valueIdentifier" : {
        "system" : "http://hlth.gov.bc.ca/fhir/provider/identifier-system/bc-note-id",
        "value" : "Note-2"
      }
    },
    {
      "url" : "text",
      "valueString" : "Note text"
    },
    {
      "url" : "http://hlth.gov.bc.ca/fhir/provider/StructureDefinition/bc-period-extension",
      "valuePeriod" : {
        "start" : "1998-01-02"
      }
    }],
    "url" : "http://hlth.gov.bc.ca/fhir/provider/StructureDefinition/bc-note-extension"
  },
  {
    "extension" : [{
      "url" : "statusCode",
      "valueCodeableConcept" : {
        "coding" : [{
          "system" : "http://terminology.hl7.org/CodeSystem/v3-RoleStatus",
          "code" : "active"
        }]
      }
    },
    {
      "url" : "period",
      "valuePeriod" : {
        "start" : "2022-02-07",
        "end" : "2023-12-07"
      }
    },
    {
      "url" : "statusReasonCode",
      "valueCodeableConcept" : {
        "coding" : [{
          "system" : "https://terminology.hlth.gov.bc.ca/ProviderLocationRegistry/CodeSystem/bc-license-status-reason-code-system",
          "code" : "ORG"
        }]
      }
    },
    {
      "url" : "statusClassCode",
      "valueCodeableConcept" : {
        "coding" : [{
          "system" : "https://terminology.hlth.gov.bc.ca/ProviderLocationRegistry/CodeSystem/bc-license-status-class-code-system",
          "code" : "AE"
        }]
      }
    }],
    "url" : "http://hlth.gov.bc.ca/fhir/provider/StructureDefinition/bc-license-status-extension"
  },
  {
    "extension" : [{
      "url" : "identifier",
      "valueIdentifier" : {
        "value" : "PRPTY.123.PRS"
      }
    },
    {
      "url" : "payeeNumber",
      "valueString" : "123456"
    },
    {
      "url" : "http://hlth.gov.bc.ca/fhir/provider/StructureDefinition/bc-period-extension",
      "valuePeriod" : {
        "start" : "2023-01-02"
      }
    }],
    "url" : "http://hlth.gov.bc.ca/fhir/provider/StructureDefinition/bc-organization-clinic-payee-number-extension"
  },
  {
    "extension" : [{
      "url" : "identifier",
      "valueIdentifier" : {
        "value" : "PRPTY.145.PRS"
      }
    },
    {
      "extension" : [{
        "url" : "daysOfWeek",
        "valueCode" : "mon"
      },
      {
        "url" : "daysOfWeek",
        "valueCode" : "wed"
      },
      {
        "url" : "availableStartTime",
        "valueTime" : "09:00:00"
      },
      {
        "url" : "availableEndTime",
        "valueTime" : "17:00:00"
      }],
      "url" : "http://hlth.gov.bc.ca/fhir/provider/StructureDefinition/bc-availableTime-extension"
    },
    {
      "extension" : [{
        "url" : "daysOfWeek",
        "valueCode" : "tue"
      },
      {
        "url" : "allDay",
        "valueBoolean" : true
      }],
      "url" : "http://hlth.gov.bc.ca/fhir/provider/StructureDefinition/bc-availableTime-extension"
    },
    {
      "url" : "http://hlth.gov.bc.ca/fhir/provider/StructureDefinition/bc-period-extension",
      "valuePeriod" : {
        "start" : "2023-01-02"
      }
    }],
    "url" : "http://hlth.gov.bc.ca/fhir/provider/StructureDefinition/bc-availability-extension"
  },
  {
    "extension" : [{
      "extension" : [{
        "url" : "identifier",
        "valueIdentifier" : {
          "value" : "PRPTY.987.PRS"
        }
      },
      {
        "url" : "clinicType",
        "valueCodeableConcept" : {
          "text" : "Longitudinal Primary Care Practice"
        }
      },
      {
        "url" : "http://hlth.gov.bc.ca/fhir/provider/StructureDefinition/bc-period-extension",
        "valuePeriod" : {
          "start" : "2023-01-02"
        }
      }],
      "url" : "http://hlth.gov.bc.ca/fhir/provider/StructureDefinition/bc-organization-clinic-type-extension"
    },
    {
      "extension" : [{
        "url" : "identifier",
        "valueIdentifier" : {
          "value" : "PRPTY.963.PRS"
        }
      },
      {
        "url" : "ownershipType",
        "valueCodeableConcept" : {
          "text" : "Other"
        }
      },
      {
        "url" : "http://hlth.gov.bc.ca/fhir/provider/StructureDefinition/bc-period-extension",
        "valuePeriod" : {
          "start" : "2023-01-02"
        }
      }],
      "url" : "http://hlth.gov.bc.ca/fhir/provider/StructureDefinition/bc-organization-clinic-ownership-type-extension"
    },
    {
      "extension" : [{
        "url" : "identifier",
        "valueIdentifier" : {
          "value" : "PRPTY.258.PRS"
        }
      },
      {
        "url" : "serviceDeliveryType",
        "valueCodeableConcept" : {
          "text" : "Longitudinal"
        }
      },
      {
        "url" : "http://hlth.gov.bc.ca/fhir/provider/StructureDefinition/bc-period-extension",
        "valuePeriod" : {
          "start" : "2023-01-02"
        }
      }],
      "url" : "http://hlth.gov.bc.ca/fhir/provider/StructureDefinition/bc-organization-clinic-service-delivery-type-extension"
    },
    {
      "extension" : [{
        "url" : "identifier",
        "valueIdentifier" : {
          "value" : "PRPTY.852.PRS"
        }
      },
      {
        "url" : "pciFlag",
        "valueBoolean" : true
      },
      {
        "url" : "http://hlth.gov.bc.ca/fhir/provider/StructureDefinition/bc-period-extension",
        "valuePeriod" : {
          "start" : "2023-01-02"
        }
      }],
      "url" : "http://hlth.gov.bc.ca/fhir/provider/StructureDefinition/bc-organization-pci-extension"
    },
    {
      "extension" : [{
        "url" : "identifier",
        "valueIdentifier" : {
          "value" : "PRPTY.741.PRS"
        }
      },
      {
        "url" : "clinicLegalName",
        "valueString" : "Kelowna Downtown Primary Care Clinic Org."
      },
      {
        "url" : "http://hlth.gov.bc.ca/fhir/provider/StructureDefinition/bc-period-extension",
        "valuePeriod" : {
          "start" : "2023-01-02"
        }
      }],
      "url" : "http://hlth.gov.bc.ca/fhir/provider/StructureDefinition/bc-organization-clinic-legal-name-extension"
    },
    {
      "extension" : [{
        "url" : "identifier",
        "valueIdentifier" : {
          "value" : "PRPTY.654.PRS"
        }
      },
      {
        "url" : "clinicOwner",
        "valueString" : "John Doe, Dc Singh, Interior Health Authority"
      },
      {
        "url" : "http://hlth.gov.bc.ca/fhir/provider/StructureDefinition/bc-period-extension",
        "valuePeriod" : {
          "start" : "2023-01-02"
        }
      }],
      "url" : "http://hlth.gov.bc.ca/fhir/provider/StructureDefinition/bc-organization-clinic-owner-extension"
    }],
    "url" : "http://hlth.gov.bc.ca/fhir/provider/StructureDefinition/bc-organization-primary-care-clinic-extension"
  }],
  "identifier" : [{
    "system" : "https://health.gov.bc.ca/fhir/NamingSystem/ca-bc-plr-org-id",
    "value" : "456789",
    "period" : {
      "start" : "2021-12-01"
    }
  }],
  "active" : true,
  "type" : [{
    "coding" : [{
      "system" : "https://terminology.hlth.gov.bc.ca/ProviderLocationRegistry/CodeSystem/bc-organization-role-code-system",
      "code" : "ORG"
    }]
  }],
  "name" : "Kelowna PC Clinic",
  "_name" : {
    "extension" : [{
      "url" : "http://hlth.gov.bc.ca/fhir/provider/StructureDefinition/bc-name-use-extension",
      "valueCode" : "official"
    },
    {
      "url" : "http://hlth.gov.bc.ca/fhir/provider/StructureDefinition/bc-period-extension",
      "valuePeriod" : {
        "start" : "2021-12-31T00:00:00-07:00"
      }
    }]
  },
  "alias" : ["Primary Care Clinic - Kelowna"],
  "telecom" : [{
    "extension" : [{
      "url" : "http://hlth.gov.bc.ca/fhir/provider/StructureDefinition/bc-communication-purpose-code-extension",
      "valueCodeableConcept" : {
        "coding" : [{
          "system" : "https://terminology.hlth.gov.bc.ca/ProviderLocationRegistry/CodeSystem/bc-communication-purpose-code-system",
          "code" : "BC"
        }]
      }
    }],
    "system" : "phone",
    "value" : "2501112234",
    "period" : {
      "start" : "2000-02-02"
    }
  }],
  "address" : [{
    "extension" : [{
      "url" : "http://hlth.gov.bc.ca/fhir/provider/StructureDefinition/bc-communication-purpose-code-extension",
      "valueCodeableConcept" : {
        "coding" : [{
          "system" : "https://terminology.hlth.gov.bc.ca/ProviderLocationRegistry/CodeSystem/bc-communication-purpose-code-system",
          "code" : "BC"
        }]
      }
    },
    {
      "url" : "http://hlth.gov.bc.ca/fhir/provider/StructureDefinition/bc-address-validation-status-extension",
      "valueCodeableConcept" : {
        "coding" : [{
          "system" : "https://terminology.hlth.gov.bc.ca/ProviderLocationRegistry/CodeSystem/bc-address-validation-status-code-system",
          "code" : "V"
        }]
      }
    }],
    "type" : "postal",
    "line" : ["1000 DOUGLAS ST"],
    "city" : "Kelowna",
    "state" : "BC",
    "postalCode" : "V6P7B8",
    "country" : "CA",
    "period" : {
      "start" : "2000-01-01"
    }
  }]
}