<?xml version="1.0" encoding="UTF-8"?>

<Bundle xmlns="http://hl7.org/fhir">
  <id value="Example-AddLocation-Bundle"/>
  <meta>
    <profile value="http://hlth.gov.bc.ca/fhir/provider/StructureDefinition/bc-location-bundle"/>
  </meta>
  <type value="collection"/>
  <entry>
    <fullUrl value="urn:uuid:18734433-5c7b-42c8-ade5-22bd2c82e4f2"/>
    <resource>
      <Location>
        <id value="Example-Location-For-Add"/>
        <meta>
          <profile value="http://hlth.gov.bc.ca/fhir/provider/StructureDefinition/bc-location"/>
        </meta>
        <text>
          <status value="extensions"/><div xmlns="http://www.w3.org/1999/xhtml"><a name="Location_Example-Location-For-Add"> </a><p class="res-header-id"><b>Generated Narrative: Location Example-Location-For-Add</b></p><a name="Example-Location-For-Add"> </a><a name="hcExample-Location-For-Add"> </a><a name="Example-Location-For-Add-en-US"> </a><div style="display: inline-block; background-color: #d9e0e7; padding: 6px; margin: 4px; border: 1px solid #8da1b4; border-radius: 5px; line-height: 60%"><p style="margin-bottom: 0px"/><p style="margin-bottom: 0px">Profile: <a href="StructureDefinition-bc-location.html">BCLocation</a></p></div><p><b>BC Facility Physical Address Extension</b>: 1000 DOUGLAS ST VICTORIA BC V6P7B8 CA </p><blockquote><p><b>BC Facility Details Extension</b></p><ul><li>http://hlth.gov.bc.ca/fhir/provider/StructureDefinition/bc-period-extension: 2000-01-01 --&gt; (ongoing)</li></ul></blockquote><p><b>identifier</b>: <code>https://health.gov.bc.ca/fhir/NamingSystem/ca-bc-plr-ifc</code>/IFC.001474222.BC.PRS (, period: 2000-01-01 --&gt; (ongoing))</p><p><b>name</b>: General Hospital</p><p><b>alias</b>: Long name or alias or description</p><p><b>telecom</b>: fax: 55555555551</p><p><b>address</b>: 1000 DOUGLAS ST VICTORIA BC V6P7B8 CA </p><p><b>physicalType</b>: <span title="Codes:{http://terminology.hl7.org/CodeSystem/location-physical-type bu}">Building</span></p></div>
        </text>
        <extension url="http://hlth.gov.bc.ca/fhir/provider/StructureDefinition/bc-facility-physical-address-extension">
          <valueAddress>
            <extension url="http://hlth.gov.bc.ca/fhir/provider/StructureDefinition/bc-communication-purpose-code-extension">
              <valueCodeableConcept>
                <coding>
                  <system value="https://terminology.hlth.gov.bc.ca/ProviderLocationRegistry/CodeSystem/bc-communication-purpose-code-system"/>
                  <code value="FC"/>
                </coding>
              </valueCodeableConcept>
            </extension>
            <type value="physical"/>
            <line value="1000 DOUGLAS ST"/>
            <city value="VICTORIA"/>
            <state value="BC"/>
            <postalCode value="V6P7B8"/>
            <country value="CA"/>
            <period>
              <start value="2000-01-01"/>
            </period>
          </valueAddress>
        </extension>
        <extension url="http://hlth.gov.bc.ca/fhir/provider/StructureDefinition/bc-facility-details-extension">
          <extension url="http://hlth.gov.bc.ca/fhir/provider/StructureDefinition/bc-period-extension">
            <valuePeriod>
              <start value="2000-01-01"/>
            </valuePeriod>
          </extension>
        </extension>
        <identifier>
          <system value="https://health.gov.bc.ca/fhir/NamingSystem/ca-bc-plr-ifc"/>
          <value value="IFC.001474222.BC.PRS"/>
          <period>
            <start value="2000-01-01"/>
          </period>
        </identifier>
        <name value="General Hospital">
          <extension url="http://hlth.gov.bc.ca/fhir/provider/StructureDefinition/bc-period-extension">
            <valuePeriod>
              <start value="2000-01-01"/>
            </valuePeriod>
          </extension>
        </name>
        <alias value="Long name or alias or description"/>
        <telecom>
          <extension url="http://hlth.gov.bc.ca/fhir/provider/StructureDefinition/bc-communication-purpose-code-extension">
            <valueCodeableConcept>
              <coding>
                <system value="https://terminology.hlth.gov.bc.ca/ProviderLocationRegistry/CodeSystem/bc-communication-purpose-code-system"/>
                <code value="FC"/>
              </coding>
            </valueCodeableConcept>
          </extension>
          <system value="fax"/>
          <value value="55555555551"/>
          <period>
            <start value="1982-03-04T00:00:00-07:00"/>
          </period>
        </telecom>
        <address>
          <extension url="http://hlth.gov.bc.ca/fhir/provider/StructureDefinition/bc-communication-purpose-code-extension">
            <valueCodeableConcept>
              <coding>
                <system value="https://terminology.hlth.gov.bc.ca/ProviderLocationRegistry/CodeSystem/bc-communication-purpose-code-system"/>
                <code value="FC"/>
              </coding>
            </valueCodeableConcept>
          </extension>
          <type value="physical"/>
          <line value="1000 DOUGLAS ST"/>
          <city value="VICTORIA"/>
          <state value="BC"/>
          <postalCode value="V6P7B8"/>
          <country value="CA"/>
          <period>
            <start value="2000-01-01"/>
          </period>
        </address>
        <physicalType>
          <coding>
            <system value="http://terminology.hl7.org/CodeSystem/location-physical-type"/>
            <code value="bu"/>
          </coding>
        </physicalType>
      </Location>
    </resource>
  </entry>
</Bundle>