<?xml version="1.0" encoding="UTF-8"?>

<OperationDefinition xmlns="http://hl7.org/fhir">
  <id value="bc-extended-location-query"/>
  <text>
    <status value="generated"/><div xmlns="http://www.w3.org/1999/xhtml"><p class="res-header-id"><b>Generated Narrative: OperationDefinition bc-extended-location-query</b></p><a name="bc-extended-location-query"> </a><a name="hcbc-extended-location-query"> </a><a name="bc-extended-location-query-en-US"> </a><p>URL: [base]/Location/$extendedQuery</p><p>URL: [base]/Location/[id]/$extendedQuery</p><h3>Parameters</h3><table class="grid"><tr><td><b>Use</b></td><td><b>Name</b></td><td><b>Scope</b></td><td><b>Cardinality</b></td><td><b>Type</b></td><td><b>Binding</b></td><td><b>Documentation</b></td></tr><tr><td>IN</td><td>identifier</td><td/><td>0..1</td><td><a href="http://hl7.org/fhir/R4/datatypes.html#string">string</a><br/>(<a href="http://hl7.org/fhir/R4/search.html#string">string</a>)</td><td/><td><div><p>String, representing the full identifier value with system and value, e.g. identifier=[system]|[value]</p>
</div></td></tr><tr><td>IN</td><td>name</td><td/><td>0..1</td><td><a href="http://hl7.org/fhir/R4/datatypes.html#string">string</a><br/>(<a href="http://hl7.org/fhir/R4/search.html#string">string</a>)</td><td/><td><div><p>Search for locations with the specified name.</p>
</div></td></tr><tr><td>IN</td><td>address-city</td><td/><td>0..1</td><td><a href="http://hl7.org/fhir/R4/datatypes.html#string">string</a><br/>(<a href="http://hl7.org/fhir/R4/search.html#string">string</a>)</td><td/><td><div><p>Search for locations with the specified city.</p>
</div></td></tr><tr><td>IN</td><td>address-line1</td><td/><td>0..1</td><td><a href="http://hl7.org/fhir/R4/datatypes.html#string">string</a><br/>(<a href="http://hl7.org/fhir/R4/search.html#string">string</a>)</td><td/><td><div><p>Search for locations with a civic address. Supports trailing wild card.</p>
</div></td></tr><tr><td>IN</td><td>otheraddress-line1</td><td/><td>0..1</td><td><a href="http://hl7.org/fhir/R4/datatypes.html#string">string</a><br/>(<a href="http://hl7.org/fhir/R4/search.html#string">string</a>)</td><td/><td><div><p>Search for locations with an address. Supports trailing wild card. Not implemented yet.</p>
</div></td></tr><tr><td>IN</td><td>healthAuthority</td><td/><td>0..1</td><td><a href="http://hl7.org/fhir/R4/datatypes.html#string">string</a><br/>(<a href="http://hl7.org/fhir/R4/search.html#string">string</a>)</td><td/><td><div><p>Search for locations within the specified health authority. Only one of healthAuthority, healthServiceDeliveryArea, localHealthArea, communityHealthServiceArea allowed. The full name is required. E.g. Langford/Highlands. See <a href="https://www2.gov.bc.ca/gov/content/data/geographic-data-services/land-use/administrative-boundaries/health-boundaries">this site</a> for a list of accepteable strings.</p>
</div></td></tr><tr><td>IN</td><td>healthServiceDeliveryArea</td><td/><td>0..1</td><td><a href="http://hl7.org/fhir/R4/datatypes.html#string">string</a><br/>(<a href="http://hl7.org/fhir/R4/search.html#string">string</a>)</td><td/><td><div><p>Search for locations within the specified health service delivery area. See <a href="https://www2.gov.bc.ca/gov/content/data/geographic-data-services/land-use/administrative-boundaries/health-boundaries">this site</a> for a list of accepteable strings.</p>
</div></td></tr><tr><td>IN</td><td>localHealthArea</td><td/><td>0..1</td><td><a href="http://hl7.org/fhir/R4/datatypes.html#string">string</a><br/>(<a href="http://hl7.org/fhir/R4/search.html#string">string</a>)</td><td/><td><div><p>Search for locations within the specified local health area. See <a href="https://www2.gov.bc.ca/gov/content/data/geographic-data-services/land-use/administrative-boundaries/health-boundaries">this site</a> for a list of accepteable strings.</p>
</div></td></tr><tr><td>IN</td><td>communityHealthServiceArea</td><td/><td>0..1</td><td><a href="http://hl7.org/fhir/R4/datatypes.html#string">string</a><br/>(<a href="http://hl7.org/fhir/R4/search.html#string">string</a>)</td><td/><td><div><p>Search for locations within the specified local community health service area. See <a href="https://www2.gov.bc.ca/gov/content/data/geographic-data-services/land-use/administrative-boundaries/health-boundaries">this site</a> for a list of accepteable strings.</p>
</div></td></tr><tr><td>IN</td><td>primaryCareNetwork</td><td/><td>0..1</td><td><a href="http://hl7.org/fhir/R4/datatypes.html#string">string</a><br/>(<a href="http://hl7.org/fhir/R4/search.html#string">string</a>)</td><td/><td><div><p>Search for locations within the specified Primary Care Network. Not implemented yet.</p>
</div></td></tr><tr><td>IN</td><td>withHistory</td><td/><td>0..1</td><td><a href="http://hl7.org/fhir/R4/datatypes.html#boolean">boolean</a></td><td/><td><div><p>true or false, The withHistory parameter instructs PLR to search through historical records for matching attributes. Only the current data is returned.</p>
</div></td></tr><tr><td>OUT</td><td>bundle</td><td/><td>1..1</td><td><a href="http://hl7.org/fhir/R4/bundle.html">Bundle</a></td><td/><td><div><p>The Response Bundle with the OperationOutcome and the list of BCLocationBundle found by the search.</p>
</div></td></tr></table></div>
  </text>
  <url value="http://hlth.gov.bc.ca/fhir/provider/OperationDefinition/bc-extended-location-query"/>
  <version value="1.0.0"/>
  <name value="LocationExtendedQuery"/>
  <title value="Query for a location that returns associated resources - FUTURE"/>
  <status value="draft"/>
  <kind value="query"/>
  <date value="2025-02-28T00:26:03+00:00"/>
  <publisher value="BC Ministry of Health"/>
  <contact>
    <name value="BC Ministry of Health"/>
    <telecom>
      <system value="url"/>
      <value value="https://www2.gov.bc.ca/gov/content/governments/organizational-structure/ministries-organizations/ministries/health"/>
    </telecom>
  </contact>
  <description value="This operation is used to query for an location and will return the information for that location along with any instances that can be found by following associations to other providers, organizations, or location."/>
  <jurisdiction>
    <coding>
      <system value="urn:iso:std:iso:3166"/>
      <code value="CA"/>
      <display value="Canada"/>
    </coding>
  </jurisdiction>
  <code value="extendedQuery"/>
  <resource value="Location"/>
  <system value="false"/>
  <type value="true"/>
  <instance value="true"/>
  <parameter>
    <name value="identifier"/>
    <use value="in"/>
    <min value="0"/>
    <max value="1"/>
    <documentation value="String, representing the full identifier value with system and value, e.g. identifier=[system]|[value]"/>
    <type value="string"/>
    <searchType value="string"/>
  </parameter>
  <parameter>
    <name value="name"/>
    <use value="in"/>
    <min value="0"/>
    <max value="1"/>
    <documentation value="Search for locations with the specified name."/>
    <type value="string"/>
    <searchType value="string"/>
  </parameter>
  <parameter>
    <name value="address-city"/>
    <use value="in"/>
    <min value="0"/>
    <max value="1"/>
    <documentation value="Search for locations with the specified city."/>
    <type value="string"/>
    <searchType value="string"/>
  </parameter>
  <parameter>
    <name value="address-line1"/>
    <use value="in"/>
    <min value="0"/>
    <max value="1"/>
    <documentation value="Search for locations with a civic address. Supports trailing wild card."/>
    <type value="string"/>
    <searchType value="string"/>
  </parameter>
  <parameter>
    <name value="otheraddress-line1"/>
    <use value="in"/>
    <min value="0"/>
    <max value="1"/>
    <documentation value="Search for locations with an address. Supports trailing wild card. Not implemented yet."/>
    <type value="string"/>
    <searchType value="string"/>
  </parameter>
  <parameter>
    <name value="healthAuthority"/>
    <use value="in"/>
    <min value="0"/>
    <max value="1"/>
    <documentation value="Search for locations within the specified health authority. Only one of healthAuthority, healthServiceDeliveryArea, localHealthArea, communityHealthServiceArea allowed. The full name is required. E.g. Langford/Highlands. See [this site](https://www2.gov.bc.ca/gov/content/data/geographic-data-services/land-use/administrative-boundaries/health-boundaries) for a list of accepteable strings."/>
    <type value="string"/>
    <searchType value="string"/>
  </parameter>
  <parameter>
    <name value="healthServiceDeliveryArea"/>
    <use value="in"/>
    <min value="0"/>
    <max value="1"/>
    <documentation value="Search for locations within the specified health service delivery area. See [this site](https://www2.gov.bc.ca/gov/content/data/geographic-data-services/land-use/administrative-boundaries/health-boundaries) for a list of accepteable strings."/>
    <type value="string"/>
    <searchType value="string"/>
  </parameter>
  <parameter>
    <name value="localHealthArea"/>
    <use value="in"/>
    <min value="0"/>
    <max value="1"/>
    <documentation value="Search for locations within the specified local health area. See [this site](https://www2.gov.bc.ca/gov/content/data/geographic-data-services/land-use/administrative-boundaries/health-boundaries) for a list of accepteable strings."/>
    <type value="string"/>
    <searchType value="string"/>
  </parameter>
  <parameter>
    <name value="communityHealthServiceArea"/>
    <use value="in"/>
    <min value="0"/>
    <max value="1"/>
    <documentation value="Search for locations within the specified local community health service area. See [this site](https://www2.gov.bc.ca/gov/content/data/geographic-data-services/land-use/administrative-boundaries/health-boundaries) for a list of accepteable strings."/>
    <type value="string"/>
    <searchType value="string"/>
  </parameter>
  <parameter>
    <name value="primaryCareNetwork"/>
    <use value="in"/>
    <min value="0"/>
    <max value="1"/>
    <documentation value="Search for locations within the specified Primary Care Network. Not implemented yet."/>
    <type value="string"/>
    <searchType value="string"/>
  </parameter>
  <parameter>
    <name value="withHistory"/>
    <use value="in"/>
    <min value="0"/>
    <max value="1"/>
    <documentation value="true or false, The withHistory parameter instructs PLR to search through historical records for matching attributes. Only the current data is returned."/>
    <type value="boolean"/>
  </parameter>
  <parameter>
    <name value="bundle"/>
    <use value="out"/>
    <min value="1"/>
    <max value="1"/>
    <documentation value="The Response Bundle with the OperationOutcome and the list of BCLocationBundle found by the search."/>
    <type value="Bundle"/>
  </parameter>
</OperationDefinition>