<?xml version="1.0" encoding="UTF-8"?>

<Organization xmlns="http://hl7.org/fhir">
  <id value="Example-Organization-PrimaryCare"/>
  <meta>
    <profile value="http://hlth.gov.bc.ca/fhir/provider/StructureDefinition/bc-organization"/>
  </meta>
  <text>
    <status value="extensions"/><div xmlns="http://www.w3.org/1999/xhtml"><p class="res-header-id"><b>Generated Narrative: Organization Example-Organization-PrimaryCare</b></p><a name="Example-Organization-PrimaryCare"> </a><a name="hcExample-Organization-PrimaryCare"> </a><a name="Example-Organization-PrimaryCare-en-US"> </a><div style="display: inline-block; background-color: #d9e0e7; padding: 6px; margin: 4px; border: 1px solid #8da1b4; border-radius: 5px; line-height: 60%"><p style="margin-bottom: 0px"/><p style="margin-bottom: 0px">Profile: <a href="StructureDefinition-bc-organization.html">BCOrganization</a></p></div><blockquote><p><b>BC Notes Extension</b></p><ul><li>identifier: <code>http://hlth.gov.bc.ca/fhir/provider/identifier-system/bc-note-id</code>/Note-2</li><li>text: Note text</li><li>http://hlth.gov.bc.ca/fhir/provider/StructureDefinition/bc-period-extension: 1998-01-02 --&gt; (ongoing)</li></ul></blockquote><blockquote><p><b>BC License Status Extension</b></p><ul><li>statusCode: <span title="Codes:{http://terminology.hl7.org/CodeSystem/v3-RoleStatus active}">active</span></li><li>period: 2022-02-07 --&gt; 2023-12-07</li><li>statusReasonCode: <span title="Codes:{https://terminology.hlth.gov.bc.ca/ProviderLocationRegistry/CodeSystem/bc-license-status-reason-code-system ORG}">ORG</span></li><li>statusClassCode: <span title="Codes:{https://terminology.hlth.gov.bc.ca/ProviderLocationRegistry/CodeSystem/bc-license-status-class-code-system AE}">AE</span></li></ul></blockquote><blockquote><p><b>Extension to represent the Clinic Payee number.</b></p><ul><li>identifier: PRPTY.123.PRS</li><li>payeeNumber: 123456</li><li>http://hlth.gov.bc.ca/fhir/provider/StructureDefinition/bc-period-extension: 2023-01-02 --&gt; (ongoing)</li></ul></blockquote><blockquote><p><b>Extension to represent Availability, or hours of operation, for clinic, or other Profiles</b></p><blockquote><p><b>url</b></p><a href="https://simplifier.net/resolve?scope=hl7.fhir.ca.baseline@1.1.7&amp;canonical=http://hl7.org/fhir/ca/baseline/identifier">identifier</a></blockquote><p><b>value</b>: PRPTY.145.PRS</p><p><b>daysOfWeek</b>: mon</p><p><b>daysOfWeek</b>: wed</p><p><b>availableStartTime</b>: 09:00:00</p><p><b>availableEndTime</b>: 17:00:00</p><blockquote><p><b>url</b></p><a href="StructureDefinition-bc-availableTime-extension.html">Extension to represent the available Time, or hours of operation, for clinic, or other Profiles</a></blockquote><p><b>daysOfWeek</b>: tue</p><p><b>allDay</b>: true</p><blockquote><p><b>url</b></p><a href="StructureDefinition-bc-availableTime-extension.html">Extension to represent the available Time, or hours of operation, for clinic, or other Profiles</a></blockquote><blockquote><p><b>url</b></p><a href="StructureDefinition-bc-period-extension.html">BC Valid Period Extension</a></blockquote><p><b>value</b>: 2023-01-02 --&gt; (ongoing)</p></blockquote><blockquote><p><b>Extension for BC Organization to add Primary Care Clinic details</b></p><p><b>identifier</b>: PRPTY.987.PRS</p><p><b>clinicType</b>: <span title="Codes:">Longitudinal Primary Care Practice</span></p><p><b>BC Valid Period Extension</b>: 2023-01-02 --&gt; (ongoing)</p><blockquote><p><b>url</b></p><a href="StructureDefinition-bc-organization-clinic-type-extension.html">Extension to represent the Clinic type.</a></blockquote><p><b>identifier</b>: PRPTY.963.PRS</p><p><b>ownershipType</b>: <span title="Codes:">Other</span></p><p><b>BC Valid Period Extension</b>: 2023-01-02 --&gt; (ongoing)</p><blockquote><p><b>url</b></p><a href="StructureDefinition-bc-organization-clinic-ownership-type-extension.html">Extension to represent the Clinic Ownership type.</a></blockquote><p><b>identifier</b>: PRPTY.258.PRS</p><p><b>serviceDeliveryType</b>: <span title="Codes:">Longitudinal</span></p><p><b>BC Valid Period Extension</b>: 2023-01-02 --&gt; (ongoing)</p><blockquote><p><b>url</b></p><a href="StructureDefinition-bc-organization-clinic-service-delivery-type-extension.html">Extension to represent the Clinic Service Delivery type.</a></blockquote><p><b>identifier</b>: PRPTY.852.PRS</p><p><b>pciFlag</b>: true</p><p><b>BC Valid Period Extension</b>: 2023-01-02 --&gt; (ongoing)</p><blockquote><p><b>url</b></p><a href="StructureDefinition-bc-organization-pci-extension.html">Extension to indicate if the clinic is part of the Primary Care Initiative.</a></blockquote><p><b>identifier</b>: PRPTY.741.PRS</p><p><b>clinicLegalName</b>: Kelowna Downtown Primary Care Clinic Org.</p><p><b>BC Valid Period Extension</b>: 2023-01-02 --&gt; (ongoing)</p><blockquote><p><b>url</b></p><a href="StructureDefinition-bc-organization-clinic-legal-name-extension.html">Extension for the clinic business legal name.</a></blockquote><p><b>identifier</b>: PRPTY.654.PRS</p><p><b>clinicOwner</b>: John Doe, Dc Singh, Interior Health Authority</p><p><b>BC Valid Period Extension</b>: 2023-01-02 --&gt; (ongoing)</p><blockquote><p><b>url</b></p><a href="StructureDefinition-bc-organization-clinic-owner-extension.html">Extension to represent clinic Owners.</a></blockquote><p><b>identifier</b>: PRPTY.156.PRS</p><p><b>clinicOwner</b>: Owner Two, Dc Singh, Interior Health Authority</p><p><b>BC Valid Period Extension</b>: 2023-01-02 --&gt; (ongoing)</p><blockquote><p><b>url</b></p><a href="StructureDefinition-bc-organization-clinic-owner-extension.html">Extension to represent clinic Owners.</a></blockquote></blockquote><p><b>identifier</b>: <code>https://health.gov.bc.ca/fhir/NamingSystem/ca-bc-plr-org-id</code>/456789 (, period: 2021-12-01 --&gt; (ongoing))</p><p><b>active</b>: true</p><p><b>type</b>: <span title="Codes:{https://terminology.hlth.gov.bc.ca/ProviderLocationRegistry/CodeSystem/bc-organization-role-code-system ORG}">ORG</span></p><p><b>name</b>: Kelowna PC Clinic</p><p><b>alias</b>: Primary Care Clinic - Kelowna</p><p><b>telecom</b>: ph: 2501112234</p><p><b>address</b>: 1000 DOUGLAS ST Kelowna BC V6P7B8 CA </p></div>
  </text>
  <extension url="http://hlth.gov.bc.ca/fhir/provider/StructureDefinition/bc-note-extension">
    <extension url="identifier">
      <valueIdentifier>
        <system value="http://hlth.gov.bc.ca/fhir/provider/identifier-system/bc-note-id"/>
        <value value="Note-2"/>
      </valueIdentifier>
    </extension>
    <extension url="text">
      <valueString value="Note text"/>
    </extension>
    <extension url="http://hlth.gov.bc.ca/fhir/provider/StructureDefinition/bc-period-extension">
      <valuePeriod>
        <start value="1998-01-02"/>
      </valuePeriod>
    </extension>
  </extension>
  <extension url="http://hlth.gov.bc.ca/fhir/provider/StructureDefinition/bc-license-status-extension">
    <extension url="statusCode">
      <valueCodeableConcept>
        <coding>
          <system value="http://terminology.hl7.org/CodeSystem/v3-RoleStatus"/>
          <code value="active"/>
        </coding>
      </valueCodeableConcept>
    </extension>
    <extension url="period">
      <valuePeriod>
        <start value="2022-02-07"/>
        <end value="2023-12-07"/>
      </valuePeriod>
    </extension>
    <extension url="statusReasonCode">
      <valueCodeableConcept>
        <coding>
          <system value="https://terminology.hlth.gov.bc.ca/ProviderLocationRegistry/CodeSystem/bc-license-status-reason-code-system"/>
          <code value="ORG"/>
        </coding>
      </valueCodeableConcept>
    </extension>
    <extension url="statusClassCode">
      <valueCodeableConcept>
        <coding>
          <system value="https://terminology.hlth.gov.bc.ca/ProviderLocationRegistry/CodeSystem/bc-license-status-class-code-system"/>
          <code value="AE"/>
        </coding>
      </valueCodeableConcept>
    </extension>
  </extension>
  <extension url="http://hlth.gov.bc.ca/fhir/provider/StructureDefinition/bc-organization-clinic-payee-number-extension">
    <extension url="identifier">
      <valueIdentifier>
        <value value="PRPTY.123.PRS"/>
      </valueIdentifier>
    </extension>
    <extension url="payeeNumber">
      <valueString value="123456"/>
    </extension>
    <extension url="http://hlth.gov.bc.ca/fhir/provider/StructureDefinition/bc-period-extension">
      <valuePeriod>
        <start value="2023-01-02"/>
      </valuePeriod>
    </extension>
  </extension>
  <extension url="http://hlth.gov.bc.ca/fhir/provider/StructureDefinition/bc-availability-extension">
    <extension url="identifier">
      <valueIdentifier>
        <value value="PRPTY.145.PRS"/>
      </valueIdentifier>
    </extension>
    <extension url="http://hlth.gov.bc.ca/fhir/provider/StructureDefinition/bc-availableTime-extension">
      <extension url="daysOfWeek">
        <valueCode value="mon"/>
      </extension>
      <extension url="daysOfWeek">
        <valueCode value="wed"/>
      </extension>
      <extension url="availableStartTime">
        <valueTime value="09:00:00"/>
      </extension>
      <extension url="availableEndTime">
        <valueTime value="17:00:00"/>
      </extension>
    </extension>
    <extension url="http://hlth.gov.bc.ca/fhir/provider/StructureDefinition/bc-availableTime-extension">
      <extension url="daysOfWeek">
        <valueCode value="tue"/>
      </extension>
      <extension url="allDay">
        <valueBoolean value="true"/>
      </extension>
    </extension>
    <extension url="http://hlth.gov.bc.ca/fhir/provider/StructureDefinition/bc-period-extension">
      <valuePeriod>
        <start value="2023-01-02"/>
      </valuePeriod>
    </extension>
  </extension>
  <extension url="http://hlth.gov.bc.ca/fhir/provider/StructureDefinition/bc-organization-primary-care-clinic-extension">
    <extension url="http://hlth.gov.bc.ca/fhir/provider/StructureDefinition/bc-organization-clinic-type-extension">
      <extension url="identifier">
        <valueIdentifier>
          <value value="PRPTY.987.PRS"/>
        </valueIdentifier>
      </extension>
      <extension url="clinicType">
        <valueCodeableConcept>
          <text value="Longitudinal Primary Care Practice"/>
        </valueCodeableConcept>
      </extension>
      <extension url="http://hlth.gov.bc.ca/fhir/provider/StructureDefinition/bc-period-extension">
        <valuePeriod>
          <start value="2023-01-02"/>
        </valuePeriod>
      </extension>
    </extension>
    <extension url="http://hlth.gov.bc.ca/fhir/provider/StructureDefinition/bc-organization-clinic-ownership-type-extension">
      <extension url="identifier">
        <valueIdentifier>
          <value value="PRPTY.963.PRS"/>
        </valueIdentifier>
      </extension>
      <extension url="ownershipType">
        <valueCodeableConcept>
          <text value="Other"/>
        </valueCodeableConcept>
      </extension>
      <extension url="http://hlth.gov.bc.ca/fhir/provider/StructureDefinition/bc-period-extension">
        <valuePeriod>
          <start value="2023-01-02"/>
        </valuePeriod>
      </extension>
    </extension>
    <extension url="http://hlth.gov.bc.ca/fhir/provider/StructureDefinition/bc-organization-clinic-service-delivery-type-extension">
      <extension url="identifier">
        <valueIdentifier>
          <value value="PRPTY.258.PRS"/>
        </valueIdentifier>
      </extension>
      <extension url="serviceDeliveryType">
        <valueCodeableConcept>
          <text value="Longitudinal"/>
        </valueCodeableConcept>
      </extension>
      <extension url="http://hlth.gov.bc.ca/fhir/provider/StructureDefinition/bc-period-extension">
        <valuePeriod>
          <start value="2023-01-02"/>
        </valuePeriod>
      </extension>
    </extension>
    <extension url="http://hlth.gov.bc.ca/fhir/provider/StructureDefinition/bc-organization-pci-extension">
      <extension url="identifier">
        <valueIdentifier>
          <value value="PRPTY.852.PRS"/>
        </valueIdentifier>
      </extension>
      <extension url="pciFlag">
        <valueBoolean value="true"/>
      </extension>
      <extension url="http://hlth.gov.bc.ca/fhir/provider/StructureDefinition/bc-period-extension">
        <valuePeriod>
          <start value="2023-01-02"/>
        </valuePeriod>
      </extension>
    </extension>
    <extension url="http://hlth.gov.bc.ca/fhir/provider/StructureDefinition/bc-organization-clinic-legal-name-extension">
      <extension url="identifier">
        <valueIdentifier>
          <value value="PRPTY.741.PRS"/>
        </valueIdentifier>
      </extension>
      <extension url="clinicLegalName">
        <valueString value="Kelowna Downtown Primary Care Clinic Org."/>
      </extension>
      <extension url="http://hlth.gov.bc.ca/fhir/provider/StructureDefinition/bc-period-extension">
        <valuePeriod>
          <start value="2023-01-02"/>
        </valuePeriod>
      </extension>
    </extension>
    <extension url="http://hlth.gov.bc.ca/fhir/provider/StructureDefinition/bc-organization-clinic-owner-extension">
      <extension url="identifier">
        <valueIdentifier>
          <value value="PRPTY.654.PRS"/>
        </valueIdentifier>
      </extension>
      <extension url="clinicOwner">
        <valueString value="John Doe, Dc Singh, Interior Health Authority"/>
      </extension>
      <extension url="http://hlth.gov.bc.ca/fhir/provider/StructureDefinition/bc-period-extension">
        <valuePeriod>
          <start value="2023-01-02"/>
        </valuePeriod>
      </extension>
    </extension>
    <extension url="http://hlth.gov.bc.ca/fhir/provider/StructureDefinition/bc-organization-clinic-owner-extension">
      <extension url="identifier">
        <valueIdentifier>
          <value value="PRPTY.156.PRS"/>
        </valueIdentifier>
      </extension>
      <extension url="clinicOwner">
        <valueString value="Owner Two, Dc Singh, Interior Health Authority"/>
      </extension>
      <extension url="http://hlth.gov.bc.ca/fhir/provider/StructureDefinition/bc-period-extension">
        <valuePeriod>
          <start value="2023-01-02"/>
        </valuePeriod>
      </extension>
    </extension>
  </extension>
  <identifier>
    <system value="https://health.gov.bc.ca/fhir/NamingSystem/ca-bc-plr-org-id"/>
    <value value="456789"/>
    <period>
      <start value="2021-12-01"/>
    </period>
  </identifier>
  <active value="true"/>
  <type>
    <coding>
      <system value="https://terminology.hlth.gov.bc.ca/ProviderLocationRegistry/CodeSystem/bc-organization-role-code-system"/>
      <code value="ORG"/>
    </coding>
  </type>
  <name value="Kelowna PC Clinic">
    <extension url="http://hlth.gov.bc.ca/fhir/provider/StructureDefinition/bc-name-use-extension">
      <valueCode value="official"/>
    </extension>
    <extension url="http://hlth.gov.bc.ca/fhir/provider/StructureDefinition/bc-period-extension">
      <valuePeriod>
        <start value="2021-12-31T00:00:00-07:00"/>
      </valuePeriod>
    </extension>
  </name>
  <alias value="Primary Care Clinic - Kelowna"/>
  <telecom>
    <extension url="http://hlth.gov.bc.ca/fhir/provider/StructureDefinition/bc-communication-purpose-code-extension">
      <valueCodeableConcept>
        <coding>
          <system value="https://terminology.hlth.gov.bc.ca/ProviderLocationRegistry/CodeSystem/bc-communication-purpose-code-system"/>
          <code value="BC"/>
        </coding>
      </valueCodeableConcept>
    </extension>
    <system value="phone"/>
    <value value="2501112234"/>
    <period>
      <start value="2000-02-02"/>
    </period>
  </telecom>
  <address>
    <extension url="http://hlth.gov.bc.ca/fhir/provider/StructureDefinition/bc-communication-purpose-code-extension">
      <valueCodeableConcept>
        <coding>
          <system value="https://terminology.hlth.gov.bc.ca/ProviderLocationRegistry/CodeSystem/bc-communication-purpose-code-system"/>
          <code value="BC"/>
        </coding>
      </valueCodeableConcept>
    </extension>
    <extension url="http://hlth.gov.bc.ca/fhir/provider/StructureDefinition/bc-address-validation-status-extension">
      <valueCodeableConcept>
        <coding>
          <system value="https://terminology.hlth.gov.bc.ca/ProviderLocationRegistry/CodeSystem/bc-address-validation-status-code-system"/>
          <code value="V"/>
        </coding>
      </valueCodeableConcept>
    </extension>
    <type value="postal"/>
    <line value="1000 DOUGLAS ST"/>
    <city value="Kelowna"/>
    <state value="BC"/>
    <postalCode value="V6P7B8"/>
    <country value="CA"/>
    <period>
      <start value="2000-01-01"/>
    </period>
  </address>
</Organization>