<?xml version="1.0" encoding="UTF-8"?>

<CapabilityStatement xmlns="http://hl7.org/fhir">
  <id value="bc-plr-capability-statement"/>
  <text>
    <status value="extensions"/><div xmlns="http://www.w3.org/1999/xhtml"><h2>BCPLRCapabilityStatement</h2><div><p>This capability statement describes the four use cases that are supported by the BC FHIR implementation of PLR.</p>
<ul>
<li>Distributions - used when PLR is communicating a change in a single Practitioner, Organization, or Location</li>
<li>Maintain - used when an external source is communicating a change to PLR</li>
<li>Batch - allows for the sending of multiple Maintain messages at one time</li>
<li>Queries - a set of operations are defined that allow the querying of PLR FHIR instances</li>
</ul>
<h4>Distributions</h4>
<p>A Distribution is used by PLR to communicate a change in a single Practitioner, Organization, or Location to an external connected system that subscribes to the distribution service.  It will be accomplished by sending a FHIR Bundle of type 'transaction' via a RESTful PUT message.  The transaction Bundle includes one of the following sets:</p>
<ol>
<li>PractitionerRole(s) and Practitioner;</li>
<li>OrganizationAffiliation(s), PractitionerRole(s) and Organization;</li>
<li>Location, OrganizationAffiliation(s), PractitionerRole(s).</li>
</ol>
<p>There will be one PUT message per distribution and each distribution will have a single Practitioner, Organization, or Location.  Each distribution message has a logical ID which is a database unique key.  This logical ID is not intended to be used in any other message, i.e., one can not request the Bundle with GET /Bundle/123445.</p>
<p>With the restriction on the content of the different Distribution Bundles, it may take multiple Bundles to convey all of the relationships between Practitioners, Organizations, and Locations.  To send a PractitionerRole, the Organization and/or Location must already exist.  Similarly, for OrganizationAffiliations, the Organizations and/or Locations must already exist.  That could possibly mean that one would see a Distribution Bundle with just an Organization and then another Bundle with a Practitioner and a PractitionerRole linking the Practitioner and the Organization.</p>
<p>The response to a distribution SHALL be HTTP 200 or 201 OK.  Anything else and the reliable messaging function will retry to send the message until a 200 is received back.</p>
<h4>Maintain</h4>
<p>Maintain Provider and Facility will be exactly like Distributions above, just an incoming message, rather than an outbound message.  The rules for Distributions apply to Maintain Bundles.</p>
<p>The logical ID of the transaction Bundle is assigned by the source of the message and is not intended to be used again.  The source today is required to use a unique identifier for each message and the logical ID can be that unique identifier.</p>
<p>The response SHALL be a Bundle with OperationOutcome and the modified or new resource(s) within the Bundle.  A maintain Bundle SHALL only update or create a single Provider or Facility.  Thus, if the message is requesting a relationship to a Provider be created, the target Provider SHALL already exist in PLR, otherwise the whole transaction Bundle is rolled back.</p>
<h4>Batch</h4>
<p>Batch also uses Bundles, but a batch Bundle.  A batch Bundle allows for many independent transactions to be sent in a single message.  The batch Bundle must contain at least one or more of:</p>
<ol>
<li>a transaction Bundle (with PractitionerRole(s) and Practitioner) to add/update an Individual Provider</li>
<li>a transaction Bundle (with OrganizationAffiliation(s), PractitionerRole(s) and Organizations) to add/update an Organizational Provider</li>
<li>a transaction Bundle (with OrganizationAffiliations(s) and PractitionerRole(s)) to add/update a Facility</li>
</ol>
<p>The logical ID of a Batch SHOULD be assigned by the source; the unique identifier that PLR batch users are to the batch file SHALL be the logical ID.  The logical ID is transient and not meant to be used again in any way.  Within the batch Bundle each transaction SHALL have a conformant logical ID if the transaction is to update an existing Provider or Facility.  If the transaction is to create, the logical ID is assigned by PLR and returned in the response Bundle.</p>
<p>The response Bundle is similarly structured to the request, populating and echoing back the results of each transaction.  The only difference is that OperationOutcome SHALL also be included for each transaction for acknowledgement and error messages - and a Bundle with a single OperationOutcome to cover the situation where the batch wasn't processed due to validation or non-business errors.</p>
<h4>Query</h4>
<p>PLR FHIR has defined a set of FHIR Operations to search for Providers and Facilities.  These are the only FHIR RESTful queries that are supported by PLR.  Operations are designed for searches where the server needs to play an active role in preparing the responses.  In PLR's case, the server would need to include resources that make up the full Provider or additionally return the full Provider and related Providers or Facilities.  Queries using PractitionerRole and OrganizationAffiliation are not permitted and unnecessary.</p>
<p>The two query operations are:</p>
<ul>
<li>$full - used to return the full <a href="OperationDefinition-bc-full-practitioner-query.html">provider</a> or <a href="OperationDefinition-bc-full-organization-facility-query.html">organization or facility</a> without following relationships</li>
<li>$dereference - used to return the full <a href="OperationDefinition-bc-dereference-practitioner-query.html">provider</a> or <a href="OperationDefinition-bc-dereference-organization-facility-query.html">organization or facility</a> along with all directly referenced providers or facilities</li>
</ul>
<p>The syntax for the $full operation is:</p>
<ul>
<li>GET /resource/id/$full to retrieve a specific provider or facility where the id is known</li>
<li>GET /resource/$full?param1&amp;param2&amp;... to search for a provider or facility with search parameters instead of an id</li>
</ul>
<p>Although PLR supports many different types of identifiers, the resource id is the identifier assigned by PLR when the resource is created, internally called the IPC for Providers and IFC for Facilities.  This id is always returned in the response and should be persisted by the requestor.  To search for other identifiers stored in PLR and attached to Providers or Facilities, the search parameter 'identifier' should be used.</p>
<p>The parameters for the $full operation will be the standard search parameters.</p>
<p>The syntax for the $dereference operation is:</p>
<ul>
<li>GET /resource/id/$dereference to retrieve the full information about a specific provider or facility where the id is known</li>
<li>GET /resource/$dereference?param1&amp;param2&amp;... to search and retrieve the full information about a provider or facility</li>
</ul>
<p>The parameters for the $dereference operation will be the standard search parameters, along with the 'join' parameters, e.g., location_city, organization_name, etc.</p>
</div><table><tr><td>Mode</td><td>SERVER</td></tr><tr><td>Description</td><td/></tr><tr><td>Transaction</td><td></td></tr><tr><td>System History</td><td></td></tr><tr><td>System Search</td><td></td></tr></table><table><tr><th><b>Resource Type</b></th><th><b>Profile</b></th><th><b title="GET a resource (read interaction)">Read</b></th><th><b title="GET all set of resources of the type (search interaction)">Search</b></th><th><b title="PUT a new resource version (update interaction)">Update</b></th><th><b title="POST a new resource (create interaction)">Create</b></th></tr><tr><td>Bundle</td><td></td><td></td><td></td><td>y</td></tr><tr><td>Practitioner</td><td></td><td></td><td></td><td></td></tr><tr><td>Organization</td><td></td><td></td><td></td><td></td></tr><tr><td>Location</td><td></td><td></td><td></td><td></td></tr></table></div>
  </text>
  <url value="http://hl7.org/fhir/ca-bc/provider/CapabilityStatement/bc-plr-capability-statement"/>
  <version value="0.1.0"/>
  <name value="BCPLRCapabilityStatement"/>
  <title value="BC PLR Capability Statement"/>
  <status value="draft"/>
  <date value="2021-03-31"/>
  <publisher value="BC Ministry of Health"/>
  <contact>
    <name value="BC Ministry of Health"/>
    <telecom>
      <system value="url"/>
      <value value="https://www2.gov.bc.ca/gov/content/governments/organizational-structure/ministries-organizations/ministries/health"/>
    </telecom>
  </contact>
  <description value="This capability statement describes the four use cases that are supported by the BC FHIR implementation of PLR.&#xA;&#xA;* Distributions - used when PLR is communicating a change in a single Practitioner, Organization, or Location&#xA;* Maintain - used when an external source is communicating a change to PLR&#xA;* Batch - allows for the sending of multiple Maintain messages at one time&#xA;* Queries - a set of operations are defined that allow the querying of PLR FHIR instances&#xA;&#xA;#### Distributions&#xA;&#xA;A Distribution is used by PLR to communicate a change in a single Practitioner, Organization, or Location to an external connected system that subscribes to the distribution service.  It will be accomplished by sending a FHIR Bundle of type &#39;transaction&#39; via a RESTful PUT message.  The transaction Bundle includes one of the following sets:&#xA;&#xA;1.&#x9;PractitionerRole(s) and Practitioner;&#xA;2.&#x9;OrganizationAffiliation(s), PractitionerRole(s) and Organization;&#xA;3.&#x9;Location, OrganizationAffiliation(s), PractitionerRole(s).  &#xA;&#xA;There will be one PUT message per distribution and each distribution will have a single Practitioner, Organization, or Location.  Each distribution message has a logical ID which is a database unique key.  This logical ID is not intended to be used in any other message, i.e., one can not request the Bundle with GET /Bundle/123445.&#xA;&#xA;With the restriction on the content of the different Distribution Bundles, it may take multiple Bundles to convey all of the relationships between Practitioners, Organizations, and Locations.  To send a PractitionerRole, the Organization and/or Location must already exist.  Similarly, for OrganizationAffiliations, the Organizations and/or Locations must already exist.  That could possibly mean that one would see a Distribution Bundle with just an Organization and then another Bundle with a Practitioner and a PractitionerRole linking the Practitioner and the Organization.&#xA;&#xA;The response to a distribution SHALL be HTTP 200 or 201 OK.  Anything else and the reliable messaging function will retry to send the message until a 200 is received back.&#xA;&#xA;#### Maintain&#xA;Maintain Provider and Facility will be exactly like Distributions above, just an incoming message, rather than an outbound message.  The rules for Distributions apply to Maintain Bundles.&#xA;&#xA;The logical ID of the transaction Bundle is assigned by the source of the message and is not intended to be used again.  The source today is required to use a unique identifier for each message and the logical ID can be that unique identifier.&#xA;&#xA;The response SHALL be a Bundle with OperationOutcome and the modified or new resource(s) within the Bundle.  A maintain Bundle SHALL only update or create a single Provider or Facility.  Thus, if the message is requesting a relationship to a Provider be created, the target Provider SHALL already exist in PLR, otherwise the whole transaction Bundle is rolled back.&#xA;&#xA;#### Batch&#xA;Batch also uses Bundles, but a batch Bundle.  A batch Bundle allows for many independent transactions to be sent in a single message.  The batch Bundle must contain at least one or more of:&#xA;&#xA;1.&#x9;a transaction Bundle (with PractitionerRole(s) and Practitioner) to add/update an Individual Provider&#xA;2.&#x9;a transaction Bundle (with OrganizationAffiliation(s), PractitionerRole(s) and Organizations) to add/update an Organizational Provider&#xA;3.&#x9;a transaction Bundle (with OrganizationAffiliations(s) and PractitionerRole(s)) to add/update a Facility&#xA;&#xA;The logical ID of a Batch SHOULD be assigned by the source; the unique identifier that PLR batch users are to the batch file SHALL be the logical ID.  The logical ID is transient and not meant to be used again in any way.  Within the batch Bundle each transaction SHALL have a conformant logical ID if the transaction is to update an existing Provider or Facility.  If the transaction is to create, the logical ID is assigned by PLR and returned in the response Bundle.&#xA;&#xA;The response Bundle is similarly structured to the request, populating and echoing back the results of each transaction.  The only difference is that OperationOutcome SHALL also be included for each transaction for acknowledgement and error messages - and a Bundle with a single OperationOutcome to cover the situation where the batch wasn&#39;t processed due to validation or non-business errors.&#xA;&#xA;#### Query&#xA;PLR FHIR has defined a set of FHIR Operations to search for Providers and Facilities.  These are the only FHIR RESTful queries that are supported by PLR.  Operations are designed for searches where the server needs to play an active role in preparing the responses.  In PLR&#39;s case, the server would need to include resources that make up the full Provider or additionally return the full Provider and related Providers or Facilities.  Queries using PractitionerRole and OrganizationAffiliation are not permitted and unnecessary.&#xA;&#xA;The two query operations are:&#xA;&#xA;* $full - used to return the full [provider](OperationDefinition-bc-full-practitioner-query.html) or [organization or facility](OperationDefinition-bc-full-organization-facility-query.html) without following relationships&#xA;* $dereference - used to return the full [provider](OperationDefinition-bc-dereference-practitioner-query.html) or [organization or facility](OperationDefinition-bc-dereference-organization-facility-query.html) along with all directly referenced providers or facilities&#xA;&#xA;The syntax for the $full operation is:&#xA;&#xA;* GET /resource/id/$full to retrieve a specific provider or facility where the id is known&#xA;* GET /resource/$full?param1&amp;param2&amp;... to search for a provider or facility with search parameters instead of an id&#xA;&#xA;Although PLR supports many different types of identifiers, the resource id is the identifier assigned by PLR when the resource is created, internally called the IPC for Providers and IFC for Facilities.  This id is always returned in the response and should be persisted by the requestor.  To search for other identifiers stored in PLR and attached to Providers or Facilities, the search parameter &#39;identifier&#39; should be used.&#xA;&#xA;The parameters for the $full operation will be the standard search parameters.&#xA;&#xA;The syntax for the $dereference operation is:&#xA;&#xA;* GET /resource/id/$dereference to retrieve the full information about a specific provider or facility where the id is known&#xA;* GET /resource/$dereference?param1&amp;param2&amp;... to search and retrieve the full information about a provider or facility&#xA;&#xA;The parameters for the $dereference operation will be the standard search parameters, along with the &#39;join&#39; parameters, e.g., location_city, organization_name, etc.&#xA;"/>
  <jurisdiction>
    <coding>
      <system value="urn:iso:std:iso:3166"/>
      <code value="CA"/>
      <display value="Canada"/>
    </coding>
  </jurisdiction>
  <kind value="capability"/>
  <software>
    <name value="BC PLR FHIR Implementation"/>
  </software>
  <fhirVersion value="4.0.1"/>
  <format value="xml"/>
  <format value="json"/>
  <rest>
    <mode value="server"/>
    <resource>
      <type value="Bundle"/>
      <supportedProfile value="http://hl7.org/fhir/ca-bc/provider/StructureDefinition/bc-practitioner-bundle"/>
      <supportedProfile value="http://hl7.org/fhir/ca-bc/provider/StructureDefinition/bc-organization-bundle"/>
      <supportedProfile value="http://hl7.org/fhir/ca-bc/provider/StructureDefinition/bc-location-bundle"/>
      <interaction>
        <code value="create"/>
      </interaction>
    </resource>
    <resource>
      <type value="Practitioner"/>
      <operation>
        <name value="full"/>
        <definition value="http://hl7.org/fhir/ca-bc/provider/OperationDefinition/bc-full-practitioner-query"/>
      </operation>
      <operation>
        <name value="dereference"/>
        <definition value="http://hl7.org/fhir/ca-bc/provider/OperationDefinition/bc-dereference-organization-facility-query"/>
      </operation>
    </resource>
    <resource>
      <type value="Organization"/>
      <operation>
        <name value="full"/>
        <definition value="http://hl7.org/fhir/ca-bc/provider/OperationDefinition/bc-full-organization-facility-query"/>
      </operation>
    </resource>
    <resource>
      <type value="Location"/>
      <operation>
        <name value="full"/>
        <definition value="http://hl7.org/fhir/ca-bc/provider/OperationDefinition/bc-full-organization-facility-query"/>
      </operation>
    </resource>
  </rest>
  <rest>
    <mode value="client"/>
    <resource>
      <type value="Bundle"/>
      <supportedProfile value="http://hl7.org/fhir/ca-bc/provider/StructureDefinition/bc-practitioner-bundle"/>
      <supportedProfile value="http://hl7.org/fhir/ca-bc/provider/StructureDefinition/bc-organization-bundle"/>
      <supportedProfile value="http://hl7.org/fhir/ca-bc/provider/StructureDefinition/bc-location-bundle"/>
      <supportedProfile value="http://hl7.org/fhir/ca-bc/provider/StructureDefinition/bc-batch-bundle"/>
      <interaction>
        <code value="create"/>
      </interaction>
    </resource>
  </rest>
</CapabilityStatement>