<?xml version="1.0" encoding="UTF-8"?><OperationDefinition xmlns="http://hl7.org/fhir"><id value="bc-full-organization-facility-query"/><text><status value="extensions"/><div xmlns="http://www.w3.org/1999/xhtml"><h2>FullOrganizationFacilityQuery</h2><p>QUERY: FullOrganizationFacilityQuery</p><p>The official URL for this operation definition is: </p><pre>http://hl7.org/fhir/ca-bc/provider/OperationDefinition/bc-full-organization-facility-query</pre><p>URL: [base]/Organization/$full</p><p>URL: [base]/Organization/[id]/$full</p><p>URL: [base]/Location/$full</p><p>URL: [base]/Location/[id]/$full</p><p>Parameters</p><table class="grid"><tr><td><b>Use</b></td><td><b>Name</b></td><td><b>Cardinality</b></td><td><b>Type</b></td><td><b>Binding</b></td><td><b>Documentation</b></td></tr><tr><td>IN</td><td>name</td><td>0..1</td><td><a href="http://hl7.org/fhir/R4/datatypes.html#string">string</a><br/>(<a href="http://hl7.org/fhir/R4/search.html#string">string</a>)</td><td/><td><div><p>Search for organizations or locations with the specified name.</p>
</div></td></tr></table></div></text><url value="http://hl7.org/fhir/ca-bc/provider/OperationDefinition/bc-full-organization-facility-query"/><version value="0.1.0"/><name value="FullOrganizationFacilityQuery"/><title value="Full Query for an organization or location"/><status value="draft"/><kind value="query"/><date value="2021-03-16T10:56:00-06:00"/><publisher value="BC Ministry of Health"/><contact><name value="BC Ministry of Health"/><telecom><system value="url"/><value value="https://www2.gov.bc.ca/gov/content/governments/organizational-structure/ministries-organizations/ministries/health"/></telecom></contact><jurisdiction><coding><system value="urn:iso:std:iso:3166"/><code value="CA"/><display value="Canada"/></coding></jurisdiction><code value="full"/><resource value="Organization"/><resource value="Location"/><system value="false"/><type value="true"/><instance value="true"/><parameter><name value="name"/><use value="in"/><min value="0"/><max value="1"/><documentation value="Search for organizations or locations with the specified name."/><type value="string"/><searchType value="string"/></parameter></OperationDefinition>