{
  "resourceType" : "OrganizationAffiliation",
  "id" : "RELN.141.PRS",
  "meta" : {
    "profile" : ["http://hlth.gov.bc.ca/fhir/provider/StructureDefinition/bc-organization-affiliation"]
  },
  "text" : {
    "status" : "generated",
    "div" : "<div xmlns=\"http://www.w3.org/1999/xhtml\"><p class=\"res-header-id\"><b>Generated Narrative: OrganizationAffiliation RELN.141.PRS</b></p><a name=\"RELN.141.PRS\"> </a><a name=\"hcRELN.141.PRS\"> </a><a name=\"RELN.141.PRS-en-US\"> </a><p><b>period</b>: 2000-01-01 --&gt; (ongoing)</p><p><b>organization</b>: Identifier: <code>https://health.gov.bc.ca/fhir/NamingSystem/ca-bc-plr-ipc</code>/IPC.00147437.BC.PRS\u00a0(,\u00a0period:\u00a02000-01-01 --&gt; (ongoing))</p><p><b>participatingOrganization</b>: Identifier: <code>https://health.gov.bc.ca/fhir/NamingSystem/ca-bc-plr-ipc</code>/IPC.001164553.BC.PRS\u00a0(,\u00a0period:\u00a02000-02-02 --&gt; (ongoing))</p><p><b>code</b>: <span title=\"Codes:{https://terminology.hlth.gov.bc.ca/ProviderLocationRegistry/CodeSystem/bc-relationship-type-code-system deptof}\">deptof</span></p></div>"
  },
  "period" : {
    "start" : "2000-01-01"
  },
  "organization" : {
    "identifier" : {
      "system" : "https://health.gov.bc.ca/fhir/NamingSystem/ca-bc-plr-ipc",
      "value" : "IPC.00147437.BC.PRS",
      "period" : {
        "start" : "2000-01-01"
      }
    }
  },
  "participatingOrganization" : {
    "identifier" : {
      "system" : "https://health.gov.bc.ca/fhir/NamingSystem/ca-bc-plr-ipc",
      "value" : "IPC.001164553.BC.PRS",
      "period" : {
        "start" : "2000-02-02"
      }
    }
  },
  "code" : [{
    "coding" : [{
      "system" : "https://terminology.hlth.gov.bc.ca/ProviderLocationRegistry/CodeSystem/bc-relationship-type-code-system",
      "code" : "deptof"
    }]
  }]
}