<?xml version="1.0" encoding="UTF-8"?><ValueSet xmlns="http://hl7.org/fhir"><id value="bc-hds-type-value-set"/><text><status value="generated"/><div xmlns="http://www.w3.org/1999/xhtml"><p class="res-header-id"><b>Generated Narrative: ValueSet bc-hds-type-value-set</b></p><a name="bc-hds-type-value-set"> </a><a name="hcbc-hds-type-value-set"> </a><a name="bc-hds-type-value-set-en-US"> </a><ul><li>Include all codes defined in <code>https://terminology.hlth.gov.bc.ca/ProviderLocationRegistry/CodeSystem/bc-hds-type-code-system</code></li></ul></div></text><url value="https://terminology.hlth.gov.bc.ca/ProviderLocationRegistry/ValueSet/bc-hds-type-value-set"/><version value="1.0.0"/><name value="HealthDeliverySiteTypeVS"/><title value="BC Health Delivery Site Type Value Set"/><status value="active"/><experimental value="false"/><date value="2024-10-18T22:11:51+00:00"/><publisher value="BC Ministry of Health"/><contact><name value="BC Ministry of Health"/><telecom><system value="url"/><value value="https://www2.gov.bc.ca/gov/content/governments/organizational-structure/ministries-organizations/ministries/health"/></telecom></contact><description value="BC ealth Delivery Site Type Value set."/><jurisdiction><coding><system value="urn:iso:std:iso:3166"/><code value="CA"/><display value="Canada"/></coding></jurisdiction><compose><include><system value="https://terminology.hlth.gov.bc.ca/ProviderLocationRegistry/CodeSystem/bc-hds-type-code-system"/></include></compose></ValueSet>