<?xml version="1.0" encoding="UTF-8"?><OperationDefinition xmlns="http://hl7.org/fhir"><id value="bc-entity-organization-query"/><text><status value="extensions"/><div xmlns="http://www.w3.org/1999/xhtml"><p>URL: [base]/Organization/$entityQuery</p><p>URL: [base]/Organization/[id]/$entityQuery</p><p>Parameters</p><table class="grid"><tr><td><b>Use</b></td><td><b>Name</b></td><td><b>Scope</b></td><td><b>Cardinality</b></td><td><b>Type</b></td><td><b>Binding</b></td><td><b>Documentation</b></td></tr><tr><td>IN</td><td>identifier</td><td/><td>0..1</td><td><a href="http://hl7.org/fhir/R4/datatypes.html#string">string</a><br/>(<a href="http://hl7.org/fhir/R4/search.html#string">string</a>)</td><td/><td><div><p>String, representing the full identifier value with system and value, e.g. identifier=[system]|[value]</p>
</div></td></tr><tr><td>IN</td><td>name</td><td/><td>0..1</td><td><a href="http://hl7.org/fhir/R4/datatypes.html#string">string</a><br/>(<a href="http://hl7.org/fhir/R4/search.html#string">string</a>)</td><td/><td><div><p>Search for organizations with the specified name, mandatory if no identifier specified. May use trailing wildcards, e.g. Clinic*</p>
</div></td></tr><tr><td>IN</td><td>description</td><td/><td>0..1</td><td><a href="http://hl7.org/fhir/R4/datatypes.html#string">string</a><br/>(<a href="http://hl7.org/fhir/R4/search.html#string">string</a>)</td><td/><td><div><p>Search for organizations with the specified description, mapping to BCOrganization.alias. May use trailing wildcards, e.g. Clinic*</p>
</div></td></tr><tr><td>IN</td><td>type</td><td/><td>0..1</td><td><a href="http://hl7.org/fhir/R4/datatypes.html#string">string</a><br/>(<a href="http://hl7.org/fhir/R4/search.html#token">token</a>)</td><td/><td><div><p>Search for organizations with the specified role type code, mandatory if no identifier specified, mapping to Organization.type</p>
</div></td></tr><tr><td>IN</td><td>address-city</td><td/><td>0..1</td><td><a href="http://hl7.org/fhir/R4/datatypes.html#string">string</a><br/>(<a href="http://hl7.org/fhir/R4/search.html#string">string</a>)</td><td/><td><div><p>Search for organizations with the specified city.</p>
</div></td></tr><tr><td>IN</td><td>withHistory</td><td/><td>0..1</td><td><a href="http://hl7.org/fhir/R4/datatypes.html#boolean">boolean</a></td><td/><td><div><p>true or false, The withHistory parameter instructs PLR to search through historical records for matching attributes. Only the current data is returned.</p>
</div></td></tr><tr><td>OUT</td><td>bundle</td><td/><td>1..1</td><td><a href="http://hl7.org/fhir/R4/bundle.html">Bundle</a></td><td/><td><div><p>The Response Bundle with the OperationOutcome and the list of BCOrganizationBundle found by the search.</p>
</div></td></tr></table></div></text><url value="http://hlth.gov.bc.ca/fhir/provider/OperationDefinition/bc-entity-organization-query"/><version value="1.0.0"/><name value="OrganizationEntityQuery"/><title value="Query for an organization without returning associations"/><status value="draft"/><kind value="query"/><date value="2023-09-29T19:19:38+00:00"/><publisher value="BC Ministry of Health"/><contact><name value="BC Ministry of Health"/><telecom><system value="url"/><value value="https://www2.gov.bc.ca/gov/content/governments/organizational-structure/ministries-organizations/ministries/health"/></telecom></contact><description value="This operation is used to query for an organization and will return the information for that organization without following associations to other providers, organizations, or facilities."/><jurisdiction><coding><system value="urn:iso:std:iso:3166"/><code value="CA"/><display value="Canada"/></coding></jurisdiction><code value="entityQuery"/><resource value="Organization"/><system value="false"/><type value="true"/><instance value="true"/><parameter><name value="identifier"/><use value="in"/><min value="0"/><max value="1"/><documentation value="String, representing the full identifier value with system and value, e.g. identifier=[system]|[value]"/><type value="string"/><searchType value="string"/></parameter><parameter><name value="name"/><use value="in"/><min value="0"/><max value="1"/><documentation value="Search for organizations with the specified name, mandatory if no identifier specified. May use trailing wildcards, e.g. Clinic*"/><type value="string"/><searchType value="string"/></parameter><parameter><name value="description"/><use value="in"/><min value="0"/><max value="1"/><documentation value="Search for organizations with the specified description, mapping to BCOrganization.alias. May use trailing wildcards, e.g. Clinic*"/><type value="string"/><searchType value="string"/></parameter><parameter><name value="type"/><use value="in"/><min value="0"/><max value="1"/><documentation value="Search for organizations with the specified role type code, mandatory if no identifier specified, mapping to Organization.type"/><type value="string"/><searchType value="token"/></parameter><parameter><name value="address-city"/><use value="in"/><min value="0"/><max value="1"/><documentation value="Search for organizations with the specified city."/><type value="string"/><searchType value="string"/></parameter><parameter><name value="withHistory"/><use value="in"/><min value="0"/><max value="1"/><documentation value="true or false, The withHistory parameter instructs PLR to search through historical records for matching attributes. Only the current data is returned."/><type value="boolean"/></parameter><parameter><name value="bundle"/><use value="out"/><min value="1"/><max value="1"/><documentation value="The Response Bundle with the OperationOutcome and the list of BCOrganizationBundle found by the search."/><type value="Bundle"/></parameter></OperationDefinition>