<?xml version="1.0" encoding="UTF-8"?><OperationDefinition xmlns="http://hl7.org/fhir"><id value="bc-entity-location-query"/><text><status value="extensions"/><div xmlns="http://www.w3.org/1999/xhtml"><p>URL: [base]/Location/$entityQuery</p><p>URL: [base]/Location/[id]/$entityQuery</p><p>Parameters</p><table class="grid"><tr><td><b>Use</b></td><td><b>Name</b></td><td><b>Cardinality</b></td><td><b>Type</b></td><td><b>Binding</b></td><td><b>Documentation</b></td></tr><tr><td>IN</td><td>name</td><td>0..1</td><td><a href="http://hl7.org/fhir/R4/datatypes.html#string">string</a><br/>(<a href="http://hl7.org/fhir/R4/search.html#string">string</a>)</td><td/><td><div><p>Search for locations with the specified name.</p>
</div></td></tr><tr><td>IN</td><td>address-city</td><td>0..1</td><td><a href="http://hl7.org/fhir/R4/datatypes.html#string">string</a><br/>(<a href="http://hl7.org/fhir/R4/search.html#string">string</a>)</td><td/><td><div><p>Search for locations with the specified city.</p>
</div></td></tr><tr><td>IN</td><td>healthAuthority</td><td>0..1</td><td><a href="http://hl7.org/fhir/R4/datatypes.html#string">string</a><br/>(<a href="http://hl7.org/fhir/R4/search.html#string">string</a>)</td><td/><td><div><p>Search for locations within the specified health authority.  See [this site](https://www2.gov.bc.ca    /gov/content/data/geographic-data-services/land-use/administrative-boundaries/health-boundaries) for a list of accepteable strings.</p>
</div></td></tr><tr><td>IN</td><td>healthServiceDeliveryArea</td><td>0..1</td><td><a href="http://hl7.org/fhir/R4/datatypes.html#string">string</a><br/>(<a href="http://hl7.org/fhir/R4/search.html#string">string</a>)</td><td/><td><div><p>Search for locations within the specified health service delivery area.  See [this site](https://www2.gov.bc.ca    /gov/content/data/geographic-data-services/land-use/administrative-boundaries/health-boundaries) for a list of accepteable strings.</p>
</div></td></tr><tr><td>IN</td><td>localHealthArea</td><td>0..1</td><td><a href="http://hl7.org/fhir/R4/datatypes.html#string">string</a><br/>(<a href="http://hl7.org/fhir/R4/search.html#string">string</a>)</td><td/><td><div><p>Search for locations within the specified local health area.  See [this site](https://www2.gov.bc.ca    /gov/content/data/geographic-data-services/land-use/administrative-boundaries/health-boundaries) for a list of accepteable strings.</p>
</div></td></tr><tr><td>IN</td><td>communityHealthServiceArea</td><td>0..1</td><td><a href="http://hl7.org/fhir/R4/datatypes.html#string">string</a><br/>(<a href="http://hl7.org/fhir/R4/search.html#string">string</a>)</td><td/><td><div><p>Search for locations within the specified local community health service area.  See <a href="https://www2.gov.bc.ca/gov/content/data/geographic-data-services/land-use/administrative-boundaries/health-boundaries">this site</a> for a list of accepteable strings.</p>
</div></td></tr></table></div></text><url value="http://hl7.org/fhir/ca-bc/provider/OperationDefinition/bc-entity-location-query"/><version value="0.1.0"/><name value="LocationEntityQuery"/><title value="Query for a location without returning associations"/><status value="draft"/><kind value="query"/><date value="2022-11-16T00:10:00+00:00"/><publisher value="BC Ministry of Health"/><contact><name value="BC Ministry of Health"/><telecom><system value="url"/><value value="https://www2.gov.bc.ca/gov/content/governments/organizational-structure/ministries-organizations/ministries/health"/></telecom></contact><jurisdiction><coding><system value="urn:iso:std:iso:3166"/><code value="CA"/><display value="Canada"/></coding></jurisdiction><code value="entityQuery"/><resource value="Location"/><system value="false"/><type value="true"/><instance value="true"/><parameter><name value="name"/><use value="in"/><min value="0"/><max value="1"/><documentation value="Search for locations with the specified name."/><type value="string"/><searchType value="string"/></parameter><parameter><name value="address-city"/><use value="in"/><min value="0"/><max value="1"/><documentation value="Search for locations with the specified city."/><type value="string"/><searchType value="string"/></parameter><parameter><name value="healthAuthority"/><use value="in"/><min value="0"/><max value="1"/><documentation value="Search for locations within the specified health authority.  See [this site](https://www2.gov.bc.ca    /gov/content/data/geographic-data-services/land-use/administrative-boundaries/health-boundaries) for a list of accepteable strings."/><type value="string"/><searchType value="string"/></parameter><parameter><name value="healthServiceDeliveryArea"/><use value="in"/><min value="0"/><max value="1"/><documentation value="Search for locations within the specified health service delivery area.  See [this site](https://www2.gov.bc.ca    /gov/content/data/geographic-data-services/land-use/administrative-boundaries/health-boundaries) for a list of accepteable strings."/><type value="string"/><searchType value="string"/></parameter><parameter><name value="localHealthArea"/><use value="in"/><min value="0"/><max value="1"/><documentation value="Search for locations within the specified local health area.  See [this site](https://www2.gov.bc.ca    /gov/content/data/geographic-data-services/land-use/administrative-boundaries/health-boundaries) for a list of accepteable strings."/><type value="string"/><searchType value="string"/></parameter><parameter><name value="communityHealthServiceArea"/><use value="in"/><min value="0"/><max value="1"/><documentation value="Search for locations within the specified local community health service area.  See [this site](https://www2.gov.bc.ca/gov/content/data/geographic-data-services/land-use/administrative-boundaries/health-boundaries) for a list of accepteable strings."/><type value="string"/><searchType value="string"/></parameter></OperationDefinition>