<?xml version="1.0" encoding="UTF-8"?><OperationDefinition xmlns="http://hl7.org/fhir"><id value="bc-extended-organization-query"/><text><status value="extensions"/><div xmlns="http://www.w3.org/1999/xhtml"><h2>OrganizationExtendedQuery</h2><p>QUERY: OrganizationExtendedQuery</p><p>The official URL for this operation definition is: </p><pre>http://hl7.org/fhir/ca-bc/provider/OperationDefinition/bc-extended-organization-query</pre><p>URL: [base]/Organization/$extendedQuery</p><p>URL: [base]/Organization/[id]/$extendedQuery</p><p>Parameters</p><table class="grid"><tr><td><b>Use</b></td><td><b>Name</b></td><td><b>Cardinality</b></td><td><b>Type</b></td><td><b>Binding</b></td><td><b>Documentation</b></td></tr><tr><td>IN</td><td>name</td><td>0..1</td><td><a href="http://hl7.org/fhir/R4/datatypes.html#string">string</a><br/>(<a href="http://hl7.org/fhir/R4/search.html#string">string</a>)</td><td/><td><div><p>Search for organizations with the specified name.</p>
</div></td></tr><tr><td>IN</td><td>address-city</td><td>0..1</td><td><a href="http://hl7.org/fhir/R4/datatypes.html#string">string</a><br/>(<a href="http://hl7.org/fhir/R4/search.html#string">string</a>)</td><td/><td><div><p>Search for organizations with the specified city.</p>
</div></td></tr></table></div></text><url value="http://hl7.org/fhir/ca-bc/provider/OperationDefinition/bc-extended-organization-query"/><version value="0.1.0"/><name value="OrganizationExtendedQuery"/><title value="Query for an organization that returns associated resources"/><status value="draft"/><kind value="query"/><date value="2022-04-06T16:17:08+00:00"/><publisher value="BC Ministry of Health"/><contact><name value="BC Ministry of Health"/><telecom><system value="url"/><value value="https://www2.gov.bc.ca/gov/content/governments/organizational-structure/ministries-organizations/ministries/health"/></telecom></contact><jurisdiction><coding><system value="urn:iso:std:iso:3166"/><code value="CA"/><display value="Canada"/></coding></jurisdiction><code value="extendedQuery"/><resource value="Organization"/><system value="false"/><type value="true"/><instance value="true"/><parameter><name value="name"/><use value="in"/><min value="0"/><max value="1"/><documentation value="Search for organizations with the specified name."/><type value="string"/><searchType value="string"/></parameter><parameter><name value="address-city"/><use value="in"/><min value="0"/><max value="1"/><documentation value="Search for organizations with the specified city."/><type value="string"/><searchType value="string"/></parameter></OperationDefinition>