<?xml version="1.0" encoding="UTF-8"?><OperationDefinition xmlns="http://hl7.org/fhir"><id value="bc-extended-organization-query"/><text><status value="extensions"/><div xmlns="http://www.w3.org/1999/xhtml"><p>URL: [base]/Organization/$extendedQuery</p><p>URL: [base]/Organization/[id]/$extendedQuery</p><p>Parameters</p><table class="grid"><tr><td><b>Use</b></td><td><b>Name</b></td><td><b>Scope</b></td><td><b>Cardinality</b></td><td><b>Type</b></td><td><b>Binding</b></td><td><b>Documentation</b></td></tr><tr><td>IN</td><td>name</td><td/><td>0..1</td><td><a href="http://hl7.org/fhir/R4/datatypes.html#string">string</a><br/>(<a href="http://hl7.org/fhir/R4/search.html#string">string</a>)</td><td/><td><div><p>Search for organizations with the specified name.</p>
</div></td></tr><tr><td>IN</td><td>address-city</td><td/><td>0..1</td><td><a href="http://hl7.org/fhir/R4/datatypes.html#string">string</a><br/>(<a href="http://hl7.org/fhir/R4/search.html#string">string</a>)</td><td/><td><div><p>Search for organizations with the specified city.</p>
</div></td></tr><tr><td>OUT</td><td>bundle</td><td/><td>1..1</td><td><a href="http://hl7.org/fhir/R4/bundle.html">Bundle</a></td><td/><td><div><p>The Response Bundle with the OperationOutcome and the list of BCOrganizationBundle found by the search.</p>
</div></td></tr></table></div></text><url value="http://hlth.gov.bc.ca/fhir/provider/OperationDefinition/bc-extended-organization-query"/><version value="1.0.0"/><name value="OrganizationExtendedQuery"/><title value="Query for an organization that returns associated resources"/><status value="draft"/><kind value="query"/><date value="2023-09-06T23:35:56+00:00"/><publisher value="BC Ministry of Health"/><contact><name value="BC Ministry of Health"/><telecom><system value="url"/><value value="https://www2.gov.bc.ca/gov/content/governments/organizational-structure/ministries-organizations/ministries/health"/></telecom></contact><description value="This operation is used to query for an organization and will return the information for that organization along with any instances that can be found by following associations to other practitioners, organizations, or locations."/><jurisdiction><coding><system value="urn:iso:std:iso:3166"/><code value="CA"/><display value="Canada"/></coding></jurisdiction><code value="extendedQuery"/><resource value="Organization"/><system value="false"/><type value="true"/><instance value="true"/><parameter><name value="name"/><use value="in"/><min value="0"/><max value="1"/><documentation value="Search for organizations with the specified name."/><type value="string"/><searchType value="string"/></parameter><parameter><name value="address-city"/><use value="in"/><min value="0"/><max value="1"/><documentation value="Search for organizations with the specified city."/><type value="string"/><searchType value="string"/></parameter><parameter><name value="bundle"/><use value="out"/><min value="1"/><max value="1"/><documentation value="The Response Bundle with the OperationOutcome and the list of BCOrganizationBundle found by the search."/><type value="Bundle"/></parameter></OperationDefinition>