<?xml version="1.0" encoding="UTF-8"?><ValueSet xmlns="http://hl7.org/fhir"><id value="bc-license-status-reason-value-set"/><text><status value="generated"/><div xmlns="http://www.w3.org/1999/xhtml"><ul><li>Include all codes defined in <code>https://plr.hlth.gov.bc.ca/plr/codes/bc-status-reason-code</code></li></ul></div></text><url value="http://hl7.org/fhir/ca-bc/provider/ValueSet/bc-license-status-reason-value-set"/><version value="0.1.0"/><name value="LicenseReasonVS"/><title value="BC License Status Reason Value Set"/><status value="active"/><date value="2022-09-01T19:48:46+00:00"/><publisher value="BC Ministry of Health"/><contact><name value="BC Ministry of Health"/><telecom><system value="url"/><value value="https://www2.gov.bc.ca/gov/content/governments/organizational-structure/ministries-organizations/ministries/health"/></telecom></contact><description value="BC specific license status reason value set."/><jurisdiction><coding><system value="urn:iso:std:iso:3166"/><code value="CA"/><display value="Canada"/></coding></jurisdiction><compose><include><system value="https://plr.hlth.gov.bc.ca/plr/codes/bc-status-reason-code"/></include></compose></ValueSet>