<?xml version="1.0" encoding="UTF-8"?><ValueSet xmlns="http://hl7.org/fhir"><id value="bc-practitioner-role-value-set"/><text><status value="generated"/><div xmlns="http://www.w3.org/1999/xhtml"><p>This value set includes codes based on the following rules:</p><ul><li>Include all codes defined in <a href="http://terminology.hl7.org/4.0.0/CodeSystem-v3-scptype.html"><code>https://fhir.infoway-inforoute.ca/CodeSystem/scptype</code></a></li><li>Include all codes defined in <a href="CodeSystem-bc-practitioner-role-code-system.html"><code>https://terminology.hlth.gov.bc.ca/ProviderLocationRegistry/CodeSystem/bc-practitioner-role-code-system</code></a></li></ul></div></text><url value="https://terminology.hlth.gov.bc.ca/ProviderLocationRegistry/ValueSet/bc-practitioner-role-value-set"/><version value="1.0.0"/><name value="PractitionerRoleVS"/><title value="Practitioner Role Code Value Set"/><status value="active"/><experimental value="false"/><date value="2022-12-12T23:25:59+00:00"/><publisher value="BC Ministry of Health"/><contact><name value="BC Ministry of Health"/><telecom><system value="url"/><value value="https://www2.gov.bc.ca/gov/content/governments/organizational-structure/ministries-organizations/ministries/health"/></telecom></contact><description value="BC Practitioner Role Codes."/><jurisdiction><coding><system value="urn:iso:std:iso:3166"/><code value="CA"/><display value="Canada"/></coding></jurisdiction><compose><include><system value="https://fhir.infoway-inforoute.ca/CodeSystem/scptype"/></include><include><system value="https://terminology.hlth.gov.bc.ca/ProviderLocationRegistry/CodeSystem/bc-practitioner-role-code-system"/></include></compose></ValueSet>