<?xml version="1.0" encoding="UTF-8"?><ValueSet xmlns="http://hl7.org/fhir"><id value="bc-relationship-type-value-set"/><text><status value="generated"/><div xmlns="http://www.w3.org/1999/xhtml"><ul><li>Include all codes defined in <code>https://terminology.hlth.gov.bc.ca/ProviderLocationRegistry/CodeSystem/bc-relationship-type-code-system</code></li></ul></div></text><url value="https://terminology.hlth.gov.bc.ca/ProviderLocationRegistry/ValueSet/bc-relationship-type-value-set"/><version value="1.0.0"/><name value="RelationshipTypeVS"/><title value="BC Relationship Type Value Set"/><status value="draft"/><experimental value="false"/><date value="2023-11-02T16:59:26+00:00"/><publisher value="BC Ministry of Health"/><contact><name value="BC Ministry of Health"/><telecom><system value="url"/><value value="https://www2.gov.bc.ca/gov/content/governments/organizational-structure/ministries-organizations/ministries/health"/></telecom></contact><description value="BC relationship type value set."/><jurisdiction><coding><system value="urn:iso:std:iso:3166"/><code value="CA"/><display value="Canada"/></coding></jurisdiction><compose><include><system value="https://terminology.hlth.gov.bc.ca/ProviderLocationRegistry/CodeSystem/bc-relationship-type-code-system"/></include></compose></ValueSet>