<?xml version="1.0" encoding="UTF-8"?><ValueSet xmlns="http://hl7.org/fhir"><id value="bc-qualification-value-set"/><text><status value="generated"/><div xmlns="http://www.w3.org/1999/xhtml"><ul><li>Include all codes defined in <a href="http://terminology.hl7.org/4.0.0/CodeSystem-v3-scpqual.html"><code>https://fhir.infoway-inforoute.ca/CodeSystem/scpqual</code></a></li></ul></div></text><url value="https://terminology.hlth.gov.bc.ca/ProviderLocationRegistry/ValueSet/bc-qualification-value-set"/><version value="1.0.0"/><name value="PracQualificationVS"/><title value="BC Practitioner Qualification Value Set"/><status value="active"/><experimental value="false"/><date value="2022-12-13T16:34:13+00:00"/><publisher value="BC Ministry of Health"/><contact><name value="BC Ministry of Health"/><telecom><system value="url"/><value value="https://www2.gov.bc.ca/gov/content/governments/organizational-structure/ministries-organizations/ministries/health"/></telecom></contact><description value="BC specific qualification value set."/><jurisdiction><coding><system value="urn:iso:std:iso:3166"/><code value="CA"/><display value="Canada"/></coding></jurisdiction><compose><include><system value="https://fhir.infoway-inforoute.ca/CodeSystem/scpqual"/></include></compose></ValueSet>