<?xml version="1.0" encoding="UTF-8"?><ValueSet xmlns="http://hl7.org/fhir"><id value="bc-license-status-value-set"/><text><status value="generated"/><div xmlns="http://www.w3.org/1999/xhtml"><p>This value set includes codes based on the following rules:</p><ul><li>Include all codes defined in <a href="CodeSystem-bc-license-status-code-system.html"><code>https://terminology.hlth.gov.bc.ca/ProviderLocationRegistry/CodeSystem/bc-license-status-code-system</code></a></li><li>Include all codes defined in <a href="http://terminology.hl7.org/4.0.0/CodeSystem-v3-RoleStatus.html"><code>http://terminology.hl7.org/CodeSystem/v3-RoleStatus</code></a></li></ul></div></text><url value="https://terminology.hlth.gov.bc.ca/ProviderLocationRegistry/ValueSet/bc-license-status-value-set"/><version value="0.9.9"/><name value="LicenseStatusVS"/><title value="BC License Status Value Set"/><status value="active"/><experimental value="false"/><date value="2022-11-30T16:25:41+00:00"/><publisher value="BC Ministry of Health"/><contact><name value="BC Ministry of Health"/><telecom><system value="url"/><value value="https://www2.gov.bc.ca/gov/content/governments/organizational-structure/ministries-organizations/ministries/health"/></telecom></contact><description value="BC specific license status value set."/><jurisdiction><coding><system value="urn:iso:std:iso:3166"/><code value="CA"/><display value="Canada"/></coding></jurisdiction><compose><include><system value="https://terminology.hlth.gov.bc.ca/ProviderLocationRegistry/CodeSystem/bc-license-status-code-system"/></include><include><system value="http://terminology.hl7.org/CodeSystem/v3-RoleStatus"/></include></compose></ValueSet>