<?xml version="1.0" encoding="UTF-8"?>

<Bundle xmlns="http://hl7.org/fhir">
  <id value="Example-AddLocation-Bundle"/>
  <meta>
    <profile value="http://hl7.org/fhir/ca-bc/provider/StructureDefinition/bc-location-bundle"/>
  </meta>
  <type value="transaction"/>
  <entry>
    <fullUrl value="http://plr.moh.bc.ca/fhir/Location/12345"/>
    <resource>
      <Location>
        <id value="Example-AddOrganization-Location"/>
        <meta>
          <profile value="http://hl7.org/fhir/ca-bc/provider/StructureDefinition/bc-location"/>
        </meta>
        <text>
          <status value="generated"/><div xmlns="http://www.w3.org/1999/xhtml"><p><b>Generated Narrative</b></p><div style="display: inline-block; background-color: #d9e0e7; padding: 6px; margin: 4px; border: 1px solid #8da1b4; border-radius: 5px; line-height: 60%"><p style="margin-bottom: 0px">Resource "Example-AddOrganization-Location" </p><p style="margin-bottom: 0px">Profile: <a href="StructureDefinition-bc-location.html">BCLocation</a></p></div><p><b>identifier</b>: IFC: 111</p><p><b>name</b>: General Hospital</p><p><b>telecom</b>: fax: 55555555551, fax: 55555555555, <a href="ftp://someftp.com">ftp://someftp.com</a></p><p><b>address</b>: wl line 11 wl line 22 wl line 33 wl city 2 BC V8V 8V8 CA </p></div>
        </text>
        <identifier>
          <type>
            <coding>
              <code value="IFC"/>
            </coding>
          </type>
          <system value="http://hl7.org/fhir/bc-plr/bc-location-identifier-type-code"/>
          <value value="111"/>
        </identifier>
        <name value="General Hospital">
          <extension url="http://hl7.org/fhir/ca-bc/provider/StructureDefinition/bc-period-extension">
            <valuePeriod>
              <start value="2000-01-01"/>
            </valuePeriod>
          </extension>
        </name>
        <telecom>
          <extension url="http://hl7.org/fhir/ca-bc/provider/StructureDefinition/bc-communication-purpose-code-extension">
            <valueCodeableConcept>
              <coding>
                <system value="http://hl7.org/fhir/bc-plr/bc-communication-purpose-code"/>
                <code value="BC"/>
              </coding>
            </valueCodeableConcept>
          </extension>
          <system value="fax"/>
          <value value="55555555551"/>
          <period>
            <start value="1982-03-04T00:00:00-07:00"/>
          </period>
        </telecom>
        <telecom>
          <extension url="http://hl7.org/fhir/ca-bc/provider/StructureDefinition/bc-communication-purpose-code-extension">
            <valueCodeableConcept>
              <coding>
                <system value="http://hl7.org/fhir/bc-plr/bc-communication-purpose-code"/>
                <code value="HC"/>
              </coding>
            </valueCodeableConcept>
          </extension>
          <system value="fax"/>
          <value value="55555555555"/>
          <period>
            <start value="1981-04-04T00:00:00-07:00"/>
          </period>
        </telecom>
        <telecom>
          <extension url="http://hl7.org/fhir/ca-bc/provider/StructureDefinition/bc-communication-purpose-code-extension">
            <valueCodeableConcept>
              <coding>
                <system value="http://hl7.org/fhir/bc-plr/bc-communication-purpose-code"/>
                <code value="MC"/>
              </coding>
            </valueCodeableConcept>
          </extension>
          <system value="url"/>
          <value value="ftp://someftp.com"/>
          <period>
            <start value="1991-01-01T00:00:00-07:00"/>
          </period>
        </telecom>
        <address>
          <extension url="http://hl7.org/fhir/ca-bc/provider/StructureDefinition/bc-communication-purpose-code-extension">
            <valueCodeableConcept>
              <coding>
                <system value="http://hl7.org/fhir/bc-plr/bc-communication-purpose-code"/>
                <code value="BC"/>
              </coding>
            </valueCodeableConcept>
          </extension>
          <type value="postal"/>
          <line value="wl line 11"/>
          <line value="wl line 22"/>
          <line value="wl line 33"/>
          <city value="wl city 2"/>
          <state value="BC"/>
          <postalCode value="V8V 8V8"/>
          <country value="CA"/>
          <period>
            <start value="1988-10-10T00:00:00-07:00"/>
          </period>
        </address>
      </Location>
    </resource>
    <request>
      <method value="POST"/>
      <url value="http://plr.moh.bc.ca/fhir/Location"/>
    </request>
  </entry>
</Bundle>