<?xml version="1.0" encoding="UTF-8"?>

<Bundle xmlns="http://hl7.org/fhir">
  <id value="Example-GET-OrganizationAffiliation-byOrganization-Response"/>
  <type value="searchset"/>
  <link>
    <relation value="self"/>
    <url value="https://plresb.hlth.gov.bc.ca/HSA-web/fhir-rs/OrganizationAffiliation/organziation=Organization/IPC.00147436.BC.PRS"/>
  </link>
  <entry>
    <fullUrl value="urn:uuid:3abd58f7-f226-4358-bdfd-2bb64bc93552"/>
    <resource>
      <OperationOutcome>
        <id value="Example-OperationOutcome-Success"/>
        <meta>
          <profile value="http://hlth.gov.bc.ca/fhir/provider/StructureDefinition/bc-operation-outcome"/>
        </meta>
        <text>
          <status value="generated"/><div xmlns="http://www.w3.org/1999/xhtml"><p><b>Generated Narrative: OperationOutcome</b><a name="Example-OperationOutcome-Success"> </a></p><div style="display: inline-block; background-color: #d9e0e7; padding: 6px; margin: 4px; border: 1px solid #8da1b4; border-radius: 5px; line-height: 60%"><p style="margin-bottom: 0px">Resource OperationOutcome &quot;Example-OperationOutcome-Success&quot; </p><p style="margin-bottom: 0px">Profile: <a href="StructureDefinition-bc-operation-outcome.html">BCOperationOutcome</a></p></div><h3>Issues</h3><table class="grid"><tr><td style="display: none">-</td><td><b>Severity</b></td><td><b>Code</b></td><td><b>Details</b></td></tr><tr><td style="display: none">*</td><td>information</td><td>business-rule</td><td>The provider search is succesful <span style="background: LightGoldenRodYellow; margin: 4px; border: 1px solid khaki"> (bc-error-code-system#PRS.PRP.MTN.UNK.0.0.0000)</span></td></tr></table></div>
        </text>
        <issue>
          <severity value="information"/>
          <code value="business-rule"/>
          <details>
            <coding>
              <system value="https://terminology.hlth.gov.bc.ca/ProviderLocationRegistry/CodeSystem/bc-error-code-system"/>
              <code value="PRS.PRP.MTN.UNK.0.0.0000"/>
            </coding>
            <text value="The provider search is succesful"/>
          </details>
        </issue>
      </OperationOutcome>
    </resource>
    <search>
      <mode value="include"/>
    </search>
  </entry>
  <entry>
    <fullUrl value="https://plresb.hlth.gov.bc.ca/HSA-web/fhir-rs/OrganizationAffiliation/RELN.25.PRS"/>
    <resource>
      <OrganizationAffiliation>
        <id value="RELN.25.PRS"/>
        <meta>
          <profile value="http://hlth.gov.bc.ca/fhir/provider/StructureDefinition/bc-organization-affiliation"/>
        </meta>
        <text>
          <status value="generated"/><div xmlns="http://www.w3.org/1999/xhtml"><p><b>Generated Narrative: OrganizationAffiliation</b><a name="RELN.25.PRS"> </a></p><div style="display: inline-block; background-color: #d9e0e7; padding: 6px; margin: 4px; border: 1px solid #8da1b4; border-radius: 5px; line-height: 60%"><p style="margin-bottom: 0px">Resource OrganizationAffiliation &quot;RELN.25.PRS&quot; </p><p style="margin-bottom: 0px">Profile: <a href="StructureDefinition-bc-organization-affiliation.html">BCOrganizationAffiliation</a></p></div><p><b>period</b>: 2000-01-01 --&gt; (ongoing)</p><p><b>organization</b>: <span>id: IPC.00147436.BC.PRS (period: 2000-01-01 --&gt; (ongoing))</span></p><p><b>participatingOrganization</b>: <span>id: IPC.001164553.BC.PRS (period: 2000-02-02 --&gt; (ongoing))</span></p><p><b>code</b>: deptof <span style="background: LightGoldenRodYellow; margin: 4px; border: 1px solid khaki"> (bc-relationship-type-code-system#deptof)</span></p></div>
        </text>
        <period>
          <start value="2000-01-01"/>
        </period>
        <organization>
          <identifier>
            <system value="http://hlth.gov.bc.ca/fhir/provider/identifier-system/IPC"/>
            <value value="IPC.00147436.BC.PRS"/>
            <period>
              <start value="2000-01-01"/>
            </period>
          </identifier>
        </organization>
        <participatingOrganization>
          <identifier>
            <system value="http://hlth.gov.bc.ca/fhir/provider/identifier-system/IPC"/>
            <value value="IPC.001164553.BC.PRS"/>
            <period>
              <start value="2000-02-02"/>
            </period>
          </identifier>
        </participatingOrganization>
        <code>
          <coding>
            <system value="https://terminology.hlth.gov.bc.ca/ProviderLocationRegistry/CodeSystem/bc-relationship-type-code-system"/>
            <code value="deptof"/>
          </coding>
        </code>
      </OrganizationAffiliation>
    </resource>
    <search>
      <mode value="match"/>
    </search>
  </entry>
  <entry>
    <fullUrl value="https://plresb.hlth.gov.bc.ca/HSA-web/fhir-rs/OrganizationAffiliation/RELN.26.PRS"/>
    <resource>
      <OrganizationAffiliation>
        <id value="RELN.26.PRS"/>
        <meta>
          <profile value="http://hlth.gov.bc.ca/fhir/provider/StructureDefinition/bc-organization-affiliation"/>
        </meta>
        <text>
          <status value="generated"/><div xmlns="http://www.w3.org/1999/xhtml"><p><b>Generated Narrative: OrganizationAffiliation</b><a name="RELN.26.PRS"> </a></p><div style="display: inline-block; background-color: #d9e0e7; padding: 6px; margin: 4px; border: 1px solid #8da1b4; border-radius: 5px; line-height: 60%"><p style="margin-bottom: 0px">Resource OrganizationAffiliation &quot;RELN.26.PRS&quot; </p><p style="margin-bottom: 0px">Profile: <a href="StructureDefinition-bc-organization-affiliation.html">BCOrganizationAffiliation</a></p></div><p><b>period</b>: 2000-01-01 --&gt; (ongoing)</p><p><b>organization</b>: <span>id: IPC.00147436.BC.PRS (period: 2000-01-01 --&gt; (ongoing))</span></p><p><b>code</b>: operatesfrom <span style="background: LightGoldenRodYellow; margin: 4px; border: 1px solid khaki"> (bc-location-relationship-type-code-system#operatesfrom)</span></p><p><b>location</b>: <span>id: IFC.00047422.BC.PRS (period: 2000-01-01 --&gt; (ongoing))</span></p></div>
        </text>
        <period>
          <start value="2000-01-01"/>
        </period>
        <organization>
          <identifier>
            <system value="http://hlth.gov.bc.ca/fhir/provider/identifier-system/IPC"/>
            <value value="IPC.00147436.BC.PRS"/>
            <period>
              <start value="2000-01-01"/>
            </period>
          </identifier>
        </organization>
        <code>
          <coding>
            <system value="https://terminology.hlth.gov.bc.ca/ProviderLocationRegistry/CodeSystem/bc-location-relationship-type-code-system"/>
            <code value="operatesfrom"/>
          </coding>
        </code>
        <location>
          <identifier>
            <system value="http://hlth.gov.bc.ca/fhir/provider/identifier-system/IFC"/>
            <value value="IFC.00047422.BC.PRS"/>
            <period>
              <start value="2000-01-01"/>
            </period>
          </identifier>
        </location>
      </OrganizationAffiliation>
    </resource>
    <search>
      <mode value="match"/>
    </search>
  </entry>
</Bundle>