<?xml version="1.0" encoding="UTF-8"?>

<Bundle xmlns="http://hl7.org/fhir">
  <id value="Example-Batch-Bundle-Response"/>
  <meta>
    <profile value="http://hlth.gov.bc.ca/fhir/provider/StructureDefinition/bc-batch-response-bundle"/>
  </meta>
  <type value="batch-response"/>
  <entry>
    <fullUrl value="urn:uuid:3abd58f7-f226-4358-bdfd-2bb64bc93552"/>
    <response>
      <status value="200"/>
      <outcome>
        <OperationOutcome>
          <id value="Example-OperationOutcome-BatchSuccess"/>
          <meta>
            <profile value="http://hlth.gov.bc.ca/fhir/provider/StructureDefinition/bc-operation-outcome"/>
          </meta>
          <issue>
            <severity value="information"/>
            <code value="business-rule"/>
            <details>
              <coding>
                <system value="https://terminology.hlth.gov.bc.ca/ProviderLocationRegistry/CodeSystem/bc-error-code-system"/>
                <code value="PRS.PRP.MTN.UNK.0.0.0000"/>
              </coding>
              <text value="The provider transaction was processed."/>
            </details>
          </issue>
        </OperationOutcome>
      </outcome>
    </response>
  </entry>
  <entry>
    <fullUrl value="urn:uuid:afe28d6d-4db2-49aa-96af-c115cdfc108c"/>
    <resource>
      <Bundle>
        <id value="Example-AddPractitioner-Batch-Bundle-Response"/>
        <meta>
          <profile value="http://hlth.gov.bc.ca/fhir/provider/StructureDefinition/bc-practitioner-bundle"/>
        </meta>
        <type value="collection"/>
        <entry>
          <fullUrl value="https://plresb.hlth.gov.bc.ca/HSA-web/fhir-rs/Practitioner/IPC.00147622.BC.PRS"/>
          <resource>
            <Practitioner>
              <id value="IPC.00147622.BC.PRS"/>
              <meta>
                <profile value="http://hlth.gov.bc.ca/fhir/provider/StructureDefinition/bc-practitioner"/>
              </meta>
              <contained>
                <Organization>
                  <id value="grantingInstitution"/>
                  <meta>
                    <profile value="http://hlth.gov.bc.ca/fhir/provider/StructureDefinition/bc-organization"/>
                  </meta>
                  <name value="University of Calgary"/>
                  <address>
                    <city value="CALGARY"/>
                    <state value="AB"/>
                    <country value="CA"/>
                  </address>
                </Organization>
              </contained>
              <extension url="http://hlth.gov.bc.ca/fhir/provider/StructureDefinition/bc-period-extension">
                <valuePeriod>
                  <start value="2012-12-07"/>
                </valuePeriod>
              </extension>
              <extension url="http://hlth.gov.bc.ca/fhir/provider/StructureDefinition/bc-owner-extension">
                <valueIdentifier>
                  <assigner>
                    <display value="MOH"/>
                  </assigner>
                </valueIdentifier>
              </extension>
              <extension url="http://hlth.gov.bc.ca/fhir/provider/StructureDefinition/bc-birthplace-extension">
                <valueAddress>
                  <city value="Ottawa"/>
                  <state value="ON"/>
                  <country value="CA"/>
                </valueAddress>
              </extension>
              <extension url="http://hlth.gov.bc.ca/fhir/provider/StructureDefinition/bc-license-status-extension">
                <extension url="statusCode">
                  <valueCodeableConcept>
                    <coding>
                      <system value="https://terminology.hlth.gov.bc.ca/ProviderLocationRegistry/CodeSystem/bc-license-status-code-system"/>
                      <code value="SUSPENDED"/>
                    </coding>
                  </valueCodeableConcept>
                </extension>
                <extension url="statusReasonCode">
                  <valueCodeableConcept>
                    <coding>
                      <system value="https://terminology.hlth.gov.bc.ca/ProviderLocationRegistry/CodeSystem/bc-license-status-reason-code-system"/>
                      <code value="LTP"/>
                    </coding>
                  </valueCodeableConcept>
                </extension>
                <extension url="statusClassCode">
                  <valueCodeableConcept>
                    <coding>
                      <system value="https://terminology.hlth.gov.bc.ca/ProviderLocationRegistry/CodeSystem/bc-license-status-class-code-system"/>
                      <code value="LIC"/>
                    </coding>
                  </valueCodeableConcept>
                </extension>
                <extension url="period">
                  <valuePeriod>
                    <start value="2022-06-24"/>
                  </valuePeriod>
                </extension>
                <extension url="http://hlth.gov.bc.ca/fhir/provider/StructureDefinition/bc-owner-extension">
                  <valueIdentifier>
                    <assigner>
                      <display value="MOH"/>
                    </assigner>
                  </valueIdentifier>
                </extension>
              </extension>
              <extension url="http://hlth.gov.bc.ca/fhir/provider/StructureDefinition/bc-practitioner-disciplinary-action-extension">
                <extension url="identifier">
                  <valueIdentifier>
                    <value value="DA-1"/>
                  </valueIdentifier>
                </extension>
                <extension url="description">
                  <valueString value="Description"/>
                </extension>
                <extension url="archiveDate">
                  <valueDateTime value="2000-01-01"/>
                </extension>
                <extension url="http://hlth.gov.bc.ca/fhir/provider/StructureDefinition/bc-period-extension">
                  <valuePeriod>
                    <start value="1998-01-02"/>
                  </valuePeriod>
                </extension>
                <extension url="displayFlag">
                  <valueBoolean value="false"/>
                </extension>
                <extension url="http://hlth.gov.bc.ca/fhir/provider/StructureDefinition/bc-owner-extension">
                  <valueIdentifier>
                    <assigner>
                      <display value="MOH"/>
                    </assigner>
                  </valueIdentifier>
                </extension>
              </extension>
              <extension url="http://hlth.gov.bc.ca/fhir/provider/StructureDefinition/bc-note-extension">
                <extension url="identifier">
                  <valueIdentifier>
                    <system value="http://hlth.gov.bc.ca/fhir/provider/identifier-system/bc-note-id"/>
                    <value value="Note-2"/>
                  </valueIdentifier>
                </extension>
                <extension url="text">
                  <valueString value="Note text"/>
                </extension>
                <extension url="http://hlth.gov.bc.ca/fhir/provider/StructureDefinition/bc-period-extension">
                  <valuePeriod>
                    <start value="1998-01-02"/>
                  </valuePeriod>
                </extension>
                <extension url="http://hlth.gov.bc.ca/fhir/provider/StructureDefinition/bc-owner-extension">
                  <valueIdentifier>
                    <assigner>
                      <display value="MOH"/>
                    </assigner>
                  </valueIdentifier>
                </extension>
              </extension>
              <extension url="http://hlth.gov.bc.ca/fhir/provider/StructureDefinition/bc-practitioner-condition-extension">
                <extension url="identifier">
                  <valueIdentifier>
                    <system value="http://hlth.gov.bc.ca/fhir/provider/identifier-system/bc-condition-id"/>
                    <value value="Condition-1"/>
                  </valueIdentifier>
                </extension>
                <extension url="restriction">
                  <valueBoolean value="false"/>
                </extension>
                <extension url="restrictionText">
                  <valueString value="Restriction text"/>
                </extension>
                <extension url="code">
                  <valueCodeableConcept>
                    <coding>
                      <system value="https://terminology.hlth.gov.bc.ca/ProviderLocationRegistry/CodeSystem/bc-condition-type-code-system"/>
                      <code value="EXP"/>
                    </coding>
                  </valueCodeableConcept>
                </extension>
                <extension url="http://hlth.gov.bc.ca/fhir/provider/StructureDefinition/bc-period-extension">
                  <valuePeriod>
                    <start value="1998-01-02"/>
                  </valuePeriod>
                </extension>
                <extension url="http://hlth.gov.bc.ca/fhir/provider/StructureDefinition/bc-owner-extension">
                  <valueIdentifier>
                    <assigner>
                      <display value="MOH"/>
                    </assigner>
                  </valueIdentifier>
                </extension>
              </extension>
              <extension url="http://hlth.gov.bc.ca/fhir/provider/StructureDefinition/bc-confidentiality-extension">
                <extension url="http://hlth.gov.bc.ca/fhir/provider/StructureDefinition/bc-period-extension">
                  <valuePeriod>
                    <start value="2000-01-01"/>
                    <end value="2020-01-01"/>
                  </valuePeriod>
                </extension>
                <extension url="code">
                  <valueCodeableConcept>
                    <coding>
                      <system value="http://terminology.hl7.org/CodeSystem/v3-Confidentiality"/>
                      <code value="R"/>
                    </coding>
                  </valueCodeableConcept>
                </extension>
                <extension url="http://hlth.gov.bc.ca/fhir/provider/StructureDefinition/bc-owner-extension">
                  <valueIdentifier>
                    <assigner>
                      <display value="MOH"/>
                    </assigner>
                  </valueIdentifier>
                </extension>
              </extension>
              <extension url="http://hlth.gov.bc.ca/fhir/provider/StructureDefinition/bc-practitioner-relationship-extension">
                <extension url="http://hlth.gov.bc.ca/fhir/provider/StructureDefinition/bc-period-extension">
                  <valuePeriod>
                    <start value="2022-06-30"/>
                  </valuePeriod>
                </extension>
                <extension url="targetPractitioner">
                  <valueReference>
                    <identifier>
                      <system value="https://health.gov.bc.ca/fhir/NamingSystem/ca-bc-plr-ipc"/>
                      <value value="IPC.00763483.BC.PRS"/>
                      <period>
                        <start value="2000-01-01"/>
                      </period>
                    </identifier>
                  </valueReference>
                </extension>
                <extension url="relationshipType">
                  <valueCodeableConcept>
                    <coding>
                      <system value="https://terminology.hlth.gov.bc.ca/ProviderLocationRegistry/CodeSystem/bc-relationship-type-code-system"/>
                      <code value="WORKSAT"/>
                    </coding>
                  </valueCodeableConcept>
                </extension>
                <extension url="http://hlth.gov.bc.ca/fhir/provider/StructureDefinition/bc-owner-extension">
                  <valueIdentifier>
                    <assigner>
                      <display value="MOH"/>
                    </assigner>
                  </valueIdentifier>
                </extension>
                <extension url="logicalId">
                  <valueString value="999999"/>
                </extension>
              </extension>
              <identifier>
                <extension url="http://hlth.gov.bc.ca/fhir/provider/StructureDefinition/bc-owner-extension">
                  <valueIdentifier>
                    <assigner>
                      <display value="MOH"/>
                    </assigner>
                  </valueIdentifier>
                </extension>
                <system value="https://health.gov.bc.ca/fhir/NamingSystem/ca-bc-plr-ipc"/>
                <value value="IPC.00147622.BC.PRS"/>
                <period>
                  <start value="2000-01-01"/>
                </period>
              </identifier>
              <identifier>
                <extension url="http://hlth.gov.bc.ca/fhir/provider/StructureDefinition/bc-owner-extension">
                  <valueIdentifier>
                    <assigner>
                      <display value="MOH"/>
                    </assigner>
                  </valueIdentifier>
                </extension>
                <system value="https://health.gov.bc.ca/fhir/NamingSystem/ca-bc-plr-common-party-number"/>
                <value value="CPN.00147422.BC.PRS"/>
                <period>
                  <start value="2000-01-01"/>
                </period>
              </identifier>
              <identifier>
                <extension url="http://hlth.gov.bc.ca/fhir/provider/StructureDefinition/bc-owner-extension">
                  <valueIdentifier>
                    <assigner>
                      <display value="MOH"/>
                    </assigner>
                  </valueIdentifier>
                </extension>
                <system value="https://fhir.infoway-inforoute.ca/NamingSystem/ca-bc-license-physician"/>
                <value value="123454"/>
                <period>
                  <start value="2000-01-01"/>
                </period>
              </identifier>
              <name>
                <extension url="http://hlth.gov.bc.ca/fhir/provider/StructureDefinition/bc-owner-extension">
                  <valueIdentifier>
                    <assigner>
                      <display value="MOH"/>
                    </assigner>
                  </valueIdentifier>
                </extension>
                <use value="official"/>
                <family value="FamilyName"/>
                <given value="GivenName"/>
                <period>
                  <start value="2012-12-07"/>
                </period>
              </name>
              <telecom>
                <extension url="http://hlth.gov.bc.ca/fhir/provider/StructureDefinition/bc-communication-purpose-code-extension">
                  <valueCodeableConcept>
                    <coding>
                      <system value="https://terminology.hlth.gov.bc.ca/ProviderLocationRegistry/CodeSystem/bc-communication-purpose-code-system"/>
                      <code value="BC"/>
                    </coding>
                  </valueCodeableConcept>
                </extension>
                <extension url="http://hlth.gov.bc.ca/fhir/provider/StructureDefinition/bc-owner-extension">
                  <valueIdentifier>
                    <assigner>
                      <display value="MOH"/>
                    </assigner>
                  </valueIdentifier>
                </extension>
                <system value="phone"/>
                <value value="2503424325"/>
                <period>
                  <start value="2000-02-02"/>
                </period>
              </telecom>
              <address>
                <extension url="http://hlth.gov.bc.ca/fhir/provider/StructureDefinition/bc-communication-purpose-code-extension">
                  <valueCodeableConcept>
                    <coding>
                      <system value="https://terminology.hlth.gov.bc.ca/ProviderLocationRegistry/CodeSystem/bc-communication-purpose-code-system"/>
                      <code value="BC"/>
                    </coding>
                  </valueCodeableConcept>
                </extension>
                <extension url="http://hlth.gov.bc.ca/fhir/provider/StructureDefinition/bc-address-validation-status-extension">
                  <valueCodeableConcept>
                    <coding>
                      <system value="https://terminology.hlth.gov.bc.ca/ProviderLocationRegistry/CodeSystem/bc-address-validation-status-code-system"/>
                      <code value="V"/>
                    </coding>
                  </valueCodeableConcept>
                </extension>
                <extension url="http://hlth.gov.bc.ca/fhir/provider/StructureDefinition/bc-owner-extension">
                  <valueIdentifier>
                    <assigner>
                      <display value="PHSA"/>
                    </assigner>
                  </valueIdentifier>
                </extension>
                <type value="postal"/>
                <line value="19 ST"/>
                <line value="ADDRESS ADDRESSLINE2TXT"/>
                <line value="ADDRESS ADDRESSLINE3TXT"/>
                <city value="VICTORIA"/>
                <state value="BC"/>
                <postalCode value="V6P7B8"/>
                <country value="CA"/>
                <period>
                  <start value="2000-01-01"/>
                </period>
              </address>
              <gender value="male"/>
              <birthDate value="1934-01-02">
                <extension url="http://hlth.gov.bc.ca/fhir/provider/StructureDefinition/bc-birthtime-extension">
                  <valueDateTime value="1951-11-12T00:00:01-06:00"/>
                </extension>
              </birthDate>
              <qualification>
                <extension url="http://hlth.gov.bc.ca/fhir/provider/StructureDefinition/bc-practitioner-qualification-extension">
                  <extension url="designation">
                    <valueString value="Designation"/>
                  </extension>
                  <extension url="equivalencyFlag">
                    <valueBoolean value="false"/>
                  </extension>
                  <extension url="registrationNumber">
                    <valueString value="Registration No."/>
                  </extension>
                  <extension url="issuedDate">
                    <valueDateTime value="2000-02-03"/>
                  </extension>
                </extension>
                <extension url="http://hlth.gov.bc.ca/fhir/provider/StructureDefinition/bc-owner-extension">
                  <valueIdentifier>
                    <assigner>
                      <display value="MOH"/>
                    </assigner>
                  </valueIdentifier>
                </extension>
                <code>
                  <coding>
                    <system value="http://fhir.infoway-inforoute.ca/CodeSystem/scpqual"/>
                    <code value="BD"/>
                  </coding>
                </code>
                <period>
                  <start value="2000-01-01"/>
                </period>
                <issuer>
                  <reference value="#grantingInstitution"/>
                </issuer>
              </qualification>
              <communication>
                <extension url="http://hlth.gov.bc.ca/fhir/provider/StructureDefinition/bc-period-extension">
                  <valuePeriod>
                    <start value="2000-01-01"/>
                  </valuePeriod>
                </extension>
                <extension url="http://hlth.gov.bc.ca/fhir/provider/StructureDefinition/bc-owner-extension">
                  <valueIdentifier>
                    <assigner>
                      <display value="MOH"/>
                    </assigner>
                  </valueIdentifier>
                </extension>
                <coding>
                  <system value="https://terminology.hlth.gov.bc.ca/ProviderLocationRegistry/CodeSystem/bc-language-code-system"/>
                  <code value="B01"/>
                </coding>
              </communication>
            </Practitioner>
          </resource>
        </entry>
        <entry>
          <fullUrl value="https://plresb.hlth.gov.bc.ca/HSA-web/fhir-rs/PractitionerRole/IPC.00147622.BC.PRS"/>
          <resource>
            <PractitionerRole>
              <id value="IPC.00147622.BC.PRS"/>
              <meta>
                <profile value="http://hlth.gov.bc.ca/fhir/provider/StructureDefinition/bc-practitioner-role"/>
              </meta>
              <practitioner>
                <identifier>
                  <extension url="http://hlth.gov.bc.ca/fhir/provider/StructureDefinition/bc-owner-extension">
                    <valueIdentifier>
                      <assigner>
                        <display value="MOH"/>
                      </assigner>
                    </valueIdentifier>
                  </extension>
                  <system value="https://health.gov.bc.ca/fhir/NamingSystem/ca-bc-plr-ipc"/>
                  <value value="IPC.00147622.BC.PRS"/>
                  <period>
                    <start value="2000-01-01"/>
                  </period>
                </identifier>
              </practitioner>
              <code>
                <coding>
                  <system value="http://fhir.infoway-inforoute.ca/CodeSystem/scptype"/>
                  <code value="MD"/>
                </coding>
              </code>
              <specialty>
                <extension url="http://hlth.gov.bc.ca/fhir/provider/StructureDefinition/bc-period-extension">
                  <valuePeriod>
                    <start value="2000-01-01"/>
                    <end value="2020-01-01"/>
                  </valuePeriod>
                </extension>
                <extension url="http://hlth.gov.bc.ca/fhir/provider/StructureDefinition/bc-specialty-source-extension">
                  <valueString value="Expertise source"/>
                </extension>
                <extension url="http://hlth.gov.bc.ca/fhir/provider/StructureDefinition/bc-owner-extension">
                  <valueIdentifier>
                    <assigner>
                      <display value="MOH"/>
                    </assigner>
                  </valueIdentifier>
                </extension>
                <coding>
                  <system value="http://fhir.infoway-inforoute.ca/CodeSystem/scpqual"/>
                  <code value="AMD53"/>
                </coding>
              </specialty>
            </PractitionerRole>
          </resource>
        </entry>
        <entry>
          <fullUrl value="https://plresb.hlth.gov.bc.ca/HSA-web/fhir-rs/PractitionerRole/RELN.124.PRS"/>
          <resource>
            <PractitionerRole>
              <id value="RELN.124.PRS"/>
              <meta>
                <profile value="http://hlth.gov.bc.ca/fhir/provider/StructureDefinition/bc-role-relationships"/>
              </meta>
              <extension url="http://hlth.gov.bc.ca/fhir/provider/StructureDefinition/bc-relationship-type-extension">
                <valueCodeableConcept>
                  <coding>
                    <system value="https://terminology.hlth.gov.bc.ca/ProviderLocationRegistry/CodeSystem/bc-relationship-type-code-system"/>
                    <code value="EE"/>
                  </coding>
                </valueCodeableConcept>
              </extension>
              <extension url="http://hlth.gov.bc.ca/fhir/provider/StructureDefinition/bc-owner-extension">
                <valueIdentifier>
                  <assigner>
                    <display value="MOH"/>
                  </assigner>
                </valueIdentifier>
              </extension>
              <period>
                <start value="2000-01-01"/>
              </period>
              <practitioner>
                <identifier>
                  <extension url="http://hlth.gov.bc.ca/fhir/provider/StructureDefinition/bc-owner-extension">
                    <valueIdentifier>
                      <assigner>
                        <display value="MOH"/>
                      </assigner>
                    </valueIdentifier>
                  </extension>
                  <system value="https://health.gov.bc.ca/fhir/NamingSystem/ca-bc-plr-ipc"/>
                  <value value="IPC.00147622.BC.PRS"/>
                  <period>
                    <start value="2000-01-01"/>
                  </period>
                </identifier>
              </practitioner>
              <organization>
                <identifier>
                  <extension url="http://hlth.gov.bc.ca/fhir/provider/StructureDefinition/bc-owner-extension">
                    <valueIdentifier>
                      <assigner>
                        <display value="MOH"/>
                      </assigner>
                    </valueIdentifier>
                  </extension>
                  <system value="https://health.gov.bc.ca/fhir/NamingSystem/ca-bc-plr-ipc"/>
                  <value value="IPC.00147622.BC.PRS"/>
                  <period>
                    <start value="2000-01-01"/>
                  </period>
                </identifier>
              </organization>
            </PractitionerRole>
          </resource>
        </entry>
        <entry>
          <fullUrl value="https://plresb.hlth.gov.bc.ca/HSA-web/fhir-rs/PractitionerRole/RELN.126.PRS"/>
          <resource>
            <PractitionerRole>
              <id value="RELN.126.PRS"/>
              <meta>
                <profile value="http://hlth.gov.bc.ca/fhir/provider/StructureDefinition/bc-role-relationships"/>
              </meta>
              <extension url="http://hlth.gov.bc.ca/fhir/provider/StructureDefinition/bc-location-relationship-type-extension">
                <valueCodeableConcept>
                  <coding>
                    <system value="https://terminology.hlth.gov.bc.ca/ProviderLocationRegistry/CodeSystem/bc-location-relationship-type-code-system"/>
                    <code value="WORKSAT"/>
                  </coding>
                </valueCodeableConcept>
              </extension>
              <extension url="http://hlth.gov.bc.ca/fhir/provider/StructureDefinition/bc-owner-extension">
                <valueIdentifier>
                  <assigner>
                    <display value="MOH"/>
                  </assigner>
                </valueIdentifier>
              </extension>
              <period>
                <start value="2000-01-01"/>
              </period>
              <practitioner>
                <identifier>
                  <extension url="http://hlth.gov.bc.ca/fhir/provider/StructureDefinition/bc-owner-extension">
                    <valueIdentifier>
                      <assigner>
                        <display value="MOH"/>
                      </assigner>
                    </valueIdentifier>
                  </extension>
                  <system value="https://health.gov.bc.ca/fhir/NamingSystem/ca-bc-plr-ipc"/>
                  <value value="IPC.00147622.BC.PRS"/>
                  <period>
                    <start value="2000-01-01"/>
                  </period>
                </identifier>
              </practitioner>
              <location>
                <identifier>
                  <system value="https://health.gov.bc.ca/fhir/NamingSystem/ca-bc-plr-ifc"/>
                  <value value="IFC.00047422.BC.PRS"/>
                  <period>
                    <start value="2000-01-01"/>
                  </period>
                </identifier>
              </location>
            </PractitionerRole>
          </resource>
        </entry>
      </Bundle>
    </resource>
    <response>
      <status value="200"/>
      <outcome>
        <OperationOutcome>
          <id value="Example-OperationOutcome-MaintainSuccess"/>
          <meta>
            <profile value="http://hlth.gov.bc.ca/fhir/provider/StructureDefinition/bc-operation-outcome"/>
          </meta>
          <issue>
            <severity value="information"/>
            <code value="business-rule"/>
            <details>
              <coding>
                <system value="https://terminology.hlth.gov.bc.ca/ProviderLocationRegistry/CodeSystem/bc-error-code-system"/>
                <code value="PRS.PRP.MTN.UNK.0.0.0000"/>
              </coding>
              <text value="The provider transaction was processed."/>
            </details>
          </issue>
        </OperationOutcome>
      </outcome>
    </response>
  </entry>
  <entry>
    <fullUrl value="urn:uuid:ddab2257-0829-4e5d-a5b7-b6c24dcdb7b8"/>
    <resource>
      <Bundle>
        <id value="Example-UpdatePractitioner-Batch-Bundle-Response"/>
        <meta>
          <profile value="http://hlth.gov.bc.ca/fhir/provider/StructureDefinition/bc-practitioner-bundle"/>
        </meta>
        <type value="collection"/>
        <entry>
          <fullUrl value="https://plresb.hlth.gov.bc.ca/HSA-web/fhir-rs/Practitioner/IPC.00147622.BC.PRS"/>
          <resource>
            <Practitioner>
              <id value="IPC.00147622.BC.PRS"/>
              <meta>
                <profile value="http://hlth.gov.bc.ca/fhir/provider/StructureDefinition/bc-practitioner"/>
              </meta>
              <contained>
                <Organization>
                  <id value="grantingInstitution"/>
                  <meta>
                    <profile value="http://hlth.gov.bc.ca/fhir/provider/StructureDefinition/bc-organization"/>
                  </meta>
                  <name value="University of Calgary"/>
                  <address>
                    <city value="CALGARY"/>
                    <state value="AB"/>
                    <country value="CA"/>
                  </address>
                </Organization>
              </contained>
              <extension url="http://hlth.gov.bc.ca/fhir/provider/StructureDefinition/bc-period-extension">
                <valuePeriod>
                  <start value="2012-12-07"/>
                </valuePeriod>
              </extension>
              <extension url="http://hlth.gov.bc.ca/fhir/provider/StructureDefinition/bc-owner-extension">
                <valueIdentifier>
                  <assigner>
                    <display value="MOH"/>
                  </assigner>
                </valueIdentifier>
              </extension>
              <extension url="http://hlth.gov.bc.ca/fhir/provider/StructureDefinition/bc-birthplace-extension">
                <valueAddress>
                  <city value="Ottawa"/>
                  <state value="ON"/>
                  <country value="CA"/>
                </valueAddress>
              </extension>
              <extension url="http://hlth.gov.bc.ca/fhir/provider/StructureDefinition/bc-license-status-extension">
                <extension url="statusCode">
                  <valueCodeableConcept>
                    <coding>
                      <system value="https://terminology.hlth.gov.bc.ca/ProviderLocationRegistry/CodeSystem/bc-license-status-code-system"/>
                      <code value="SUSPENDED"/>
                    </coding>
                  </valueCodeableConcept>
                </extension>
                <extension url="statusReasonCode">
                  <valueCodeableConcept>
                    <coding>
                      <system value="https://terminology.hlth.gov.bc.ca/ProviderLocationRegistry/CodeSystem/bc-license-status-reason-code-system"/>
                      <code value="LTP"/>
                    </coding>
                  </valueCodeableConcept>
                </extension>
                <extension url="statusClassCode">
                  <valueCodeableConcept>
                    <coding>
                      <system value="https://terminology.hlth.gov.bc.ca/ProviderLocationRegistry/CodeSystem/bc-license-status-class-code-system"/>
                      <code value="LIC"/>
                    </coding>
                  </valueCodeableConcept>
                </extension>
                <extension url="period">
                  <valuePeriod>
                    <start value="2022-06-24"/>
                  </valuePeriod>
                </extension>
                <extension url="http://hlth.gov.bc.ca/fhir/provider/StructureDefinition/bc-owner-extension">
                  <valueIdentifier>
                    <assigner>
                      <display value="MOH"/>
                    </assigner>
                  </valueIdentifier>
                </extension>
              </extension>
              <extension url="http://hlth.gov.bc.ca/fhir/provider/StructureDefinition/bc-practitioner-disciplinary-action-extension">
                <extension url="identifier">
                  <valueIdentifier>
                    <value value="DA-1"/>
                  </valueIdentifier>
                </extension>
                <extension url="description">
                  <valueString value="Description"/>
                </extension>
                <extension url="archiveDate">
                  <valueDateTime value="2000-01-01"/>
                </extension>
                <extension url="http://hlth.gov.bc.ca/fhir/provider/StructureDefinition/bc-period-extension">
                  <valuePeriod>
                    <start value="1998-01-02"/>
                  </valuePeriod>
                </extension>
                <extension url="displayFlag">
                  <valueBoolean value="false"/>
                </extension>
                <extension url="http://hlth.gov.bc.ca/fhir/provider/StructureDefinition/bc-owner-extension">
                  <valueIdentifier>
                    <assigner>
                      <display value="MOH"/>
                    </assigner>
                  </valueIdentifier>
                </extension>
              </extension>
              <extension url="http://hlth.gov.bc.ca/fhir/provider/StructureDefinition/bc-note-extension">
                <extension url="identifier">
                  <valueIdentifier>
                    <system value="http://hlth.gov.bc.ca/fhir/provider/identifier-system/bc-note-id"/>
                    <value value="Note-2"/>
                  </valueIdentifier>
                </extension>
                <extension url="text">
                  <valueString value="Note text"/>
                </extension>
                <extension url="http://hlth.gov.bc.ca/fhir/provider/StructureDefinition/bc-period-extension">
                  <valuePeriod>
                    <start value="1998-01-02"/>
                  </valuePeriod>
                </extension>
                <extension url="http://hlth.gov.bc.ca/fhir/provider/StructureDefinition/bc-owner-extension">
                  <valueIdentifier>
                    <assigner>
                      <display value="MOH"/>
                    </assigner>
                  </valueIdentifier>
                </extension>
              </extension>
              <extension url="http://hlth.gov.bc.ca/fhir/provider/StructureDefinition/bc-practitioner-condition-extension">
                <extension url="identifier">
                  <valueIdentifier>
                    <system value="http://hlth.gov.bc.ca/fhir/provider/identifier-system/bc-condition-id"/>
                    <value value="Condition-1"/>
                  </valueIdentifier>
                </extension>
                <extension url="restriction">
                  <valueBoolean value="false"/>
                </extension>
                <extension url="restrictionText">
                  <valueString value="Restriction text"/>
                </extension>
                <extension url="code">
                  <valueCodeableConcept>
                    <coding>
                      <system value="https://terminology.hlth.gov.bc.ca/ProviderLocationRegistry/CodeSystem/bc-condition-type-code-system"/>
                      <code value="EXP"/>
                    </coding>
                  </valueCodeableConcept>
                </extension>
                <extension url="http://hlth.gov.bc.ca/fhir/provider/StructureDefinition/bc-period-extension">
                  <valuePeriod>
                    <start value="1998-01-02"/>
                  </valuePeriod>
                </extension>
                <extension url="http://hlth.gov.bc.ca/fhir/provider/StructureDefinition/bc-owner-extension">
                  <valueIdentifier>
                    <assigner>
                      <display value="MOH"/>
                    </assigner>
                  </valueIdentifier>
                </extension>
              </extension>
              <extension url="http://hlth.gov.bc.ca/fhir/provider/StructureDefinition/bc-confidentiality-extension">
                <extension url="http://hlth.gov.bc.ca/fhir/provider/StructureDefinition/bc-period-extension">
                  <valuePeriod>
                    <start value="2000-01-01"/>
                    <end value="2020-01-01"/>
                  </valuePeriod>
                </extension>
                <extension url="code">
                  <valueCodeableConcept>
                    <coding>
                      <system value="http://terminology.hl7.org/CodeSystem/v3-Confidentiality"/>
                      <code value="R"/>
                    </coding>
                  </valueCodeableConcept>
                </extension>
                <extension url="http://hlth.gov.bc.ca/fhir/provider/StructureDefinition/bc-owner-extension">
                  <valueIdentifier>
                    <assigner>
                      <display value="MOH"/>
                    </assigner>
                  </valueIdentifier>
                </extension>
              </extension>
              <extension url="http://hlth.gov.bc.ca/fhir/provider/StructureDefinition/bc-practitioner-relationship-extension">
                <extension url="http://hlth.gov.bc.ca/fhir/provider/StructureDefinition/bc-period-extension">
                  <valuePeriod>
                    <start value="2022-06-30"/>
                  </valuePeriod>
                </extension>
                <extension url="targetPractitioner">
                  <valueReference>
                    <identifier>
                      <system value="https://health.gov.bc.ca/fhir/NamingSystem/ca-bc-plr-ipc"/>
                      <value value="IPC.00763483.BC.PRS"/>
                      <period>
                        <start value="2000-01-01"/>
                      </period>
                    </identifier>
                  </valueReference>
                </extension>
                <extension url="relationshipType">
                  <valueCodeableConcept>
                    <coding>
                      <system value="https://terminology.hlth.gov.bc.ca/ProviderLocationRegistry/CodeSystem/bc-relationship-type-code-system"/>
                      <code value="WORKSAT"/>
                    </coding>
                  </valueCodeableConcept>
                </extension>
                <extension url="http://hlth.gov.bc.ca/fhir/provider/StructureDefinition/bc-owner-extension">
                  <valueIdentifier>
                    <assigner>
                      <display value="MOH"/>
                    </assigner>
                  </valueIdentifier>
                </extension>
                <extension url="logicalId">
                  <valueString value="999999"/>
                </extension>
              </extension>
              <identifier>
                <extension url="http://hlth.gov.bc.ca/fhir/provider/StructureDefinition/bc-owner-extension">
                  <valueIdentifier>
                    <assigner>
                      <display value="MOH"/>
                    </assigner>
                  </valueIdentifier>
                </extension>
                <system value="https://health.gov.bc.ca/fhir/NamingSystem/ca-bc-plr-ipc"/>
                <value value="IPC.00147622.BC.PRS"/>
                <period>
                  <start value="2000-01-01"/>
                </period>
              </identifier>
              <identifier>
                <extension url="http://hlth.gov.bc.ca/fhir/provider/StructureDefinition/bc-owner-extension">
                  <valueIdentifier>
                    <assigner>
                      <display value="MOH"/>
                    </assigner>
                  </valueIdentifier>
                </extension>
                <system value="https://health.gov.bc.ca/fhir/NamingSystem/ca-bc-plr-common-party-number"/>
                <value value="CPN.00147422.BC.PRS"/>
                <period>
                  <start value="2000-01-01"/>
                </period>
              </identifier>
              <identifier>
                <extension url="http://hlth.gov.bc.ca/fhir/provider/StructureDefinition/bc-owner-extension">
                  <valueIdentifier>
                    <assigner>
                      <display value="MOH"/>
                    </assigner>
                  </valueIdentifier>
                </extension>
                <system value="https://fhir.infoway-inforoute.ca/NamingSystem/ca-bc-license-physician"/>
                <value value="123454"/>
                <period>
                  <start value="2000-01-01"/>
                </period>
              </identifier>
              <name>
                <extension url="http://hlth.gov.bc.ca/fhir/provider/StructureDefinition/bc-owner-extension">
                  <valueIdentifier>
                    <assigner>
                      <display value="MOH"/>
                    </assigner>
                  </valueIdentifier>
                </extension>
                <use value="official"/>
                <family value="FamilyName"/>
                <given value="GivenName"/>
                <period>
                  <start value="2012-12-07"/>
                </period>
              </name>
              <telecom>
                <extension url="http://hlth.gov.bc.ca/fhir/provider/StructureDefinition/bc-communication-purpose-code-extension">
                  <valueCodeableConcept>
                    <coding>
                      <system value="https://terminology.hlth.gov.bc.ca/ProviderLocationRegistry/CodeSystem/bc-communication-purpose-code-system"/>
                      <code value="BC"/>
                    </coding>
                  </valueCodeableConcept>
                </extension>
                <extension url="http://hlth.gov.bc.ca/fhir/provider/StructureDefinition/bc-owner-extension">
                  <valueIdentifier>
                    <assigner>
                      <display value="MOH"/>
                    </assigner>
                  </valueIdentifier>
                </extension>
                <system value="phone"/>
                <value value="2503424325"/>
                <period>
                  <start value="2000-02-02"/>
                </period>
              </telecom>
              <address>
                <extension url="http://hlth.gov.bc.ca/fhir/provider/StructureDefinition/bc-communication-purpose-code-extension">
                  <valueCodeableConcept>
                    <coding>
                      <system value="https://terminology.hlth.gov.bc.ca/ProviderLocationRegistry/CodeSystem/bc-communication-purpose-code-system"/>
                      <code value="BC"/>
                    </coding>
                  </valueCodeableConcept>
                </extension>
                <extension url="http://hlth.gov.bc.ca/fhir/provider/StructureDefinition/bc-address-validation-status-extension">
                  <valueCodeableConcept>
                    <coding>
                      <system value="https://terminology.hlth.gov.bc.ca/ProviderLocationRegistry/CodeSystem/bc-address-validation-status-code-system"/>
                      <code value="V"/>
                    </coding>
                  </valueCodeableConcept>
                </extension>
                <extension url="http://hlth.gov.bc.ca/fhir/provider/StructureDefinition/bc-owner-extension">
                  <valueIdentifier>
                    <assigner>
                      <display value="PHSA"/>
                    </assigner>
                  </valueIdentifier>
                </extension>
                <type value="postal"/>
                <line value="19 ST"/>
                <line value="ADDRESS ADDRESSLINE2TXT"/>
                <line value="ADDRESS ADDRESSLINE3TXT"/>
                <city value="VICTORIA"/>
                <state value="BC"/>
                <postalCode value="V6P7B8"/>
                <country value="CA"/>
                <period>
                  <start value="2000-01-01"/>
                </period>
              </address>
              <gender value="male"/>
              <birthDate value="1934-01-02">
                <extension url="http://hlth.gov.bc.ca/fhir/provider/StructureDefinition/bc-birthtime-extension">
                  <valueDateTime value="1951-11-12T00:00:01-06:00"/>
                </extension>
              </birthDate>
              <qualification>
                <extension url="http://hlth.gov.bc.ca/fhir/provider/StructureDefinition/bc-practitioner-qualification-extension">
                  <extension url="designation">
                    <valueString value="Designation"/>
                  </extension>
                  <extension url="equivalencyFlag">
                    <valueBoolean value="false"/>
                  </extension>
                  <extension url="registrationNumber">
                    <valueString value="Registration No."/>
                  </extension>
                  <extension url="issuedDate">
                    <valueDateTime value="2000-02-03"/>
                  </extension>
                </extension>
                <extension url="http://hlth.gov.bc.ca/fhir/provider/StructureDefinition/bc-owner-extension">
                  <valueIdentifier>
                    <assigner>
                      <display value="MOH"/>
                    </assigner>
                  </valueIdentifier>
                </extension>
                <code>
                  <coding>
                    <system value="http://fhir.infoway-inforoute.ca/CodeSystem/scpqual"/>
                    <code value="BD"/>
                  </coding>
                </code>
                <period>
                  <start value="2000-01-01"/>
                </period>
                <issuer>
                  <reference value="#grantingInstitution"/>
                </issuer>
              </qualification>
              <communication>
                <extension url="http://hlth.gov.bc.ca/fhir/provider/StructureDefinition/bc-period-extension">
                  <valuePeriod>
                    <start value="2000-01-01"/>
                  </valuePeriod>
                </extension>
                <extension url="http://hlth.gov.bc.ca/fhir/provider/StructureDefinition/bc-owner-extension">
                  <valueIdentifier>
                    <assigner>
                      <display value="MOH"/>
                    </assigner>
                  </valueIdentifier>
                </extension>
                <coding>
                  <system value="https://terminology.hlth.gov.bc.ca/ProviderLocationRegistry/CodeSystem/bc-language-code-system"/>
                  <code value="B01"/>
                </coding>
              </communication>
            </Practitioner>
          </resource>
        </entry>
        <entry>
          <fullUrl value="https://plresb.hlth.gov.bc.ca/HSA-web/fhir-rs/PractitionerRole/IPC.00147622.BC.PRS"/>
          <resource>
            <PractitionerRole>
              <id value="IPC.00147622.BC.PRS"/>
              <meta>
                <profile value="http://hlth.gov.bc.ca/fhir/provider/StructureDefinition/bc-practitioner-role"/>
              </meta>
              <practitioner>
                <identifier>
                  <extension url="http://hlth.gov.bc.ca/fhir/provider/StructureDefinition/bc-owner-extension">
                    <valueIdentifier>
                      <assigner>
                        <display value="MOH"/>
                      </assigner>
                    </valueIdentifier>
                  </extension>
                  <system value="https://health.gov.bc.ca/fhir/NamingSystem/ca-bc-plr-ipc"/>
                  <value value="IPC.00147622.BC.PRS"/>
                  <period>
                    <start value="2000-01-01"/>
                  </period>
                </identifier>
              </practitioner>
              <code>
                <coding>
                  <system value="http://fhir.infoway-inforoute.ca/CodeSystem/scptype"/>
                  <code value="MD"/>
                </coding>
              </code>
              <specialty>
                <extension url="http://hlth.gov.bc.ca/fhir/provider/StructureDefinition/bc-period-extension">
                  <valuePeriod>
                    <start value="2000-01-01"/>
                    <end value="2020-01-01"/>
                  </valuePeriod>
                </extension>
                <extension url="http://hlth.gov.bc.ca/fhir/provider/StructureDefinition/bc-specialty-source-extension">
                  <valueString value="Expertise source"/>
                </extension>
                <extension url="http://hlth.gov.bc.ca/fhir/provider/StructureDefinition/bc-owner-extension">
                  <valueIdentifier>
                    <assigner>
                      <display value="MOH"/>
                    </assigner>
                  </valueIdentifier>
                </extension>
                <coding>
                  <system value="http://fhir.infoway-inforoute.ca/CodeSystem/scpqual"/>
                  <code value="AMD53"/>
                </coding>
              </specialty>
            </PractitionerRole>
          </resource>
        </entry>
        <entry>
          <fullUrl value="https://plresb.hlth.gov.bc.ca/HSA-web/fhir-rs/PractitionerRole/RELN.124.PRS"/>
          <resource>
            <PractitionerRole>
              <id value="RELN.124.PRS"/>
              <meta>
                <profile value="http://hlth.gov.bc.ca/fhir/provider/StructureDefinition/bc-role-relationships"/>
              </meta>
              <extension url="http://hlth.gov.bc.ca/fhir/provider/StructureDefinition/bc-relationship-type-extension">
                <valueCodeableConcept>
                  <coding>
                    <system value="https://terminology.hlth.gov.bc.ca/ProviderLocationRegistry/CodeSystem/bc-relationship-type-code-system"/>
                    <code value="EE"/>
                  </coding>
                </valueCodeableConcept>
              </extension>
              <extension url="http://hlth.gov.bc.ca/fhir/provider/StructureDefinition/bc-owner-extension">
                <valueIdentifier>
                  <assigner>
                    <display value="MOH"/>
                  </assigner>
                </valueIdentifier>
              </extension>
              <period>
                <start value="2000-01-01"/>
              </period>
              <practitioner>
                <identifier>
                  <extension url="http://hlth.gov.bc.ca/fhir/provider/StructureDefinition/bc-owner-extension">
                    <valueIdentifier>
                      <assigner>
                        <display value="MOH"/>
                      </assigner>
                    </valueIdentifier>
                  </extension>
                  <system value="https://health.gov.bc.ca/fhir/NamingSystem/ca-bc-plr-ipc"/>
                  <value value="IPC.00147622.BC.PRS"/>
                  <period>
                    <start value="2000-01-01"/>
                  </period>
                </identifier>
              </practitioner>
              <organization>
                <identifier>
                  <extension url="http://hlth.gov.bc.ca/fhir/provider/StructureDefinition/bc-owner-extension">
                    <valueIdentifier>
                      <assigner>
                        <display value="MOH"/>
                      </assigner>
                    </valueIdentifier>
                  </extension>
                  <system value="https://health.gov.bc.ca/fhir/NamingSystem/ca-bc-plr-ipc"/>
                  <value value="IPC.00147622.BC.PRS"/>
                  <period>
                    <start value="2000-01-01"/>
                  </period>
                </identifier>
              </organization>
            </PractitionerRole>
          </resource>
        </entry>
        <entry>
          <fullUrl value="https://plresb.hlth.gov.bc.ca/HSA-web/fhir-rs/PractitionerRole/RELN.126.PRS"/>
          <resource>
            <PractitionerRole>
              <id value="RELN.126.PRS"/>
              <meta>
                <profile value="http://hlth.gov.bc.ca/fhir/provider/StructureDefinition/bc-role-relationships"/>
              </meta>
              <extension url="http://hlth.gov.bc.ca/fhir/provider/StructureDefinition/bc-location-relationship-type-extension">
                <valueCodeableConcept>
                  <coding>
                    <system value="https://terminology.hlth.gov.bc.ca/ProviderLocationRegistry/CodeSystem/bc-location-relationship-type-code-system"/>
                    <code value="WORKSAT"/>
                  </coding>
                </valueCodeableConcept>
              </extension>
              <extension url="http://hlth.gov.bc.ca/fhir/provider/StructureDefinition/bc-owner-extension">
                <valueIdentifier>
                  <assigner>
                    <display value="MOH"/>
                  </assigner>
                </valueIdentifier>
              </extension>
              <period>
                <start value="2000-01-01"/>
              </period>
              <practitioner>
                <identifier>
                  <extension url="http://hlth.gov.bc.ca/fhir/provider/StructureDefinition/bc-owner-extension">
                    <valueIdentifier>
                      <assigner>
                        <display value="MOH"/>
                      </assigner>
                    </valueIdentifier>
                  </extension>
                  <system value="https://health.gov.bc.ca/fhir/NamingSystem/ca-bc-plr-ipc"/>
                  <value value="IPC.00147622.BC.PRS"/>
                  <period>
                    <start value="2000-01-01"/>
                  </period>
                </identifier>
              </practitioner>
              <location>
                <identifier>
                  <system value="https://health.gov.bc.ca/fhir/NamingSystem/ca-bc-plr-ifc"/>
                  <value value="IFC.00047422.BC.PRS"/>
                  <period>
                    <start value="2000-01-01"/>
                  </period>
                </identifier>
              </location>
            </PractitionerRole>
          </resource>
        </entry>
      </Bundle>
    </resource>
    <response>
      <status value="200"/>
      <outcome>
        <OperationOutcome>
          <id value="Example-OperationOutcome-7049"/>
          <meta>
            <profile value="http://hlth.gov.bc.ca/fhir/provider/StructureDefinition/bc-operation-outcome"/>
          </meta>
          <issue>
            <severity value="error"/>
            <code value="business-rule"/>
            <details>
              <coding>
                <system value="https://terminology.hlth.gov.bc.ca/ProviderLocationRegistry/CodeSystem/bc-error-code-system"/>
                <code value="GRS.DPS.UNK.UNK.0.0.7049"/>
              </coding>
              <text value="Some results were removed under data permission rules."/>
            </details>
          </issue>
        </OperationOutcome>
      </outcome>
    </response>
  </entry>
</Bundle>