<?xml version="1.0" encoding="UTF-8"?>

<Bundle xmlns="http://hl7.org/fhir">
  <id value="Example-Organizational-Provider-Bundle"/>
  <meta>
    <profile value="http://hlth.gov.bc.ca/fhir/provider/StructureDefinition/bc-organization-bundle"/>
  </meta>
  <type value="collection"/>
  <timestamp value="2022-02-02T13:23:13.000-08:00"/>
  <entry>
    <fullUrl value="https://plresb.hlth.gov.bc.ca/HSA-web/fhir-rs/Organization/IPC.00147437.BC.PRS"/>
    <resource>
      <Organization>
        <id value="IPC.00147437.BC.PRS"/>
        <meta>
          <profile value="http://hlth.gov.bc.ca/fhir/provider/StructureDefinition/bc-organization"/>
        </meta>
        <text>
          <status value="extensions"/><div xmlns="http://www.w3.org/1999/xhtml"><p><b>Generated Narrative: Organization</b><a name="IPC.00147437.BC.PRS"> </a></p><div style="display: inline-block; background-color: #d9e0e7; padding: 6px; margin: 4px; border: 1px solid #8da1b4; border-radius: 5px; line-height: 60%"><p style="margin-bottom: 0px">Resource Organization &quot;IPC.00147437.BC.PRS&quot; </p><p style="margin-bottom: 0px">Profile: <a href="StructureDefinition-bc-organization.html">BCOrganization</a></p></div><blockquote><p><b>BC Notes Extension</b></p><blockquote><p><b>url</b></p><code>identifier</code></blockquote><p><b>value</b>: id: Note-2</p><blockquote><p><b>url</b></p><code>text</code></blockquote><p><b>value</b>: Note text</p><blockquote><p><b>url</b></p><a href="StructureDefinition-bc-period-extension.html">BC Valid Period Extension</a></blockquote><p><b>value</b>: 1998-01-02 --&gt; (ongoing)</p></blockquote><blockquote><p><b>BC License Status Extension</b></p><blockquote><p><b>url</b></p><code>statusCode</code></blockquote><p><b>value</b>: active <span style="background: LightGoldenRodYellow; margin: 4px; border: 1px solid khaki"> (<a href="http://terminology.hl7.org/5.0.0/CodeSystem-v3-RoleStatus.html">RoleStatus</a>#active)</span></p><blockquote><p><b>url</b></p><code>period</code></blockquote><p><b>value</b>: 2022-02-07 --&gt; 2023-02-07</p><blockquote><p><b>url</b></p><code>statusReasonCode</code></blockquote><p><b>value</b>: ORG <span style="background: LightGoldenRodYellow; margin: 4px; border: 1px solid khaki"> (bc-license-status-reason-code-system#ORG)</span></p><blockquote><p><b>url</b></p><code>statusClassCode</code></blockquote><p><b>value</b>: AE <span style="background: LightGoldenRodYellow; margin: 4px; border: 1px solid khaki"> (bc-license-status-class-code-system#AE)</span></p></blockquote><p><b>identifier</b>: id: IPC.00147437.BC.PRS (period: 2000-01-01 --&gt; (ongoing)), id: CPN.00147422.BC.PRS (period: 2000-01-01 --&gt; (ongoing)), id: 123123123 (period: 2000-01-01 --&gt; (ongoing))</p><p><b>type</b>: ORG <span style="background: LightGoldenRodYellow; margin: 4px; border: 1px solid khaki"> (bc-organization-role-code-system#ORG)</span></p><p><b>name</b>: ABC Clinic</p><p><b>alias</b>: ABC Clinic - Kelowna</p><p><b>telecom</b>: ph: 2501112234</p><p><b>address</b>: 1000 DOUGLAS ST VICTORIA BC V6P7B8 CA </p></div>
        </text>
        <extension url="http://hlth.gov.bc.ca/fhir/provider/StructureDefinition/bc-note-extension">
          <extension url="identifier">
            <valueIdentifier>
              <system value="http://hlth.gov.bc.ca/fhir/provider/identifier-system/bc-note-id"/>
              <value value="Note-2"/>
            </valueIdentifier>
          </extension>
          <extension url="text">
            <valueString value="Note text"/>
          </extension>
          <extension url="http://hlth.gov.bc.ca/fhir/provider/StructureDefinition/bc-period-extension">
            <valuePeriod>
              <start value="1998-01-02"/>
            </valuePeriod>
          </extension>
        </extension>
        <extension url="http://hlth.gov.bc.ca/fhir/provider/StructureDefinition/bc-license-status-extension">
          <extension url="statusCode">
            <valueCodeableConcept>
              <coding>
                <system value="http://terminology.hl7.org/CodeSystem/v3-RoleStatus"/>
                <code value="active"/>
              </coding>
            </valueCodeableConcept>
          </extension>
          <extension url="period">
            <valuePeriod>
              <start value="2022-02-07"/>
              <end value="2023-02-07"/>
            </valuePeriod>
          </extension>
          <extension url="statusReasonCode">
            <valueCodeableConcept>
              <coding>
                <system value="https://terminology.hlth.gov.bc.ca/ProviderLocationRegistry/CodeSystem/bc-license-status-reason-code-system"/>
                <code value="ORG"/>
              </coding>
            </valueCodeableConcept>
          </extension>
          <extension url="statusClassCode">
            <valueCodeableConcept>
              <coding>
                <system value="https://terminology.hlth.gov.bc.ca/ProviderLocationRegistry/CodeSystem/bc-license-status-class-code-system"/>
                <code value="AE"/>
              </coding>
            </valueCodeableConcept>
          </extension>
        </extension>
        <identifier>
          <system value="http://hlth.gov.bc.ca/fhir/provider/identifier-system/IPC"/>
          <value value="IPC.00147437.BC.PRS"/>
          <period>
            <start value="2000-01-01"/>
          </period>
        </identifier>
        <identifier>
          <system value="http://hlth.gov.bc.ca/fhir/provider/identifier-system/CPN"/>
          <value value="CPN.00147422.BC.PRS"/>
          <period>
            <start value="2000-01-01"/>
          </period>
        </identifier>
        <identifier>
          <system value="http://hlth.gov.bc.ca/fhir/provider/identifier-system/ORGID"/>
          <value value="123123123"/>
          <period>
            <start value="2000-01-01"/>
          </period>
        </identifier>
        <type>
          <coding>
            <system value="https://terminology.hlth.gov.bc.ca/ProviderLocationRegistry/CodeSystem/bc-organization-role-code-system"/>
            <code value="ORG"/>
          </coding>
        </type>
        <name value="ABC Clinic">
          <extension url="http://hlth.gov.bc.ca/fhir/provider/StructureDefinition/bc-name-use-extension">
            <valueCode value="official"/>
          </extension>
          <extension url="http://hlth.gov.bc.ca/fhir/provider/StructureDefinition/bc-period-extension">
            <valuePeriod>
              <start value="2000-01-01"/>
              <end value="2022-09-01"/>
            </valuePeriod>
          </extension>
        </name>
        <alias value="ABC Clinic - Kelowna"/>
        <telecom>
          <extension url="http://hlth.gov.bc.ca/fhir/provider/StructureDefinition/bc-communication-purpose-code-extension">
            <valueCodeableConcept>
              <coding>
                <system value="https://terminology.hlth.gov.bc.ca/ProviderLocationRegistry/CodeSystem/bc-communication-purpose-code-system"/>
                <code value="BC"/>
              </coding>
            </valueCodeableConcept>
          </extension>
          <system value="phone"/>
          <value value="2501112234"/>
          <period>
            <start value="2000-02-02"/>
          </period>
        </telecom>
        <address>
          <extension url="http://hlth.gov.bc.ca/fhir/provider/StructureDefinition/bc-communication-purpose-code-extension">
            <valueCodeableConcept>
              <coding>
                <system value="https://terminology.hlth.gov.bc.ca/ProviderLocationRegistry/CodeSystem/bc-communication-purpose-code-system"/>
                <code value="BC"/>
              </coding>
            </valueCodeableConcept>
          </extension>
          <extension url="http://hlth.gov.bc.ca/fhir/provider/StructureDefinition/bc-address-validation-status-extension">
            <valueCodeableConcept>
              <coding>
                <system value="https://terminology.hlth.gov.bc.ca/ProviderLocationRegistry/CodeSystem/bc-address-validation-status-code-system"/>
                <code value="V"/>
              </coding>
            </valueCodeableConcept>
          </extension>
          <type value="postal"/>
          <line value="1000 DOUGLAS ST"/>
          <city value="VICTORIA"/>
          <state value="BC"/>
          <postalCode value="V6P7B8"/>
          <country value="CA"/>
          <period>
            <start value="2000-01-01"/>
          </period>
        </address>
      </Organization>
    </resource>
  </entry>
  <entry>
    <fullUrl value="https://plresb.hlth.gov.bc.ca/HSA-web/fhir-rs/PractitionerRole/RELN.127.PRS"/>
    <resource>
      <PractitionerRole>
        <id value="RELN.127.PRS"/>
        <meta>
          <profile value="http://hlth.gov.bc.ca/fhir/provider/StructureDefinition/bc-role-relationships"/>
        </meta>
        <text>
          <status value="extensions"/><div xmlns="http://www.w3.org/1999/xhtml"><p><b>Generated Narrative: PractitionerRole</b><a name="RELN.127.PRS"> </a></p><div style="display: inline-block; background-color: #d9e0e7; padding: 6px; margin: 4px; border: 1px solid #8da1b4; border-radius: 5px; line-height: 60%"><p style="margin-bottom: 0px">Resource PractitionerRole &quot;RELN.127.PRS&quot; </p><p style="margin-bottom: 0px">Profile: <a href="StructureDefinition-bc-role-relationships.html">BCRoleRelationships</a></p></div><p><b>BC Practitioner to Organization or Practitioner to Practitioner Type Extension.</b>: careteam <span style="background: LightGoldenRodYellow; margin: 4px; border: 1px solid khaki"> (bc-relationship-type-code-system#careteam)</span></p><p><b>period</b>: 2000-01-01 --&gt; (ongoing)</p><p><b>practitioner</b>: <span>id: IPC.00147422.BC.PRS (period: 2000-01-01 --&gt; (ongoing))</span></p><p><b>organization</b>: <span>id: IPC.00147437.BC.PRS (period: 2000-01-01 --&gt; (ongoing))</span></p></div>
        </text>
        <extension url="http://hlth.gov.bc.ca/fhir/provider/StructureDefinition/bc-relationship-type-extension">
          <valueCodeableConcept>
            <coding>
              <system value="https://terminology.hlth.gov.bc.ca/ProviderLocationRegistry/CodeSystem/bc-relationship-type-code-system"/>
              <code value="careteam"/>
            </coding>
          </valueCodeableConcept>
        </extension>
        <period>
          <start value="2000-01-01"/>
        </period>
        <practitioner>
          <identifier>
            <system value="http://hlth.gov.bc.ca/fhir/provider/identifier-system/IPC"/>
            <value value="IPC.00147422.BC.PRS"/>
            <period>
              <start value="2000-01-01"/>
            </period>
          </identifier>
        </practitioner>
        <organization>
          <identifier>
            <system value="http://hlth.gov.bc.ca/fhir/provider/identifier-system/IPC"/>
            <value value="IPC.00147437.BC.PRS"/>
            <period>
              <start value="2000-01-01"/>
            </period>
          </identifier>
        </organization>
      </PractitionerRole>
    </resource>
  </entry>
  <entry>
    <fullUrl value="https://plresb.hlth.gov.bc.ca/HSA-web/fhir-rs/OrganizationAffiliation/RELN.141.PRS"/>
    <resource>
      <OrganizationAffiliation>
        <id value="RELN.141.PRS"/>
        <meta>
          <profile value="http://hlth.gov.bc.ca/fhir/provider/StructureDefinition/bc-organization-affiliation"/>
        </meta>
        <text>
          <status value="generated"/><div xmlns="http://www.w3.org/1999/xhtml"><p><b>Generated Narrative: OrganizationAffiliation</b><a name="RELN.141.PRS"> </a></p><div style="display: inline-block; background-color: #d9e0e7; padding: 6px; margin: 4px; border: 1px solid #8da1b4; border-radius: 5px; line-height: 60%"><p style="margin-bottom: 0px">Resource OrganizationAffiliation &quot;RELN.141.PRS&quot; </p><p style="margin-bottom: 0px">Profile: <a href="StructureDefinition-bc-organization-affiliation.html">BCOrganizationAffiliation</a></p></div><p><b>period</b>: 2000-01-01 --&gt; (ongoing)</p><p><b>organization</b>: <span>id: IPC.00147437.BC.PRS (period: 2000-01-01 --&gt; (ongoing))</span></p><p><b>participatingOrganization</b>: <span>id: IPC.001164553.BC.PRS (period: 2000-02-02 --&gt; (ongoing))</span></p><p><b>code</b>: deptof <span style="background: LightGoldenRodYellow; margin: 4px; border: 1px solid khaki"> (bc-relationship-type-code-system#deptof)</span></p></div>
        </text>
        <period>
          <start value="2000-01-01"/>
        </period>
        <organization>
          <identifier>
            <system value="http://hlth.gov.bc.ca/fhir/provider/identifier-system/IPC"/>
            <value value="IPC.00147437.BC.PRS"/>
            <period>
              <start value="2000-01-01"/>
            </period>
          </identifier>
        </organization>
        <participatingOrganization>
          <identifier>
            <system value="http://hlth.gov.bc.ca/fhir/provider/identifier-system/IPC"/>
            <value value="IPC.001164553.BC.PRS"/>
            <period>
              <start value="2000-02-02"/>
            </period>
          </identifier>
        </participatingOrganization>
        <code>
          <coding>
            <system value="https://terminology.hlth.gov.bc.ca/ProviderLocationRegistry/CodeSystem/bc-relationship-type-code-system"/>
            <code value="deptof"/>
          </coding>
        </code>
      </OrganizationAffiliation>
    </resource>
  </entry>
  <entry>
    <fullUrl value="https://plresb.hlth.gov.bc.ca/HSA-web/fhir-rs/OrganizationAffiliation/RELN.142.PRS"/>
    <resource>
      <OrganizationAffiliation>
        <id value="RELN.142.PRS"/>
        <meta>
          <profile value="http://hlth.gov.bc.ca/fhir/provider/StructureDefinition/bc-organization-affiliation"/>
        </meta>
        <text>
          <status value="generated"/><div xmlns="http://www.w3.org/1999/xhtml"><p><b>Generated Narrative: OrganizationAffiliation</b><a name="RELN.142.PRS"> </a></p><div style="display: inline-block; background-color: #d9e0e7; padding: 6px; margin: 4px; border: 1px solid #8da1b4; border-radius: 5px; line-height: 60%"><p style="margin-bottom: 0px">Resource OrganizationAffiliation &quot;RELN.142.PRS&quot; </p><p style="margin-bottom: 0px">Profile: <a href="StructureDefinition-bc-organization-affiliation.html">BCOrganizationAffiliation</a></p></div><p><b>period</b>: 2000-01-01 --&gt; (ongoing)</p><p><b>organization</b>: <span>id: IPC.00147437.BC.PRS (period: 2000-01-01 --&gt; (ongoing))</span></p><p><b>code</b>: operatesfrom <span style="background: LightGoldenRodYellow; margin: 4px; border: 1px solid khaki"> (bc-location-relationship-type-code-system#operatesfrom)</span></p><p><b>location</b>: <span>id: IFC.00047422.BC.PRS (period: 2000-01-01 --&gt; (ongoing))</span></p></div>
        </text>
        <period>
          <start value="2000-01-01"/>
        </period>
        <organization>
          <identifier>
            <extension url="http://hlth.gov.bc.ca/fhir/provider/StructureDefinition/bc-owner-extension">
              <valueIdentifier>
                <assigner>
                  <display value="MOH"/>
                </assigner>
              </valueIdentifier>
            </extension>
            <system value="http://hlth.gov.bc.ca/fhir/provider/identifier-system/IPC"/>
            <value value="IPC.00147437.BC.PRS"/>
            <period>
              <start value="2000-01-01"/>
            </period>
          </identifier>
        </organization>
        <code>
          <coding>
            <system value="https://terminology.hlth.gov.bc.ca/ProviderLocationRegistry/CodeSystem/bc-location-relationship-type-code-system"/>
            <code value="operatesfrom"/>
          </coding>
        </code>
        <location>
          <identifier>
            <system value="http://hlth.gov.bc.ca/fhir/provider/identifier-system/IFC"/>
            <value value="IFC.00047422.BC.PRS"/>
            <period>
              <start value="2000-01-01"/>
            </period>
          </identifier>
        </location>
      </OrganizationAffiliation>
    </resource>
  </entry>
</Bundle>