{
  "resourceType" : "CodeSystem",
  "id" : "bc-license-status-class-code-system",
  "text" : {
    "status" : "generated",
    "div" : "<div xmlns=\"http://www.w3.org/1999/xhtml\"><p>This code system <code>https://terminology.hlth.gov.bc.ca/ProviderLocationRegistry/CodeSystem/bc-license-status-class-code-system</code> defines the following codes:</p><table class=\"codes\"><tr><td style=\"white-space:nowrap\"><b>Code</b></td><td><b>Definition</b></td></tr><tr><td style=\"white-space:nowrap\">lic<a name=\"bc-license-status-class-code-system-lic\"> </a></td><td>Licensure</td></tr><tr><td style=\"white-space:nowrap\">ae<a name=\"bc-license-status-class-code-system-ae\"> </a></td><td>Assigned Entity</td></tr></table></div>"
  },
  "url" : "https://terminology.hlth.gov.bc.ca/ProviderLocationRegistry/CodeSystem/bc-license-status-class-code-system",
  "version" : "1.0.0",
  "name" : "LicenseStatusClassCS",
  "title" : "BC License Status Class Code System",
  "status" : "active",
  "experimental" : false,
  "date" : "2022-12-20T23:28:16+00:00",
  "publisher" : "BC Ministry of Health",
  "contact" : [{
    "name" : "BC Ministry of Health",
    "telecom" : [{
      "system" : "url",
      "value" : "https://www2.gov.bc.ca/gov/content/governments/organizational-structure/ministries-organizations/ministries/health"
    }]
  }],
  "description" : "BC specific license status class code system.",
  "jurisdiction" : [{
    "coding" : [{
      "system" : "urn:iso:std:iso:3166",
      "code" : "CA",
      "display" : "Canada"
    }]
  }],
  "content" : "complete",
  "count" : 2,
  "concept" : [{
    "code" : "lic",
    "display" : "lic",
    "definition" : "Licensure"
  },
  {
    "code" : "ae",
    "display" : "ae",
    "definition" : "Assigned Entity"
  }]
}