<?xml version="1.0" encoding="UTF-8"?>

<ImplementationGuide xmlns="http://hl7.org/fhir">
  <id value="fhir.ca-bc.provider"/>
  <text>
    <status value="extensions"/><div xmlns="http://www.w3.org/1999/xhtml"><h2>BCProviderRegistry</h2><p>The official URL for this implementation guide is: </p><pre>http://hl7.org/fhir/ca-bc/provider/ImplementationGuide/fhir.ca-bc.provider</pre><div><p>FHIR Implementation Guide for BC MOH Provider Registry</p>
</div></div>
  </text>
  <url value="http://hl7.org/fhir/ca-bc/provider/ImplementationGuide/fhir.ca-bc.provider"/>
  <version value="0.1.0"/>
  <name value="BCProviderRegistry"/>
  <title value="BC Provider Location Registry FHIR Implementation Guide"/>
  <status value="draft"/>
  <date value="2022-11-17T22:26:34+00:00"/>
  <publisher value="BC Ministry of Health"/>
  <contact>
    <name value="BC Ministry of Health"/>
    <telecom>
      <system value="url"/>
      <value value="https://www2.gov.bc.ca/gov/content/governments/organizational-structure/ministries-organizations/ministries/health"/>
    </telecom>
  </contact>
  <description value="FHIR Implementation Guide for BC MOH Provider Registry"/>
  <jurisdiction>
    <coding>
      <system value="urn:iso:std:iso:3166"/>
      <code value="CA"/>
      <display value="Canada"/>
    </coding>
  </jurisdiction>
  <packageId value="fhir.ca-bc.provider"/>
  <license value="CC0-1.0"/>
  <fhirVersion value="4.0.1"/>
  <dependsOn id="hl7tx">
    <extension url="http://hl7.org/fhir/tools/StructureDefinition/implementationguide-dependency-comment">
      <valueMarkdown value="Automatically added as a dependency - all IGs depend on HL7 Terminology"/>
    </extension>
    <uri value="http://terminology.hl7.org/ImplementationGuide/hl7.terminology"/>
    <packageId value="hl7.terminology.r4"/>
    <version value="5.0.0"/>
  </dependsOn>
  <dependsOn id="hl7_fhir_ca_baseline">
    <uri value="http://hl7.org/fhir/ca/baseline/ImplementationGuide/hl7.fhir.ca.baseline"/>
    <packageId value="hl7.fhir.ca.baseline"/>
    <version value="current"/>
  </dependsOn>
  <definition>
    <extension url="http://hl7.org/fhir/tools/StructureDefinition/ig-parameter">
      <extension url="code">
        <valueString value="copyrightyear"/>
      </extension>
      <extension url="value">
        <valueString value="2020+"/>
      </extension>
    </extension>
    <extension url="http://hl7.org/fhir/tools/StructureDefinition/ig-parameter">
      <extension url="code">
        <valueString value="releaselabel"/>
      </extension>
      <extension url="value">
        <valueString value="Build CI"/>
      </extension>
    </extension>
    <extension url="http://hl7.org/fhir/tools/StructureDefinition/ig-parameter">
      <extension url="code">
        <valueString value="path-history"/>
      </extension>
      <extension url="value">
        <valueString value="http://hl7.org/fhir/ca-bc/provider/history.html"/>
      </extension>
    </extension>
    <extension url="http://hl7.org/fhir/tools/StructureDefinition/ig-parameter">
      <extension url="code">
        <valueString value="autoload-resources"/>
      </extension>
      <extension url="value">
        <valueString value="true"/>
      </extension>
    </extension>
    <extension url="http://hl7.org/fhir/tools/StructureDefinition/ig-parameter">
      <extension url="code">
        <valueString value="path-liquid"/>
      </extension>
      <extension url="value">
        <valueString value="template/liquid"/>
      </extension>
    </extension>
    <extension url="http://hl7.org/fhir/tools/StructureDefinition/ig-parameter">
      <extension url="code">
        <valueString value="path-liquid"/>
      </extension>
      <extension url="value">
        <valueString value="input/liquid"/>
      </extension>
    </extension>
    <extension url="http://hl7.org/fhir/tools/StructureDefinition/ig-parameter">
      <extension url="code">
        <valueString value="path-qa"/>
      </extension>
      <extension url="value">
        <valueString value="temp/qa"/>
      </extension>
    </extension>
    <extension url="http://hl7.org/fhir/tools/StructureDefinition/ig-parameter">
      <extension url="code">
        <valueString value="path-temp"/>
      </extension>
      <extension url="value">
        <valueString value="temp/pages"/>
      </extension>
    </extension>
    <extension url="http://hl7.org/fhir/tools/StructureDefinition/ig-parameter">
      <extension url="code">
        <valueString value="path-output"/>
      </extension>
      <extension url="value">
        <valueString value="output"/>
      </extension>
    </extension>
    <extension url="http://hl7.org/fhir/tools/StructureDefinition/ig-parameter">
      <extension url="code">
        <valueString value="path-suppressed-warnings"/>
      </extension>
      <extension url="value">
        <valueString value="input/ignoreWarnings.txt"/>
      </extension>
    </extension>
    <extension url="http://hl7.org/fhir/tools/StructureDefinition/ig-parameter">
      <extension url="code">
        <valueString value="template-html"/>
      </extension>
      <extension url="value">
        <valueString value="template-page.html"/>
      </extension>
    </extension>
    <extension url="http://hl7.org/fhir/tools/StructureDefinition/ig-parameter">
      <extension url="code">
        <valueString value="template-md"/>
      </extension>
      <extension url="value">
        <valueString value="template-page-md.html"/>
      </extension>
    </extension>
    <extension url="http://hl7.org/fhir/tools/StructureDefinition/ig-parameter">
      <extension url="code">
        <valueString value="apply-contact"/>
      </extension>
      <extension url="value">
        <valueString value="true"/>
      </extension>
    </extension>
    <extension url="http://hl7.org/fhir/tools/StructureDefinition/ig-parameter">
      <extension url="code">
        <valueString value="apply-context"/>
      </extension>
      <extension url="value">
        <valueString value="true"/>
      </extension>
    </extension>
    <extension url="http://hl7.org/fhir/tools/StructureDefinition/ig-parameter">
      <extension url="code">
        <valueString value="apply-copyright"/>
      </extension>
      <extension url="value">
        <valueString value="true"/>
      </extension>
    </extension>
    <extension url="http://hl7.org/fhir/tools/StructureDefinition/ig-parameter">
      <extension url="code">
        <valueString value="apply-jurisdiction"/>
      </extension>
      <extension url="value">
        <valueString value="true"/>
      </extension>
    </extension>
    <extension url="http://hl7.org/fhir/tools/StructureDefinition/ig-parameter">
      <extension url="code">
        <valueString value="apply-license"/>
      </extension>
      <extension url="value">
        <valueString value="true"/>
      </extension>
    </extension>
    <extension url="http://hl7.org/fhir/tools/StructureDefinition/ig-parameter">
      <extension url="code">
        <valueString value="apply-publisher"/>
      </extension>
      <extension url="value">
        <valueString value="true"/>
      </extension>
    </extension>
    <extension url="http://hl7.org/fhir/tools/StructureDefinition/ig-parameter">
      <extension url="code">
        <valueString value="apply-version"/>
      </extension>
      <extension url="value">
        <valueString value="true"/>
      </extension>
    </extension>
    <extension url="http://hl7.org/fhir/tools/StructureDefinition/ig-parameter">
      <extension url="code">
        <valueString value="active-tables"/>
      </extension>
      <extension url="value">
        <valueString value="true"/>
      </extension>
    </extension>
    <extension url="http://hl7.org/fhir/tools/StructureDefinition/ig-parameter">
      <extension url="code">
        <valueString value="fmm-definition"/>
      </extension>
      <extension url="value">
        <valueString value="http://hl7.org/fhir/versions.html#maturity"/>
      </extension>
    </extension>
    <extension url="http://hl7.org/fhir/tools/StructureDefinition/ig-parameter">
      <extension url="code">
        <valueString value="propagate-status"/>
      </extension>
      <extension url="value">
        <valueString value="true"/>
      </extension>
    </extension>
    <extension url="http://hl7.org/fhir/tools/StructureDefinition/ig-parameter">
      <extension url="code">
        <valueString value="excludelogbinaryformat"/>
      </extension>
      <extension url="value">
        <valueString value="true"/>
      </extension>
    </extension>
    <extension url="http://hl7.org/fhir/tools/StructureDefinition/ig-parameter">
      <extension url="code">
        <valueString value="tabbed-snapshots"/>
      </extension>
      <extension url="value">
        <valueString value="true"/>
      </extension>
    </extension>
    <extension url="http://hl7.org/fhir/tools/StructureDefinition/ig-parameter">
      <extension url="code">
        <valueString value="copyrightyear"/>
      </extension>
      <extension url="value">
        <valueString value="2020+"/>
      </extension>
    </extension>
    <extension url="http://hl7.org/fhir/tools/StructureDefinition/ig-parameter">
      <extension url="code">
        <valueString value="releaselabel"/>
      </extension>
      <extension url="value">
        <valueString value="Build CI"/>
      </extension>
    </extension>
    <extension url="http://hl7.org/fhir/tools/StructureDefinition/ig-parameter">
      <extension url="code">
        <valueString value="path-history"/>
      </extension>
      <extension url="value">
        <valueString value="http://hl7.org/fhir/ca-bc/provider/history.html"/>
      </extension>
    </extension>
    <extension url="http://hl7.org/fhir/tools/StructureDefinition/ig-parameter">
      <extension url="code">
        <valueString value="autoload-resources"/>
      </extension>
      <extension url="value">
        <valueString value="true"/>
      </extension>
    </extension>
    <extension url="http://hl7.org/fhir/tools/StructureDefinition/ig-parameter">
      <extension url="code">
        <valueString value="path-liquid"/>
      </extension>
      <extension url="value">
        <valueString value="template/liquid"/>
      </extension>
    </extension>
    <extension url="http://hl7.org/fhir/tools/StructureDefinition/ig-parameter">
      <extension url="code">
        <valueString value="path-liquid"/>
      </extension>
      <extension url="value">
        <valueString value="input/liquid"/>
      </extension>
    </extension>
    <extension url="http://hl7.org/fhir/tools/StructureDefinition/ig-parameter">
      <extension url="code">
        <valueString value="path-qa"/>
      </extension>
      <extension url="value">
        <valueString value="temp/qa"/>
      </extension>
    </extension>
    <extension url="http://hl7.org/fhir/tools/StructureDefinition/ig-parameter">
      <extension url="code">
        <valueString value="path-temp"/>
      </extension>
      <extension url="value">
        <valueString value="temp/pages"/>
      </extension>
    </extension>
    <extension url="http://hl7.org/fhir/tools/StructureDefinition/ig-parameter">
      <extension url="code">
        <valueString value="path-output"/>
      </extension>
      <extension url="value">
        <valueString value="output"/>
      </extension>
    </extension>
    <extension url="http://hl7.org/fhir/tools/StructureDefinition/ig-parameter">
      <extension url="code">
        <valueString value="path-suppressed-warnings"/>
      </extension>
      <extension url="value">
        <valueString value="input/ignoreWarnings.txt"/>
      </extension>
    </extension>
    <extension url="http://hl7.org/fhir/tools/StructureDefinition/ig-parameter">
      <extension url="code">
        <valueString value="template-html"/>
      </extension>
      <extension url="value">
        <valueString value="template-page.html"/>
      </extension>
    </extension>
    <extension url="http://hl7.org/fhir/tools/StructureDefinition/ig-parameter">
      <extension url="code">
        <valueString value="template-md"/>
      </extension>
      <extension url="value">
        <valueString value="template-page-md.html"/>
      </extension>
    </extension>
    <extension url="http://hl7.org/fhir/tools/StructureDefinition/ig-parameter">
      <extension url="code">
        <valueString value="apply-contact"/>
      </extension>
      <extension url="value">
        <valueString value="true"/>
      </extension>
    </extension>
    <extension url="http://hl7.org/fhir/tools/StructureDefinition/ig-parameter">
      <extension url="code">
        <valueString value="apply-context"/>
      </extension>
      <extension url="value">
        <valueString value="true"/>
      </extension>
    </extension>
    <extension url="http://hl7.org/fhir/tools/StructureDefinition/ig-parameter">
      <extension url="code">
        <valueString value="apply-copyright"/>
      </extension>
      <extension url="value">
        <valueString value="true"/>
      </extension>
    </extension>
    <extension url="http://hl7.org/fhir/tools/StructureDefinition/ig-parameter">
      <extension url="code">
        <valueString value="apply-jurisdiction"/>
      </extension>
      <extension url="value">
        <valueString value="true"/>
      </extension>
    </extension>
    <extension url="http://hl7.org/fhir/tools/StructureDefinition/ig-parameter">
      <extension url="code">
        <valueString value="apply-license"/>
      </extension>
      <extension url="value">
        <valueString value="true"/>
      </extension>
    </extension>
    <extension url="http://hl7.org/fhir/tools/StructureDefinition/ig-parameter">
      <extension url="code">
        <valueString value="apply-publisher"/>
      </extension>
      <extension url="value">
        <valueString value="true"/>
      </extension>
    </extension>
    <extension url="http://hl7.org/fhir/tools/StructureDefinition/ig-parameter">
      <extension url="code">
        <valueString value="apply-version"/>
      </extension>
      <extension url="value">
        <valueString value="true"/>
      </extension>
    </extension>
    <extension url="http://hl7.org/fhir/tools/StructureDefinition/ig-parameter">
      <extension url="code">
        <valueString value="active-tables"/>
      </extension>
      <extension url="value">
        <valueString value="true"/>
      </extension>
    </extension>
    <extension url="http://hl7.org/fhir/tools/StructureDefinition/ig-parameter">
      <extension url="code">
        <valueString value="fmm-definition"/>
      </extension>
      <extension url="value">
        <valueString value="http://hl7.org/fhir/versions.html#maturity"/>
      </extension>
    </extension>
    <extension url="http://hl7.org/fhir/tools/StructureDefinition/ig-parameter">
      <extension url="code">
        <valueString value="propagate-status"/>
      </extension>
      <extension url="value">
        <valueString value="true"/>
      </extension>
    </extension>
    <extension url="http://hl7.org/fhir/tools/StructureDefinition/ig-parameter">
      <extension url="code">
        <valueString value="excludelogbinaryformat"/>
      </extension>
      <extension url="value">
        <valueString value="true"/>
      </extension>
    </extension>
    <extension url="http://hl7.org/fhir/tools/StructureDefinition/ig-parameter">
      <extension url="code">
        <valueString value="tabbed-snapshots"/>
      </extension>
      <extension url="value">
        <valueString value="true"/>
      </extension>
    </extension>
    <grouping id="Capabilities">
      <name value="Capabilities"/>
      <description value="PLR Capability Statements"/>
    </grouping>
    <grouping id="Operations">
      <name value="Operations"/>
      <description value="Operation definitions"/>
    </grouping>
    <grouping id="OperationsRequestExamples">
      <name value="Operations Request Examples"/>
      <description value="Operation request examples"/>
    </grouping>
    <grouping id="OperationsResponseExamples">
      <name value="Operations Response Examples"/>
      <description value="Operation response examples"/>
    </grouping>
    <grouping id="Bundles">
      <name value="Bundles"/>
      <description value="Inbound Distribution/Maintain and Batch Bundles"/>
    </grouping>
    <grouping id="Practitioner">
      <name value="Practitioner"/>
      <description value="Artifacts associated with Practitioners"/>
    </grouping>
    <grouping id="Organization">
      <name value="Organization"/>
      <description value="Artifacts associated with Organizations"/>
    </grouping>
    <grouping id="Facility">
      <name value="Facility"/>
      <description value="Artifacts associated with Facilities"/>
    </grouping>
    <grouping id="AtomicRestfulQueryResponse">
      <name value="Atomic RESTful Query"/>
      <description value="Atomic RESTful Query Responses"/>
    </grouping>
    <grouping id="Extensions">
      <name value="Extensions"/>
      <description value="Extensions used across all groupings"/>
    </grouping>
    <resource>
      <extension url="http://hl7.org/fhir/tools/StructureDefinition/resource-information">
        <valueString value="StructureDefinition:complex-type"/>
      </extension>
      <reference>
        <reference value="StructureDefinition/bc-address"/>
      </reference>
      <name value="BCAddress"/>
      <description value="Adds an end reason, communication purpose and validation status to the address."/>
      <exampleBoolean value="false"/>
    </resource>
    <resource>
      <extension url="http://hl7.org/fhir/tools/StructureDefinition/resource-information">
        <valueString value="StructureDefinition:resource"/>
      </extension>
      <reference>
        <reference value="StructureDefinition/bc-batch-bundle"/>
      </reference>
      <name value="BCBatchBundle"/>
      <description value="A Bundle that is used in the PLR Batch operation."/>
      <exampleBoolean value="false"/>
      <groupingId value="Bundles"/>
    </resource>
    <resource>
      <extension url="http://hl7.org/fhir/tools/StructureDefinition/resource-information">
        <valueString value="StructureDefinition:complex-type"/>
      </extension>
      <reference>
        <reference value="StructureDefinition/bc-contactPoint"/>
      </reference>
      <name value="BCContactPoint"/>
      <description value="Adds an end reason and extra contact information."/>
      <exampleBoolean value="false"/>
    </resource>
    <resource>
      <extension url="http://hl7.org/fhir/tools/StructureDefinition/resource-information">
        <valueString value="StructureDefinition:complex-type"/>
      </extension>
      <reference>
        <reference value="StructureDefinition/bc-humanName"/>
      </reference>
      <name value="BCHumanName"/>
      <description value="Adds an end reason and a use code to a name."/>
      <exampleBoolean value="false"/>
    </resource>
    <resource>
      <extension url="http://hl7.org/fhir/tools/StructureDefinition/resource-information">
        <valueString value="StructureDefinition:complex-type"/>
      </extension>
      <reference>
        <reference value="StructureDefinition/bc-identifier"/>
      </reference>
      <name value="BCIdentifier"/>
      <description value="Adds an end reason to the identifier."/>
      <exampleBoolean value="false"/>
    </resource>
    <resource>
      <extension url="http://hl7.org/fhir/tools/StructureDefinition/resource-information">
        <valueString value="StructureDefinition:resource"/>
      </extension>
      <reference>
        <reference value="StructureDefinition/bc-location"/>
      </reference>
      <name value="BCLocation"/>
      <description value="General constraints on the Location resource for use in the BC Provider Registry project."/>
      <exampleBoolean value="false"/>
      <groupingId value="Facility"/>
    </resource>
    <resource>
      <extension url="http://hl7.org/fhir/tools/StructureDefinition/resource-information">
        <valueString value="StructureDefinition:resource"/>
      </extension>
      <reference>
        <reference value="StructureDefinition/bc-location-bundle"/>
      </reference>
      <name value="BCLocationBundle"/>
      <description value="A bundle that submits Location information."/>
      <exampleBoolean value="false"/>
      <groupingId value="Bundles"/>
    </resource>
    <resource>
      <extension url="http://hl7.org/fhir/tools/StructureDefinition/resource-information">
        <valueString value="StructureDefinition:resource"/>
      </extension>
      <reference>
        <reference value="StructureDefinition/bc-operation-outcome"/>
      </reference>
      <name value="BCOperationOutcome"/>
      <description value="OperationOutcome for BC."/>
      <exampleBoolean value="false"/>
      <groupingId value="Extensions"/>
    </resource>
    <resource>
      <extension url="http://hl7.org/fhir/tools/StructureDefinition/resource-information">
        <valueString value="StructureDefinition:resource"/>
      </extension>
      <reference>
        <reference value="StructureDefinition/bc-organization"/>
      </reference>
      <name value="BCOrganization"/>
      <description value="General constraints on the Organization resource for use in the BC Provider Registry project."/>
      <exampleBoolean value="false"/>
      <groupingId value="Organization"/>
    </resource>
    <resource>
      <extension url="http://hl7.org/fhir/tools/StructureDefinition/resource-information">
        <valueString value="StructureDefinition:resource"/>
      </extension>
      <reference>
        <reference value="StructureDefinition/bc-organization-affiliation"/>
      </reference>
      <name value="BCOrganizationAffiliation"/>
      <description value="General constraints on the OrganizationAffiliation resource for use in the BC Provider Registry project."/>
      <exampleBoolean value="false"/>
      <groupingId value="Organization"/>
    </resource>
    <resource>
      <extension url="http://hl7.org/fhir/tools/StructureDefinition/resource-information">
        <valueString value="StructureDefinition:resource"/>
      </extension>
      <reference>
        <reference value="StructureDefinition/bc-organization-bundle"/>
      </reference>
      <name value="BCOrganizationBundle"/>
      <description value="A bundle that submits Organization and OrganizationAffiliation information."/>
      <exampleBoolean value="false"/>
      <groupingId value="Bundles"/>
    </resource>
    <resource>
      <extension url="http://hl7.org/fhir/tools/StructureDefinition/resource-information">
        <valueString value="StructureDefinition:resource"/>
      </extension>
      <reference>
        <reference value="StructureDefinition/bc-practitioner"/>
      </reference>
      <name value="BCPractitioner"/>
      <description value="General constraints on the Practitioner resource for use in the BC Provider Registry project."/>
      <exampleBoolean value="false"/>
      <groupingId value="Practitioner"/>
    </resource>
    <resource>
      <extension url="http://hl7.org/fhir/tools/StructureDefinition/resource-information">
        <valueString value="StructureDefinition:resource"/>
      </extension>
      <reference>
        <reference value="StructureDefinition/bc-practitioner-bundle"/>
      </reference>
      <name value="BCPractitionerBundle"/>
      <description value="A bundle that submits Practitioner and PractitionerRole information."/>
      <exampleBoolean value="false"/>
      <groupingId value="Bundles"/>
    </resource>
    <resource>
      <extension url="http://hl7.org/fhir/tools/StructureDefinition/resource-information">
        <valueString value="StructureDefinition:resource"/>
      </extension>
      <reference>
        <reference value="StructureDefinition/bc-practitioner-role"/>
      </reference>
      <name value="BCPractitionerRole"/>
      <description value="General constraints on the PractitionerRole resource for use in the BC Provider Registry project."/>
      <exampleBoolean value="false"/>
      <groupingId value="Practitioner"/>
    </resource>
    <resource>
      <extension url="http://hl7.org/fhir/tools/StructureDefinition/resource-information">
        <valueString value="StructureDefinition:resource"/>
      </extension>
      <reference>
        <reference value="StructureDefinition/bc-role-relationships"/>
      </reference>
      <name value="BCRoleRelationships"/>
      <description value="General constraints on the PractitionerRole resource for use in the BC Provider Registry project to describe relationships."/>
      <exampleBoolean value="false"/>
      <groupingId value="Practitioner"/>
    </resource>
    <resource>
      <extension url="http://hl7.org/fhir/tools/StructureDefinition/resource-information">
        <valueString value="StructureDefinition:extension"/>
      </extension>
      <reference>
        <reference value="StructureDefinition/bc-address-validation-status-extension"/>
      </reference>
      <name value="BC Address Validataion Extension"/>
      <description value="BC extension for address validation status codes."/>
      <exampleBoolean value="false"/>
      <groupingId value="Extensions"/>
    </resource>
    <resource>
      <extension url="http://hl7.org/fhir/tools/StructureDefinition/resource-information">
        <valueString value="StructureDefinition:extension"/>
      </extension>
      <reference>
        <reference value="StructureDefinition/bc-birthplace-extension"/>
      </reference>
      <name value="BC Birth Place Extension"/>
      <description value="Captures the place where a patient/practitioner/person was born."/>
      <exampleBoolean value="false"/>
      <groupingId value="Extensions"/>
    </resource>
    <resource>
      <extension url="http://hl7.org/fhir/tools/StructureDefinition/resource-information">
        <valueString value="StructureDefinition:extension"/>
      </extension>
      <reference>
        <reference value="StructureDefinition/bc-birthtime-extension"/>
      </reference>
      <name value="BC Birth Time Extension"/>
      <description value="Adds birth time to the birth date."/>
      <exampleBoolean value="false"/>
      <groupingId value="Extensions"/>
    </resource>
    <resource>
      <extension url="http://hl7.org/fhir/tools/StructureDefinition/resource-information">
        <valueString value="StructureDefinition:extension"/>
      </extension>
      <reference>
        <reference value="StructureDefinition/bc-communication-purpose-code-extension"/>
      </reference>
      <name value="BC Communication Purpose Extension"/>
      <description value="BC extension for communication purpose codes."/>
      <exampleBoolean value="false"/>
      <groupingId value="Extensions"/>
    </resource>
    <resource>
      <extension url="http://hl7.org/fhir/tools/StructureDefinition/resource-information">
        <valueString value="StructureDefinition:extension"/>
      </extension>
      <reference>
        <reference value="StructureDefinition/bc-facility-community-health-service-area-extension"/>
      </reference>
      <name value="BC Facility Community Health Service Area Extension"/>
      <description value="A code that represents the community health service area that the location is a part of."/>
      <exampleBoolean value="false"/>
      <groupingId value="Extensions"/>
    </resource>
    <resource>
      <extension url="http://hl7.org/fhir/tools/StructureDefinition/resource-information">
        <valueString value="StructureDefinition:extension"/>
      </extension>
      <reference>
        <reference value="StructureDefinition/bc-confidentiality-extension"/>
      </reference>
      <name value="BC Confidentiality Extension"/>
      <description value="Indicates the confidentiality of a BC provider's (practitioner or organization) information."/>
      <exampleBoolean value="false"/>
      <groupingId value="Extensions"/>
    </resource>
    <resource>
      <extension url="http://hl7.org/fhir/tools/StructureDefinition/resource-information">
        <valueString value="StructureDefinition:extension"/>
      </extension>
      <reference>
        <reference value="StructureDefinition/bc-practitioner-deathdate-extension"/>
      </reference>
      <name value="BC Practitioner Date of Death Extension"/>
      <description value="The Date of Death of a Practitioner."/>
      <exampleBoolean value="false"/>
      <groupingId value="Extensions"/>
    </resource>
    <resource>
      <extension url="http://hl7.org/fhir/tools/StructureDefinition/resource-information">
        <valueString value="StructureDefinition:extension"/>
      </extension>
      <reference>
        <reference value="StructureDefinition/bc-end-reason-extension"/>
      </reference>
      <name value="BC End Reason Extension"/>
      <description value="Tracking end reason."/>
      <exampleBoolean value="false"/>
      <groupingId value="Extensions"/>
    </resource>
    <resource>
      <extension url="http://hl7.org/fhir/tools/StructureDefinition/resource-information">
        <valueString value="StructureDefinition:extension"/>
      </extension>
      <reference>
        <reference value="StructureDefinition/bc-facility-details-extension"/>
      </reference>
      <name value="BC Facility Details Extension"/>
      <description value="Provides the details of a facility as represented by a FHIR location."/>
      <exampleBoolean value="false"/>
      <groupingId value="Extensions"/>
    </resource>
    <resource>
      <extension url="http://hl7.org/fhir/tools/StructureDefinition/resource-information">
        <valueString value="StructureDefinition:extension"/>
      </extension>
      <reference>
        <reference value="StructureDefinition/bc-license-status-extension"/>
      </reference>
      <name value="BC License Status Extension"/>
      <description value="Tracking the status and changes to the status of a practitioner/organization license."/>
      <exampleBoolean value="false"/>
      <groupingId value="Extensions"/>
    </resource>
    <resource>
      <extension url="http://hl7.org/fhir/tools/StructureDefinition/resource-information">
        <valueString value="StructureDefinition:extension"/>
      </extension>
      <reference>
        <reference value="StructureDefinition/bc-location-relationship-type-extension"/>
      </reference>
      <name value="BC Practitioner to Location Type Extension."/>
      <description value="The relationship type of a Practitioner to Location relationship."/>
      <exampleBoolean value="false"/>
      <groupingId value="Extensions"/>
    </resource>
    <resource>
      <extension url="http://hl7.org/fhir/tools/StructureDefinition/resource-information">
        <valueString value="StructureDefinition:extension"/>
      </extension>
      <reference>
        <reference value="StructureDefinition/bc-facility-mailing-address-extension"/>
      </reference>
      <name value="BC Facility Mailing Address Extension"/>
      <description value="An optional mailing address for the facility."/>
      <exampleBoolean value="false"/>
      <groupingId value="Extensions"/>
    </resource>
    <resource>
      <extension url="http://hl7.org/fhir/tools/StructureDefinition/resource-information">
        <valueString value="StructureDefinition:extension"/>
      </extension>
      <reference>
        <reference value="StructureDefinition/bc-name-use-extension"/>
      </reference>
      <name value="BC Name Use Extension"/>
      <description value="Allows for use on a simple name string."/>
      <exampleBoolean value="false"/>
      <groupingId value="Extensions"/>
    </resource>
    <resource>
      <extension url="http://hl7.org/fhir/tools/StructureDefinition/resource-information">
        <valueString value="StructureDefinition:extension"/>
      </extension>
      <reference>
        <reference value="StructureDefinition/bc-note-extension"/>
      </reference>
      <name value="BC Notes Extension"/>
      <description value="Notes about the practitioner/location/organization."/>
      <exampleBoolean value="false"/>
      <groupingId value="Extensions"/>
    </resource>
    <resource>
      <extension url="http://hl7.org/fhir/tools/StructureDefinition/resource-information">
        <valueString value="StructureDefinition:extension"/>
      </extension>
      <reference>
        <reference value="StructureDefinition/bc-owner-extension"/>
      </reference>
      <name value="BC Owner Extension"/>
      <description value="Tracking the owner."/>
      <exampleBoolean value="false"/>
      <groupingId value="Extensions"/>
    </resource>
    <resource>
      <extension url="http://hl7.org/fhir/tools/StructureDefinition/resource-information">
        <valueString value="StructureDefinition:extension"/>
      </extension>
      <reference>
        <reference value="StructureDefinition/bc-period-extension"/>
      </reference>
      <name value="BC Valid Period Extension"/>
      <description value="The period for when the extended element is valid."/>
      <exampleBoolean value="false"/>
      <groupingId value="Extensions"/>
    </resource>
    <resource>
      <extension url="http://hl7.org/fhir/tools/StructureDefinition/resource-information">
        <valueString value="StructureDefinition:extension"/>
      </extension>
      <reference>
        <reference value="StructureDefinition/bc-practitioner-condition-extension"/>
      </reference>
      <name value="BC Practitioner Conditions Extension"/>
      <description value="Conditions on the provider's role"/>
      <exampleBoolean value="false"/>
      <groupingId value="Extensions"/>
    </resource>
    <resource>
      <extension url="http://hl7.org/fhir/tools/StructureDefinition/resource-information">
        <valueString value="StructureDefinition:extension"/>
      </extension>
      <reference>
        <reference value="StructureDefinition/bc-practitioner-disciplinary-action-extension"/>
      </reference>
      <name value="BC Practitioner Disciplinary Actions Extension"/>
      <description value="Provides details of disciplinary actions against the provider."/>
      <exampleBoolean value="false"/>
      <groupingId value="Extensions"/>
    </resource>
    <resource>
      <extension url="http://hl7.org/fhir/tools/StructureDefinition/resource-information">
        <valueString value="StructureDefinition:extension"/>
      </extension>
      <reference>
        <reference value="StructureDefinition/bc-practitioner-qualification-extension"/>
      </reference>
      <name value="BC Practitioner Qualification Extension"/>
      <description value="The qualifications extensions."/>
      <exampleBoolean value="false"/>
      <groupingId value="Extensions"/>
    </resource>
    <resource>
      <extension url="http://hl7.org/fhir/tools/StructureDefinition/resource-information">
        <valueString value="StructureDefinition:extension"/>
      </extension>
      <reference>
        <reference value="StructureDefinition/bc-practitioner-relationship-extension"/>
      </reference>
      <name value="BC Practitioner to Practitioner Relationship Extension"/>
      <description value="Allows for relationships of practitioners to practitioners without needing CareTeam semantics."/>
      <exampleBoolean value="false"/>
      <groupingId value="Extensions"/>
    </resource>
    <resource>
      <extension url="http://hl7.org/fhir/tools/StructureDefinition/resource-information">
        <valueString value="StructureDefinition:extension"/>
      </extension>
      <reference>
        <reference value="StructureDefinition/bc-relationship-type-extension"/>
      </reference>
      <name value="BC Practitioner to Organization or Practitioner to Practitioner Type Extension."/>
      <description value="The relationship type of a Practitioner to Organization or Practitioner to Practitioner relationship."/>
      <exampleBoolean value="false"/>
      <groupingId value="Extensions"/>
    </resource>
    <resource>
      <extension url="http://hl7.org/fhir/tools/StructureDefinition/resource-information">
        <valueString value="StructureDefinition:extension"/>
      </extension>
      <reference>
        <reference value="StructureDefinition/bc-specialty-source-extension"/>
      </reference>
      <name value="BC Specialty Source Extension"/>
      <description value="The specialty source."/>
      <exampleBoolean value="false"/>
      <groupingId value="Extensions"/>
    </resource>
    <resource>
      <extension url="http://hl7.org/fhir/tools/StructureDefinition/resource-information">
        <valueString value="ValueSet"/>
      </extension>
      <reference>
        <reference value="ValueSet/bc-expertise-value-set"/>
      </reference>
      <name value="BC Expertise Value Set"/>
      <description value="BC Expertise value set."/>
      <exampleBoolean value="false"/>
    </resource>
    <resource>
      <extension url="http://hl7.org/fhir/tools/StructureDefinition/resource-information">
        <valueString value="ValueSet"/>
      </extension>
      <reference>
        <reference value="ValueSet/bc-language-value-set"/>
      </reference>
      <name value="BC Language Value Set"/>
      <description value="BC Language value set."/>
      <exampleBoolean value="false"/>
    </resource>
    <resource>
      <extension url="http://hl7.org/fhir/tools/StructureDefinition/resource-information">
        <valueString value="ValueSet"/>
      </extension>
      <reference>
        <reference value="ValueSet/bc-license-status-reason-value-set"/>
      </reference>
      <name value="BC License Status Reason Value Set"/>
      <description value="BC specific license status reason value set."/>
      <exampleBoolean value="false"/>
    </resource>
    <resource>
      <extension url="http://hl7.org/fhir/tools/StructureDefinition/resource-information">
        <valueString value="ValueSet"/>
      </extension>
      <reference>
        <reference value="ValueSet/bc-license-status-value-set"/>
      </reference>
      <name value="BC License Status Value Set"/>
      <description value="BC specific license status value set."/>
      <exampleBoolean value="false"/>
    </resource>
    <resource>
      <extension url="http://hl7.org/fhir/tools/StructureDefinition/resource-information">
        <valueString value="ValueSet"/>
      </extension>
      <reference>
        <reference value="ValueSet/bc-qualification-value-set"/>
      </reference>
      <name value="BC Practitioner QUalification Value Set"/>
      <description value="BC specific qualification value set."/>
      <exampleBoolean value="false"/>
    </resource>
    <resource>
      <extension url="http://hl7.org/fhir/tools/StructureDefinition/resource-information">
        <valueString value="ValueSet"/>
      </extension>
      <reference>
        <reference value="ValueSet/bc-practitioner-role-value-set"/>
      </reference>
      <name value="Practitioner Role Code Value Set"/>
      <description value="BC Practitioner Role Codes."/>
      <exampleBoolean value="false"/>
    </resource>
    <resource>
      <extension url="http://hl7.org/fhir/tools/StructureDefinition/resource-information">
        <valueString value="CodeSystem"/>
      </extension>
      <reference>
        <reference value="CodeSystem/bc-license-status-code-system"/>
      </reference>
      <name value="BC License Status Codes"/>
      <description value="BC specific license status code system."/>
      <exampleBoolean value="false"/>
    </resource>
    <resource>
      <extension url="http://hl7.org/fhir/tools/StructureDefinition/resource-information">
        <valueString value="CodeSystem"/>
      </extension>
      <reference>
        <reference value="CodeSystem/bc-practitioner-role-code-system"/>
      </reference>
      <name value="BC-Specific Practitioner Role Codes"/>
      <description value="BC-Specific codes for practitioner roles."/>
      <exampleBoolean value="false"/>
    </resource>
    <resource>
      <extension url="http://hl7.org/fhir/tools/StructureDefinition/resource-information">
        <valueString value="Bundle"/>
      </extension>
      <reference>
        <reference value="Bundle/Example-AddLocation-Bundle"/>
      </reference>
      <name value="Example-AddLocation-Bundle"/>
      <description value="An example of bundle that is adding a location."/>
      <exampleCanonical value="http://hl7.org/fhir/ca-bc/provider/StructureDefinition/bc-location-bundle"/>
      <groupingId value="Bundles"/>
    </resource>
    <resource>
      <extension url="http://hl7.org/fhir/tools/StructureDefinition/resource-information">
        <valueString value="Bundle"/>
      </extension>
      <reference>
        <reference value="Bundle/Example-AddOrganization-Bundle"/>
      </reference>
      <name value="Example-AddOrganization-Bundle"/>
      <description value="Example of a Bundle of resources that are needed to create an Organization."/>
      <exampleCanonical value="http://hl7.org/fhir/ca-bc/provider/StructureDefinition/bc-organization-bundle"/>
      <groupingId value="Bundles"/>
    </resource>
    <resource>
      <extension url="http://hl7.org/fhir/tools/StructureDefinition/resource-information">
        <valueString value="Bundle"/>
      </extension>
      <reference>
        <reference value="Bundle/Example-AddPractitioner-Bundle"/>
      </reference>
      <name value="Example-AddPractitioner-Bundle"/>
      <description value="Example of a bundle of resources sent when requesting a practitioner create."/>
      <exampleCanonical value="http://hl7.org/fhir/ca-bc/provider/StructureDefinition/bc-practitioner-bundle"/>
      <groupingId value="Bundles"/>
    </resource>
    <resource>
      <extension url="http://hl7.org/fhir/tools/StructureDefinition/resource-information">
        <valueString value="Bundle"/>
      </extension>
      <reference>
        <reference value="Bundle/Example-AddPractitioner-Bundle-Response"/>
      </reference>
      <name value="Example-AddPractitioner-Bundle-Response"/>
      <description value="Example of a bundle of resources sent when responding to a practitioner create."/>
      <exampleCanonical value="http://hl7.org/fhir/ca-bc/provider/StructureDefinition/bc-practitioner-bundle"/>
    </resource>
    <resource>
      <extension url="http://hl7.org/fhir/tools/StructureDefinition/resource-information">
        <valueString value="Practitioner"/>
      </extension>
      <reference>
        <reference value="Practitioner/Example-AddPractitioner-Practitioner"/>
      </reference>
      <name value="Example-AddPractitioner-Practitioner"/>
      <description value="Example of a BC practitioner that is being created."/>
      <exampleCanonical value="http://hl7.org/fhir/ca-bc/provider/StructureDefinition/bc-practitioner"/>
    </resource>
    <resource>
      <extension url="http://hl7.org/fhir/tools/StructureDefinition/resource-information">
        <valueString value="Location"/>
      </extension>
      <reference>
        <reference value="Location/Example-AddPractitioner-WorkLocation"/>
      </reference>
      <name value="Example-AddPractitioner-WorkLocation"/>
      <description value="Example of a Location (Facility) that is the work location for a Practitioner."/>
      <exampleCanonical value="http://hl7.org/fhir/ca-bc/provider/StructureDefinition/bc-location"/>
    </resource>
    <resource>
      <extension url="http://hl7.org/fhir/tools/StructureDefinition/resource-information">
        <valueString value="Location"/>
      </extension>
      <reference>
        <reference value="Location/Example-Atomic-Location"/>
      </reference>
      <name value="Example-Atomic-Location"/>
      <description value="Example of a Location."/>
      <exampleCanonical value="http://hl7.org/fhir/ca-bc/provider/StructureDefinition/bc-location"/>
      <groupingId value="AtomicRestfulQueryResponse"/>
    </resource>
    <resource>
      <extension url="http://hl7.org/fhir/tools/StructureDefinition/resource-information">
        <valueString value="Organization"/>
      </extension>
      <reference>
        <reference value="Organization/Example-Atomic-Organization"/>
      </reference>
      <name value="Example-Atomic-Organization"/>
      <description value="Example of an Organization."/>
      <exampleCanonical value="http://hl7.org/fhir/ca-bc/provider/StructureDefinition/bc-organization"/>
      <groupingId value="AtomicRestfulQueryResponse"/>
    </resource>
    <resource>
      <extension url="http://hl7.org/fhir/tools/StructureDefinition/resource-information">
        <valueString value="OrganizationAffiliation"/>
      </extension>
      <reference>
        <reference value="OrganizationAffiliation/Example-Atomic-OrganizationAffiliation-LocRef"/>
      </reference>
      <name value="Example-Atomic-OrganizationAffiliation-LocRef"/>
      <description value="Example of the OrganizationAffiliation for Organization to Location relationship."/>
      <exampleCanonical value="http://hl7.org/fhir/ca-bc/provider/StructureDefinition/bc-organization-affiliation"/>
      <groupingId value="AtomicRestfulQueryResponse"/>
    </resource>
    <resource>
      <extension url="http://hl7.org/fhir/tools/StructureDefinition/resource-information">
        <valueString value="OrganizationAffiliation"/>
      </extension>
      <reference>
        <reference value="OrganizationAffiliation/Example-Atomic-OrganizationAffiliation-OrgRef"/>
      </reference>
      <name value="Example-Atomic-OrganizationAffiliation-OrgRef"/>
      <description value="Example of the OrganizationAffiliation for Organization to Organization relationship."/>
      <exampleCanonical value="http://hl7.org/fhir/ca-bc/provider/StructureDefinition/bc-organization-affiliation"/>
      <groupingId value="AtomicRestfulQueryResponse"/>
    </resource>
    <resource>
      <extension url="http://hl7.org/fhir/tools/StructureDefinition/resource-information">
        <valueString value="Practitioner"/>
      </extension>
      <reference>
        <reference value="Practitioner/Example-Atomic-Practitioner"/>
      </reference>
      <name value="Example-Atomic-Practitioner"/>
      <description value="Example of generic Practitioner."/>
      <exampleCanonical value="http://hl7.org/fhir/ca-bc/provider/StructureDefinition/bc-practitioner"/>
      <groupingId value="AtomicRestfulQueryResponse"/>
    </resource>
    <resource>
      <extension url="http://hl7.org/fhir/tools/StructureDefinition/resource-information">
        <valueString value="PractitionerRole"/>
      </extension>
      <reference>
        <reference value="PractitionerRole/Example-Atomic-PractitionerRole-LocRef"/>
      </reference>
      <name value="Example-Atomic-PractitionerRole-LocRef"/>
      <description value="Example of the PractitionerRole for Practitioner to Location relationship."/>
      <exampleCanonical value="http://hl7.org/fhir/ca-bc/provider/StructureDefinition/bc-role-relationships"/>
      <groupingId value="AtomicRestfulQueryResponse"/>
    </resource>
    <resource>
      <extension url="http://hl7.org/fhir/tools/StructureDefinition/resource-information">
        <valueString value="PractitionerRole"/>
      </extension>
      <reference>
        <reference value="PractitionerRole/Example-Atomic-PractitionerRole-OrgRef"/>
      </reference>
      <name value="Example-Atomic-PractitionerRole-OrgRef"/>
      <description value="Example of the PractitionerRole for Practitioner to Organization relationship."/>
      <exampleCanonical value="http://hl7.org/fhir/ca-bc/provider/StructureDefinition/bc-role-relationships"/>
      <groupingId value="AtomicRestfulQueryResponse"/>
    </resource>
    <resource>
      <extension url="http://hl7.org/fhir/tools/StructureDefinition/resource-information">
        <valueString value="PractitionerRole"/>
      </extension>
      <reference>
        <reference value="PractitionerRole/Example-Atomic-PractitionerRole-RoleSpecialty"/>
      </reference>
      <name value="Example-Atomic-PractitionerRole-RoleSpecialty"/>
      <description value="Example of the PractitionerRole with Speciality."/>
      <exampleCanonical value="http://hl7.org/fhir/ca-bc/provider/StructureDefinition/bc-practitioner-role"/>
      <groupingId value="AtomicRestfulQueryResponse"/>
    </resource>
    <resource>
      <extension url="http://hl7.org/fhir/tools/StructureDefinition/resource-information">
        <valueString value="Bundle"/>
      </extension>
      <reference>
        <reference value="Bundle/Example-Batch-Bundle"/>
      </reference>
      <name value="Example-Batch-Bundle"/>
      <description value="An example of a Batch Bundle that contains one each of a Practitioner bundle, Organization bundle, and a Location bundle."/>
      <exampleCanonical value="http://hl7.org/fhir/ca-bc/provider/StructureDefinition/bc-batch-bundle"/>
      <groupingId value="Bundles"/>
    </resource>
    <resource>
      <extension url="http://hl7.org/fhir/tools/StructureDefinition/resource-information">
        <valueString value="Organization"/>
      </extension>
      <reference>
        <reference value="Organization/Example-Credential-Granting-Institution"/>
      </reference>
      <name value="Example-Credential-Granting-Institution"/>
      <description value="Example of an credential granting institution."/>
      <exampleCanonical value="http://hl7.org/fhir/ca-bc/provider/StructureDefinition/bc-organization"/>
    </resource>
    <resource>
      <extension url="http://hl7.org/fhir/tools/StructureDefinition/resource-information">
        <valueString value="Bundle"/>
      </extension>
      <reference>
        <reference value="Bundle/Example-DistributeOrganization-Bundle"/>
      </reference>
      <name value="Example-DistributeOrganization-Bundle"/>
      <description value="Example of a bundle of resources sent when distributing a Organization."/>
      <exampleCanonical value="http://hl7.org/fhir/ca-bc/provider/StructureDefinition/bc-organization-bundle"/>
    </resource>
    <resource>
      <extension url="http://hl7.org/fhir/tools/StructureDefinition/resource-information">
        <valueString value="Bundle"/>
      </extension>
      <reference>
        <reference value="Bundle/Example-DistributePractitioner-Bundle"/>
      </reference>
      <name value="Example-DistributePractitioner-Bundle"/>
      <description value="Example of a bundle of resources sent when distributing a Practitioner."/>
      <exampleCanonical value="http://hl7.org/fhir/ca-bc/provider/StructureDefinition/bc-practitioner-bundle"/>
      <groupingId value="Bundles"/>
    </resource>
    <resource>
      <extension url="http://hl7.org/fhir/tools/StructureDefinition/resource-information">
        <valueString value="Bundle"/>
      </extension>
      <reference>
        <reference value="Bundle/Example-Individual-Provider-Bundle"/>
      </reference>
      <name value="Example-Individual-Provider-Bundle"/>
      <description value="An example of a Provider Bundle, i.e. A Practitioner and PractitionerRole in a Bundle that represents a PLR Individual Provider."/>
      <exampleCanonical value="http://hl7.org/fhir/ca-bc/provider/StructureDefinition/bc-practitioner-bundle"/>
    </resource>
    <resource>
      <extension url="http://hl7.org/fhir/tools/StructureDefinition/resource-information">
        <valueString value="Location"/>
      </extension>
      <reference>
        <reference value="Location/Example-Location"/>
      </reference>
      <name value="Example-Location"/>
      <description value="Example of a Location."/>
      <exampleCanonical value="http://hl7.org/fhir/ca-bc/provider/StructureDefinition/bc-location"/>
    </resource>
    <resource>
      <extension url="http://hl7.org/fhir/tools/StructureDefinition/resource-information">
        <valueString value="OperationOutcome"/>
      </extension>
      <reference>
        <reference value="OperationOutcome/Example-OperationOutcome-7018"/>
      </reference>
      <name value="Example-OperationOutcome-7018"/>
      <description value="OperationOutcome example for Individual Provider search - wildcard error."/>
      <exampleCanonical value="http://hl7.org/fhir/ca-bc/provider/StructureDefinition/bc-operation-outcome"/>
    </resource>
    <resource>
      <extension url="http://hl7.org/fhir/tools/StructureDefinition/resource-information">
        <valueString value="OperationOutcome"/>
      </extension>
      <reference>
        <reference value="OperationOutcome/Example-OperationOutcome-7047"/>
      </reference>
      <name value="Example-OperationOutcome-7047"/>
      <description value="OperationOutcome example for Individual Provider search - no provider records found."/>
      <exampleCanonical value="http://hl7.org/fhir/ca-bc/provider/StructureDefinition/bc-operation-outcome"/>
    </resource>
    <resource>
      <extension url="http://hl7.org/fhir/tools/StructureDefinition/resource-information">
        <valueString value="OperationOutcome"/>
      </extension>
      <reference>
        <reference value="OperationOutcome/Example-OperationOutcome-7049"/>
      </reference>
      <name value="Example-OperationOutcome-7049"/>
      <description value="OperationOutcome example for Individual Provider search - too many results."/>
      <exampleCanonical value="http://hl7.org/fhir/ca-bc/provider/StructureDefinition/bc-operation-outcome"/>
    </resource>
    <resource>
      <extension url="http://hl7.org/fhir/tools/StructureDefinition/resource-information">
        <valueString value="OperationOutcome"/>
      </extension>
      <reference>
        <reference value="OperationOutcome/Example-OperationOutcome-MaintainSuccess"/>
      </reference>
      <name value="Example-OperationOutcome-MaintainSuccess"/>
      <description value="OperationOutcome example of a success message."/>
      <exampleCanonical value="http://hl7.org/fhir/ca-bc/provider/StructureDefinition/bc-operation-outcome"/>
    </resource>
    <resource>
      <extension url="http://hl7.org/fhir/tools/StructureDefinition/resource-information">
        <valueString value="Organization"/>
      </extension>
      <reference>
        <reference value="Organization/Example-Organization-1"/>
      </reference>
      <name value="Example-Organization-1"/>
      <description value="Example of an Organization."/>
      <exampleCanonical value="http://hl7.org/fhir/ca-bc/provider/StructureDefinition/bc-organization"/>
    </resource>
    <resource>
      <extension url="http://hl7.org/fhir/tools/StructureDefinition/resource-information">
        <valueString value="Organization"/>
      </extension>
      <reference>
        <reference value="Organization/Example-Organization-1-Update"/>
      </reference>
      <name value="Example-Organization-1-Update"/>
      <description value="Example of an Organization."/>
      <exampleCanonical value="http://hl7.org/fhir/ca-bc/provider/StructureDefinition/bc-organization"/>
    </resource>
    <resource>
      <extension url="http://hl7.org/fhir/tools/StructureDefinition/resource-information">
        <valueString value="Organization"/>
      </extension>
      <reference>
        <reference value="Organization/Example-Organization-2"/>
      </reference>
      <name value="Example-Organization-2"/>
      <description value="Example of generic Organization."/>
      <exampleCanonical value="http://hl7.org/fhir/ca-bc/provider/StructureDefinition/bc-organization"/>
    </resource>
    <resource>
      <extension url="http://hl7.org/fhir/tools/StructureDefinition/resource-information">
        <valueString value="Organization"/>
      </extension>
      <reference>
        <reference value="Organization/Example-Organization-Response"/>
      </reference>
      <name value="Example-Organization-Response"/>
      <description value="Example of an Organization that is being created."/>
      <exampleCanonical value="http://hl7.org/fhir/ca-bc/provider/StructureDefinition/bc-organization"/>
    </resource>
    <resource>
      <extension url="http://hl7.org/fhir/tools/StructureDefinition/resource-information">
        <valueString value="OrganizationAffiliation"/>
      </extension>
      <reference>
        <reference value="OrganizationAffiliation/Example-OrganizationAffiliation-1-OrgRef-FromOrg"/>
      </reference>
      <name value="Example-OrganizationAffiliation-1-OrgRef-FromOrg"/>
      <description value="Example of the OrganizationAffiliation for Organization to Organization relationship."/>
      <exampleCanonical value="http://hl7.org/fhir/ca-bc/provider/StructureDefinition/bc-organization-affiliation"/>
    </resource>
    <resource>
      <extension url="http://hl7.org/fhir/tools/StructureDefinition/resource-information">
        <valueString value="OrganizationAffiliation"/>
      </extension>
      <reference>
        <reference value="OrganizationAffiliation/Example-OrganizationAffiliation-2-LocRef-FromOrg"/>
      </reference>
      <name value="Example-OrganizationAffiliation-2-LocRef-FromOrg"/>
      <description value="Example of the OrganizationAffiliation for Organization to Location relationship."/>
      <exampleCanonical value="http://hl7.org/fhir/ca-bc/provider/StructureDefinition/bc-organization-affiliation"/>
    </resource>
    <resource>
      <extension url="http://hl7.org/fhir/tools/StructureDefinition/resource-information">
        <valueString value="Bundle"/>
      </extension>
      <reference>
        <reference value="Bundle/Example-Organizational-Provider-Bundle"/>
      </reference>
      <name value="Example-Organizational-Provider-Bundle"/>
      <description value="An example of a Provider Bundle, i.e. A Organization and PractitionerRole and OrganizationAffiliation in a Bundle that represents a PLR Organizational Provider."/>
      <exampleCanonical value="http://hl7.org/fhir/ca-bc/provider/StructureDefinition/bc-organization-bundle"/>
    </resource>
    <resource>
      <extension url="http://hl7.org/fhir/tools/StructureDefinition/resource-information">
        <valueString value="Practitioner"/>
      </extension>
      <reference>
        <reference value="Practitioner/Example-Practitioner"/>
      </reference>
      <name value="Example-Practitioner"/>
      <description value="Example of generic Practitioner."/>
      <exampleCanonical value="http://hl7.org/fhir/ca-bc/provider/StructureDefinition/bc-practitioner"/>
    </resource>
    <resource>
      <extension url="http://hl7.org/fhir/tools/StructureDefinition/resource-information">
        <valueString value="Practitioner"/>
      </extension>
      <reference>
        <reference value="Practitioner/Example-Practitioner-Response"/>
      </reference>
      <name value="Example-Practitioner-Response"/>
      <description value="Example of generic Practitioner response."/>
      <exampleCanonical value="http://hl7.org/fhir/ca-bc/provider/StructureDefinition/bc-practitioner"/>
    </resource>
    <resource>
      <extension url="http://hl7.org/fhir/tools/StructureDefinition/resource-information">
        <valueString value="Practitioner"/>
      </extension>
      <reference>
        <reference value="Practitioner/Example-Practitioner-Update"/>
      </reference>
      <name value="Example-Practitioner-Update"/>
      <description value="Example Practitioner resource for updating License Status."/>
      <exampleCanonical value="http://hl7.org/fhir/ca-bc/provider/StructureDefinition/bc-practitioner"/>
    </resource>
    <resource>
      <extension url="http://hl7.org/fhir/tools/StructureDefinition/resource-information">
        <valueString value="Practitioner"/>
      </extension>
      <reference>
        <reference value="Practitioner/Example-Practitioner-UpdateLicense"/>
      </reference>
      <name value="Example-Practitioner-UpdateLicense"/>
      <description value="Example Practitioner resource for updating License Status."/>
      <exampleCanonical value="http://hl7.org/fhir/ca-bc/provider/StructureDefinition/bc-practitioner"/>
    </resource>
    <resource>
      <extension url="http://hl7.org/fhir/tools/StructureDefinition/resource-information">
        <valueString value="PractitionerRole"/>
      </extension>
      <reference>
        <reference value="PractitionerRole/Example-PractitionerRole-1-Role-FromPractitioner"/>
      </reference>
      <name value="Example-PractitionerRole-1-Role-FromPractitioner"/>
      <description value="Example of the PractitionerRole with Speciality."/>
      <exampleCanonical value="http://hl7.org/fhir/ca-bc/provider/StructureDefinition/bc-practitioner-role"/>
    </resource>
    <resource>
      <extension url="http://hl7.org/fhir/tools/StructureDefinition/resource-information">
        <valueString value="PractitionerRole"/>
      </extension>
      <reference>
        <reference value="PractitionerRole/Example-PractitionerRole-1-Role-FromPractitioner-Response"/>
      </reference>
      <name value="Example-PractitionerRole-1-Role-FromPractitioner-Response"/>
      <description value="Example of the PractitionerRole with Speciality."/>
      <exampleCanonical value="http://hl7.org/fhir/ca-bc/provider/StructureDefinition/bc-practitioner-role"/>
    </resource>
    <resource>
      <extension url="http://hl7.org/fhir/tools/StructureDefinition/resource-information">
        <valueString value="PractitionerRole"/>
      </extension>
      <reference>
        <reference value="PractitionerRole/Example-PractitionerRole-1-Role-FromPractitioner-Update-Response"/>
      </reference>
      <name value="Example-PractitionerRole-1-Role-FromPractitioner-Update-Response"/>
      <description value="Example of the PractitionerRole with Speciality."/>
      <exampleCanonical value="http://hl7.org/fhir/ca-bc/provider/StructureDefinition/bc-practitioner-role"/>
    </resource>
    <resource>
      <extension url="http://hl7.org/fhir/tools/StructureDefinition/resource-information">
        <valueString value="PractitionerRole"/>
      </extension>
      <reference>
        <reference value="PractitionerRole/Example-PractitionerRole-1-Role-Update"/>
      </reference>
      <name value="Example-PractitionerRole-1-Role-Update"/>
      <description value="Example of the PractitionerRole with Speciality."/>
      <exampleCanonical value="http://hl7.org/fhir/ca-bc/provider/StructureDefinition/bc-practitioner-role"/>
    </resource>
    <resource>
      <extension url="http://hl7.org/fhir/tools/StructureDefinition/resource-information">
        <valueString value="PractitionerRole"/>
      </extension>
      <reference>
        <reference value="PractitionerRole/Example-PractitionerRole-1-Role-Update-Specialty"/>
      </reference>
      <name value="Example-PractitionerRole-1-Role-Update-Specialty"/>
      <description value="Example of the PractitionerRole with Speciality."/>
      <exampleCanonical value="http://hl7.org/fhir/ca-bc/provider/StructureDefinition/bc-practitioner-role"/>
    </resource>
    <resource>
      <extension url="http://hl7.org/fhir/tools/StructureDefinition/resource-information">
        <valueString value="PractitionerRole"/>
      </extension>
      <reference>
        <reference value="PractitionerRole/Example-PractitionerRole-2-OrgRef-FromPractitioner"/>
      </reference>
      <name value="Example-PractitionerRole-2-OrgRef-FromPractitioner"/>
      <description value="Example of the PractitionerRole for Practitioner to Organization relationship."/>
      <exampleCanonical value="http://hl7.org/fhir/ca-bc/provider/StructureDefinition/bc-role-relationships"/>
    </resource>
    <resource>
      <extension url="http://hl7.org/fhir/tools/StructureDefinition/resource-information">
        <valueString value="PractitionerRole"/>
      </extension>
      <reference>
        <reference value="PractitionerRole/Example-PractitionerRole-2-OrgRef-FromPractitioner-Response"/>
      </reference>
      <name value="Example-PractitionerRole-2-OrgRef-FromPractitioner-Response"/>
      <description value="Example of the PractitionerRole for Practitioner to Organization relationship."/>
      <exampleCanonical value="http://hl7.org/fhir/ca-bc/provider/StructureDefinition/bc-role-relationships"/>
    </resource>
    <resource>
      <extension url="http://hl7.org/fhir/tools/StructureDefinition/resource-information">
        <valueString value="PractitionerRole"/>
      </extension>
      <reference>
        <reference value="PractitionerRole/Example-PractitionerRole-3-LocRef-FromPractitioner"/>
      </reference>
      <name value="Example-PractitionerRole-3-LocRef-FromPractitioner"/>
      <description value="Example of the PractitionerRole for Practitioner to Location relationship."/>
      <exampleCanonical value="http://hl7.org/fhir/ca-bc/provider/StructureDefinition/bc-role-relationships"/>
    </resource>
    <resource>
      <extension url="http://hl7.org/fhir/tools/StructureDefinition/resource-information">
        <valueString value="PractitionerRole"/>
      </extension>
      <reference>
        <reference value="PractitionerRole/Example-PractitionerRole-3-LocRef-FromPractitioner-Response"/>
      </reference>
      <name value="Example-PractitionerRole-3-LocRef-FromPractitioner-Response"/>
      <description value="Example of the PractitionerRole for Practitioner to Location relationship."/>
      <exampleCanonical value="http://hl7.org/fhir/ca-bc/provider/StructureDefinition/bc-role-relationships"/>
    </resource>
    <resource>
      <extension url="http://hl7.org/fhir/tools/StructureDefinition/resource-information">
        <valueString value="PractitionerRole"/>
      </extension>
      <reference>
        <reference value="PractitionerRole/Example-PractitionerRole-4-PracRef-FromOrg"/>
      </reference>
      <name value="Example-PractitionerRole-4-PracRef-FromOrg"/>
      <description value="Example of the PractitionerRole for Practitioner to Practitioner relationship."/>
      <exampleCanonical value="http://hl7.org/fhir/ca-bc/provider/StructureDefinition/bc-role-relationships"/>
    </resource>
    <resource>
      <extension url="http://hl7.org/fhir/tools/StructureDefinition/resource-information">
        <valueString value="PractitionerRole"/>
      </extension>
      <reference>
        <reference value="PractitionerRole/Example-PractitionerRole-4-PracRef-FromOrg-Response"/>
      </reference>
      <name value="Example-PractitionerRole-4-PracRef-FromOrg-Response"/>
      <description value="Example of the PractitionerRole for Practitioner to Practitioner relationship."/>
      <exampleCanonical value="http://hl7.org/fhir/ca-bc/provider/StructureDefinition/bc-role-relationships"/>
    </resource>
    <resource>
      <extension url="http://hl7.org/fhir/tools/StructureDefinition/resource-information">
        <valueString value="PractitionerRole"/>
      </extension>
      <reference>
        <reference value="PractitionerRole/Example-PractitionerRole-5-PracRef-FromLoc"/>
      </reference>
      <name value="Example-PractitionerRole-5-PracRef-FromLoc"/>
      <description value="Example of the PractitionerRole for Practitioner to Practitioner relationship."/>
      <exampleCanonical value="http://hl7.org/fhir/ca-bc/provider/StructureDefinition/bc-role-relationships"/>
    </resource>
    <resource>
      <extension url="http://hl7.org/fhir/tools/StructureDefinition/resource-information">
        <valueString value="PractitionerRole"/>
      </extension>
      <reference>
        <reference value="PractitionerRole/Example-PractitionerRole-5-PracRef-FromLoc-Response"/>
      </reference>
      <name value="Example-PractitionerRole-5-PracRef-FromLoc-Response"/>
      <description value="Example of the PractitionerRole for Practitioner to Practitioner relationship."/>
      <exampleCanonical value="http://hl7.org/fhir/ca-bc/provider/StructureDefinition/bc-role-relationships"/>
    </resource>
    <resource>
      <extension url="http://hl7.org/fhir/tools/StructureDefinition/resource-information">
        <valueString value="Organization"/>
      </extension>
      <reference>
        <reference value="Organization/Example-Qualification-Organization"/>
      </reference>
      <name value="Example-Qualification-Organization"/>
      <description value="Example of an organization's qualifications."/>
      <exampleCanonical value="http://hl7.org/fhir/ca-bc/provider/StructureDefinition/bc-organization"/>
    </resource>
    <resource>
      <extension url="http://hl7.org/fhir/tools/StructureDefinition/resource-information">
        <valueString value="Parameters"/>
      </extension>
      <reference>
        <reference value="Parameters/Example-Request-Add-Organization"/>
      </reference>
      <name value="Example-Request-Add-Organization"/>
      <description value="Example Parameters to add an Organizational Provider."/>
      <exampleBoolean value="true"/>
      <groupingId value="OperationsRequestExamples"/>
    </resource>
    <resource>
      <extension url="http://hl7.org/fhir/tools/StructureDefinition/resource-information">
        <valueString value="Parameters"/>
      </extension>
      <reference>
        <reference value="Parameters/Example-Request-Add-Practitioner"/>
      </reference>
      <name value="Example-Request-Add-Practitioner"/>
      <description value="Example Parameters to add an Individual Provider."/>
      <exampleBoolean value="true"/>
      <groupingId value="OperationsRequestExamples"/>
    </resource>
    <resource>
      <extension url="http://hl7.org/fhir/tools/StructureDefinition/resource-information">
        <valueString value="Parameters"/>
      </extension>
      <reference>
        <reference value="Parameters/Example-Request-Distribution-Organization"/>
      </reference>
      <name value="Example-Request-Distribution-Organization"/>
      <description value="Example Parameters to distribute an Individual Provider."/>
      <exampleBoolean value="true"/>
      <groupingId value="OperationsRequestExamples"/>
    </resource>
    <resource>
      <extension url="http://hl7.org/fhir/tools/StructureDefinition/resource-information">
        <valueString value="Parameters"/>
      </extension>
      <reference>
        <reference value="Parameters/Example-Request-Distribution-Practitioner"/>
      </reference>
      <name value="Example-Request-Distribution-Practitioner"/>
      <description value="Example Parameters to distribute an Individual Provider."/>
      <exampleBoolean value="true"/>
      <groupingId value="OperationsRequestExamples"/>
    </resource>
    <resource>
      <extension url="http://hl7.org/fhir/tools/StructureDefinition/resource-information">
        <valueString value="Parameters"/>
      </extension>
      <reference>
        <reference value="Parameters/Example-Request-Update-License-Practitioner"/>
      </reference>
      <name value="Example-Request-Update-License-Practitioner"/>
      <description value="Example Parameters to update the license of an Individual Provider."/>
      <exampleBoolean value="true"/>
      <groupingId value="OperationsRequestExamples"/>
    </resource>
    <resource>
      <extension url="http://hl7.org/fhir/tools/StructureDefinition/resource-information">
        <valueString value="Parameters"/>
      </extension>
      <reference>
        <reference value="Parameters/Example-Request-Update-Organization"/>
      </reference>
      <name value="Example-Request-Update-Organization"/>
      <description value="Example Parameters to update an Organizational Provider."/>
      <exampleBoolean value="true"/>
      <groupingId value="OperationsRequestExamples"/>
    </resource>
    <resource>
      <extension url="http://hl7.org/fhir/tools/StructureDefinition/resource-information">
        <valueString value="Parameters"/>
      </extension>
      <reference>
        <reference value="Parameters/Example-Request-Update-Practitioner"/>
      </reference>
      <name value="Example-Request-Update-Practitioner"/>
      <description value="Example Parameters to update various attributes of a Individual Provider."/>
      <exampleBoolean value="true"/>
      <groupingId value="OperationsRequestExamples"/>
    </resource>
    <resource>
      <extension url="http://hl7.org/fhir/tools/StructureDefinition/resource-information">
        <valueString value="Parameters"/>
      </extension>
      <reference>
        <reference value="Parameters/Example-Response-Add-Practitioner"/>
      </reference>
      <name value="Example-Response-Add-Practitioner"/>
      <description value="Example Parameters for Add Individual Provider response."/>
      <exampleBoolean value="true"/>
      <groupingId value="OperationsResponseExamples"/>
    </resource>
    <resource>
      <extension url="http://hl7.org/fhir/tools/StructureDefinition/resource-information">
        <valueString value="Bundle"/>
      </extension>
      <reference>
        <reference value="Bundle/Example-Response-Query-Organization-Bundle"/>
      </reference>
      <name value="Example-Response-Query-Organization-Bundle"/>
      <description value="An example search response bundle with Organizational Provider."/>
      <exampleBoolean value="true"/>
      <groupingId value="OperationsResponseExamples"/>
    </resource>
    <resource>
      <extension url="http://hl7.org/fhir/tools/StructureDefinition/resource-information">
        <valueString value="Bundle"/>
      </extension>
      <reference>
        <reference value="Bundle/Example-Response-Query-Practitioner-Bundle"/>
      </reference>
      <name value="Example-Response-Query-Practitioner-Bundle"/>
      <description value="An example search response bundle with Individual Provider."/>
      <exampleBoolean value="true"/>
      <groupingId value="OperationsResponseExamples"/>
    </resource>
    <resource>
      <extension url="http://hl7.org/fhir/tools/StructureDefinition/resource-information">
        <valueString value="Parameters"/>
      </extension>
      <reference>
        <reference value="Parameters/Example-Response-Update-Organization"/>
      </reference>
      <name value="Example-Response-Update-Organization"/>
      <description value="Example Parameters for Update Organization Provider response."/>
      <exampleBoolean value="true"/>
      <groupingId value="OperationsResponseExamples"/>
    </resource>
    <resource>
      <extension url="http://hl7.org/fhir/tools/StructureDefinition/resource-information">
        <valueString value="Parameters"/>
      </extension>
      <reference>
        <reference value="Parameters/Example-Response-Update-Practitioner"/>
      </reference>
      <name value="Example-Response-Update-Practitioner"/>
      <description value="Example Parameters for Update Individual Provider response."/>
      <exampleBoolean value="true"/>
      <groupingId value="OperationsResponseExamples"/>
    </resource>
    <resource>
      <extension url="http://hl7.org/fhir/tools/StructureDefinition/resource-information">
        <valueString value="Bundle"/>
      </extension>
      <reference>
        <reference value="Bundle/Example-UpdateOrganization-Bundle"/>
      </reference>
      <name value="Example-UpdateOrganization-Bundle"/>
      <description value="Example of a Bundle of resources that are needed to update an Organization."/>
      <exampleCanonical value="http://hl7.org/fhir/ca-bc/provider/StructureDefinition/bc-organization-bundle"/>
    </resource>
    <resource>
      <extension url="http://hl7.org/fhir/tools/StructureDefinition/resource-information">
        <valueString value="Bundle"/>
      </extension>
      <reference>
        <reference value="Bundle/Example-UpdateOrganization-Bundle-Response"/>
      </reference>
      <name value="Example-UpdateOrganization-Bundle-Response"/>
      <description value="Example of a Bundle of resources representing a Organization Response."/>
      <exampleCanonical value="http://hl7.org/fhir/ca-bc/provider/StructureDefinition/bc-organization-bundle"/>
    </resource>
    <resource>
      <extension url="http://hl7.org/fhir/tools/StructureDefinition/resource-information">
        <valueString value="Bundle"/>
      </extension>
      <reference>
        <reference value="Bundle/Example-UpdatePractitioner-Bundle"/>
      </reference>
      <name value="Example-UpdatePractitioner-Bundle"/>
      <description value="Example of a bundle to update an Indivivdual Provider."/>
      <exampleCanonical value="http://hl7.org/fhir/ca-bc/provider/StructureDefinition/bc-practitioner-bundle"/>
    </resource>
    <resource>
      <extension url="http://hl7.org/fhir/tools/StructureDefinition/resource-information">
        <valueString value="Bundle"/>
      </extension>
      <reference>
        <reference value="Bundle/Example-UpdatePractitioner-Bundle-Response"/>
      </reference>
      <name value="Example-UpdatePractitioner-Bundle-Response"/>
      <description value="Example of a bundle of resources sent when responding to a practitioner update."/>
      <exampleCanonical value="http://hl7.org/fhir/ca-bc/provider/StructureDefinition/bc-practitioner-bundle"/>
    </resource>
    <resource>
      <extension url="http://hl7.org/fhir/tools/StructureDefinition/resource-information">
        <valueString value="Bundle"/>
      </extension>
      <reference>
        <reference value="Bundle/Example-UpdatePractitioner-LicenseStatus-Bundle"/>
      </reference>
      <name value="Example-UpdatePractitioner-LicenseStatus-Bundle"/>
      <description value="Example of a bundle to update an Indivivdual Provider's License Status."/>
      <exampleCanonical value="http://hl7.org/fhir/ca-bc/provider/StructureDefinition/bc-practitioner-bundle"/>
    </resource>
    <resource>
      <extension url="http://hl7.org/fhir/tools/StructureDefinition/resource-information">
        <valueString value="OperationDefinition"/>
      </extension>
      <reference>
        <reference value="OperationDefinition/bc-distribution"/>
      </reference>
      <name value="Distribution"/>
      <description value="This operation is used to distribute the resources that represent a Provider or Facility."/>
      <exampleBoolean value="false"/>
      <groupingId value="Operations"/>
    </resource>
    <resource>
      <extension url="http://hl7.org/fhir/tools/StructureDefinition/resource-information">
        <valueString value="OperationDefinition"/>
      </extension>
      <reference>
        <reference value="OperationDefinition/bc-entity-location-query"/>
      </reference>
      <name value="EntityLocationQuery"/>
      <description value="This operation is used to query for an location and will return the information for that location without following associations to other practitioner, organizations, or locations."/>
      <exampleBoolean value="false"/>
      <groupingId value="Operations"/>
    </resource>
    <resource>
      <extension url="http://hl7.org/fhir/tools/StructureDefinition/resource-information">
        <valueString value="OperationDefinition"/>
      </extension>
      <reference>
        <reference value="OperationDefinition/bc-entity-organization-query"/>
      </reference>
      <name value="EntityOrganizationQuery"/>
      <description value="This operation is used to query for an organization and will return the information for that organization without following associations to other providers, organizations, or facilities."/>
      <exampleBoolean value="false"/>
      <groupingId value="Operations"/>
    </resource>
    <resource>
      <extension url="http://hl7.org/fhir/tools/StructureDefinition/resource-information">
        <valueString value="OperationDefinition"/>
      </extension>
      <reference>
        <reference value="OperationDefinition/bc-entity-practitioner-query"/>
      </reference>
      <name value="EntityPractitionerQuery"/>
      <description value="This operation is used to query for a practitioner and will return the information for that practitioner without following associations to other providers, organizations, or facilities."/>
      <exampleBoolean value="false"/>
      <groupingId value="Operations"/>
    </resource>
    <resource>
      <extension url="http://hl7.org/fhir/tools/StructureDefinition/resource-information">
        <valueString value="OperationDefinition"/>
      </extension>
      <reference>
        <reference value="OperationDefinition/bc-extended-location-query"/>
      </reference>
      <name value="ExtendedLocationQuery"/>
      <description value="This operation is used to query for an location and will return the information for that location along with any instances that can be found by following associations to other providers, organizations, or location."/>
      <exampleBoolean value="false"/>
      <groupingId value="Operations"/>
    </resource>
    <resource>
      <extension url="http://hl7.org/fhir/tools/StructureDefinition/resource-information">
        <valueString value="OperationDefinition"/>
      </extension>
      <reference>
        <reference value="OperationDefinition/bc-extended-organization-query"/>
      </reference>
      <name value="ExtendedOrganizationQuery"/>
      <description value="This operation is used to query for an organization and will return the information for that organization along with any instances that can be found by following associations to other practitioners, organizations, or locations."/>
      <exampleBoolean value="false"/>
      <groupingId value="Operations"/>
    </resource>
    <resource>
      <extension url="http://hl7.org/fhir/tools/StructureDefinition/resource-information">
        <valueString value="OperationDefinition"/>
      </extension>
      <reference>
        <reference value="OperationDefinition/bc-extended-practitioner-query"/>
      </reference>
      <name value="ExtendedPractitionerQuery"/>
      <description value="This operation is used to query for a provider and will return the information for that provider along with any instances that can be found by following associations to other providers, organizations, or facilities."/>
      <exampleBoolean value="false"/>
      <groupingId value="Operations"/>
    </resource>
    <resource>
      <extension url="http://hl7.org/fhir/tools/StructureDefinition/resource-information">
        <valueString value="OperationDefinition"/>
      </extension>
      <reference>
        <reference value="OperationDefinition/bc-maintain"/>
      </reference>
      <name value="Maintain"/>
      <description value="This operation is used to create and update the resources that represent a Provider or Facility."/>
      <exampleBoolean value="false"/>
      <groupingId value="Operations"/>
    </resource>
    <resource>
      <extension url="http://hl7.org/fhir/tools/StructureDefinition/resource-information">
        <valueString value="CapabilityStatement"/>
      </extension>
      <reference>
        <reference value="CapabilityStatement/bc-plr-client-capability-statement"/>
      </reference>
      <name value="BCPLRClientCapabilityStatement"/>
      <description value="This capability statement describes the use case that is supported by the BC FHIR implementation of PLR.&#xA;&#xA;* Distributions - used when PLR is communicating a change in a single Practitioner, Organization, or Location"/>
      <exampleBoolean value="true"/>
      <groupingId value="Capabilities"/>
    </resource>
    <resource>
      <extension url="http://hl7.org/fhir/tools/StructureDefinition/resource-information">
        <valueString value="CapabilityStatement"/>
      </extension>
      <reference>
        <reference value="CapabilityStatement/bc-plr-server-capability-statement"/>
      </reference>
      <name value="BCPLRServerCapabilityStatement"/>
      <description value="This capability statement is listing the RESTful resources that are exposed as well as the three use cases that are supported by the BC FHIR implementation of PLR (see json or XML for more details):&#xA;* Maintain - used when an external source is communicating a change to PLR&#xA;* Batch - allows for the sending of multiple Maintain transactions at one time (not implemented yet)&#xA;* Queries - a set of operations are defined that allow the querying of PLR FHIR instances (entityQuery and extendedQuery)&#xA;&#xA;All POST and PUT Requests are sent using a Paramaters resource and the Response is always a Bundle resource containing an OperationOutcome and the expected profile(s) (BCPractitioner, BCPractitionerBundle ect ...)"/>
      <exampleBoolean value="true"/>
      <groupingId value="Capabilities"/>
    </resource>
    <page>
      <extension url="http://hl7.org/fhir/tools/StructureDefinition/ig-page-name">
        <valueUrl value="toc.html"/>
      </extension>
      <nameUrl value="toc.html"/>
      <title value="Table of Contents"/>
      <generation value="html"/>
      <page>
        <extension url="http://hl7.org/fhir/tools/StructureDefinition/ig-page-name">
          <valueUrl value="index.html"/>
        </extension>
        <nameUrl value="index.html"/>
        <title value="PLR Overview"/>
        <generation value="markdown"/>
      </page>
      <page>
        <extension url="http://hl7.org/fhir/tools/StructureDefinition/ig-page-name">
          <valueUrl value="specification.html"/>
        </extension>
        <nameUrl value="specification.html"/>
        <title value="FHIR Design and Overview"/>
        <generation value="markdown"/>
      </page>
      <page>
        <extension url="http://hl7.org/fhir/tools/StructureDefinition/ig-page-name">
          <valueUrl value="transition.html"/>
        </extension>
        <nameUrl value="transition.html"/>
        <title value="Transition from V3 Provider to FHIR"/>
        <generation value="markdown"/>
      </page>
      <page>
        <extension url="http://hl7.org/fhir/tools/StructureDefinition/ig-page-name">
          <valueUrl value="connected_partner.html"/>
        </extension>
        <nameUrl value="connected_partner.html"/>
        <title value="Becoming a Connected Partner"/>
        <generation value="markdown"/>
      </page>
      <page>
        <extension url="http://hl7.org/fhir/tools/StructureDefinition/ig-page-name">
          <valueUrl value="future.html"/>
        </extension>
        <nameUrl value="future.html"/>
        <title value="Future Plans"/>
        <generation value="markdown"/>
      </page>
      <page>
        <extension url="http://hl7.org/fhir/tools/StructureDefinition/ig-page-name">
          <valueUrl value="glossary.html"/>
        </extension>
        <nameUrl value="glossary.html"/>
        <title value="Glossary"/>
        <generation value="markdown"/>
      </page>
      <page>
        <extension url="http://hl7.org/fhir/tools/StructureDefinition/ig-page-name">
          <valueUrl value="credits.html"/>
        </extension>
        <nameUrl value="credits.html"/>
        <title value="Credits"/>
        <generation value="markdown"/>
      </page>
      <page>
        <extension url="http://hl7.org/fhir/tools/StructureDefinition/ig-page-name">
          <valueUrl value="techdetails.html"/>
        </extension>
        <nameUrl value="techdetails.html"/>
        <title value="Techincal Details"/>
        <generation value="markdown"/>
      </page>
      <page>
        <extension url="http://hl7.org/fhir/tools/StructureDefinition/ig-page-name">
          <valueUrl value="designexamples.html"/>
        </extension>
        <nameUrl value="designexamples.html"/>
        <title value="URL Examples"/>
        <generation value="markdown"/>
      </page>
    </page>
    <parameter>
      <code value="path-resource"/>
      <value value="input/capabilities"/>
    </parameter>
    <parameter>
      <code value="path-resource"/>
      <value value="input/examples"/>
    </parameter>
    <parameter>
      <code value="path-resource"/>
      <value value="input/extensions"/>
    </parameter>
    <parameter>
      <code value="path-resource"/>
      <value value="input/models"/>
    </parameter>
    <parameter>
      <code value="path-resource"/>
      <value value="input/operations"/>
    </parameter>
    <parameter>
      <code value="path-resource"/>
      <value value="input/profiles"/>
    </parameter>
    <parameter>
      <code value="path-resource"/>
      <value value="input/resources"/>
    </parameter>
    <parameter>
      <code value="path-resource"/>
      <value value="input/vocabulary"/>
    </parameter>
    <parameter>
      <code value="path-resource"/>
      <value value="input/maps"/>
    </parameter>
    <parameter>
      <code value="path-resource"/>
      <value value="input/testing"/>
    </parameter>
    <parameter>
      <code value="path-resource"/>
      <value value="input/history"/>
    </parameter>
    <parameter>
      <code value="path-resource"/>
      <value value="fsh-generated/resources"/>
    </parameter>
    <parameter>
      <code value="path-pages"/>
      <value value="template/config"/>
    </parameter>
    <parameter>
      <code value="path-pages"/>
      <value value="input/images"/>
    </parameter>
    <parameter>
      <code value="path-tx-cache"/>
      <value value="input-cache/txcache"/>
    </parameter>
  </definition>
</ImplementationGuide>