{
  "resourceType": "Location",
  "id": "Example-AddPractitioner-WorkLocation",
  "meta": {
    "profile": [
      "http://hl7.org/fhir/ca-bc/provider/StructureDefinition/bc-location"
    ]
  },
  "text": {
    "status": "extensions",
    "div": "<div xmlns=\"http://www.w3.org/1999/xhtml\"><p><b>Generated Narrative: Location</b><a name=\"Example-AddPractitioner-WorkLocation\"> </a></p><div style=\"display: inline-block; background-color: #d9e0e7; padding: 6px; margin: 4px; border: 1px solid #8da1b4; border-radius: 5px; line-height: 60%\"><p style=\"margin-bottom: 0px\">Resource Location &quot;Example-AddPractitioner-WorkLocation&quot; </p><p style=\"margin-bottom: 0px\">Profile: <a href=\"StructureDefinition-bc-location.html\">BCLocation</a></p></div><blockquote><p><b>BC Facility Details Extension</b></p><p><b>value</b>: OPERATOR NAME</p><p><b>value</b>: 2000-01-01 --&gt; (ongoing)</p></blockquote><p><b>BC Facility Community Health Service Area Extension</b>: MAINLAND <span style=\"background: LightGoldenRodYellow; margin: 4px; border: 1px solid khaki\"> (HealthServiceAreas#MAINLAND)</span></p><p><b>BC Facility Mailing Address Extension</b>: 1000 DOUGLAS ST VICTORIA BC V6P7B8 CA </p><p><b>identifier</b>: id: 1</p><p><b>name</b>: WORKLOCATIONDETAILS_WORKLOCATION NAME SAMPLE TEXT</p><p><b>telecom</b>: <a href=\"mailto:joe@gmail.com\">joe@gmail.com</a>, ph: 2509876555</p><p><b>address</b>: 1000 DOUGLAS ST VICTORIA BC V6P7B8 CA </p></div>"
  },
  "extension": [
    {
      "extension": [
        {
          "url": "ownerName",
          "valueString": "OPERATOR NAME"
        },
        {
          "url": "http://hl7.org/fhir/ca-bc/provider/StructureDefinition/bc-period-extension",
          "valuePeriod": {
            "start": "2000-01-01"
          }
        }
      ],
      "url": "http://hl7.org/fhir/ca-bc/provider/StructureDefinition/bc-facility-details-extension"
    },
    {
      "url": "http://hl7.org/fhir/ca-bc/provider/StructureDefinition/bc-facility-community-health-service-area-extension",
      "valueCodeableConcept": {
        "coding": [
          {
            "system": "http://example.org/CodeSystem/HealthServiceAreas",
            "code": "MAINLAND"
          }
        ]
      }
    },
    {
      "url": "http://hl7.org/fhir/ca-bc/provider/StructureDefinition/bc-facility-mailing-address-extension",
      "valueAddress": {
        "extension": [
          {
            "url": "http://hl7.org/fhir/ca-bc/provider/StructureDefinition/bc-communication-purpose-code-extension",
            "valueCodeableConcept": {
              "coding": [
                {
                  "system": "https://teminology.hlth.gov.bc.ca/ProviderLocationRegistry/CodeSystem/bc-communication-purpose-code",
                  "code": "BC"
                }
              ]
            }
          },
          {
            "url": "http://hl7.org/fhir/ca-bc/provider/StructureDefinition/bc-address-validation-status-extension",
            "valueCodeableConcept": {
              "coding": [
                {
                  "system": "https://teminology.hlth.gov.bc.ca/ProviderLocationRegistry/CodeSystem/bc-address-validation-status-code",
                  "code": "V"
                }
              ]
            }
          }
        ],
        "type": "postal",
        "line": [
          "1000 DOUGLAS ST"
        ],
        "city": "VICTORIA",
        "state": "BC",
        "postalCode": "V6P7B8",
        "country": "CA",
        "period": {
          "start": "2000-01-01"
        }
      }
    }
  ],
  "identifier": [
    {
      "system": "https://plr.hlth.gov.bc.ca/plr/codes/bc-work-location-id",
      "value": "1"
    }
  ],
  "name": "WORKLOCATIONDETAILS_WORKLOCATION NAME SAMPLE TEXT",
  "_name": {
    "extension": [
      {
        "url": "http://hl7.org/fhir/ca-bc/provider/StructureDefinition/bc-period-extension",
        "valuePeriod": {
          "start": "2000-01-01"
        }
      }
    ]
  },
  "telecom": [
    {
      "extension": [
        {
          "url": "http://hl7.org/fhir/ca-bc/provider/StructureDefinition/bc-communication-purpose-code-extension",
          "valueCodeableConcept": {
            "coding": [
              {
                "system": "https://teminology.hlth.gov.bc.ca/ProviderLocationRegistry/CodeSystem/bc-communication-purpose-code",
                "code": "BC"
              }
            ]
          }
        }
      ],
      "system": "email",
      "value": "joe@gmail.com",
      "period": {
        "start": "2000-01-01",
        "end": "2020-01-01"
      }
    },
    {
      "extension": [
        {
          "url": "http://hl7.org/fhir/ca-bc/provider/StructureDefinition/bc-communication-purpose-code-extension",
          "valueCodeableConcept": {
            "coding": [
              {
                "system": "https://teminology.hlth.gov.bc.ca/ProviderLocationRegistry/CodeSystem/bc-communication-purpose-code",
                "code": "HC"
              }
            ]
          }
        }
      ],
      "system": "phone",
      "value": "2509876555",
      "period": {
        "start": "2000-01-01",
        "end": "2020-01-01"
      }
    }
  ],
  "address": {
    "extension": [
      {
        "url": "http://hl7.org/fhir/ca-bc/provider/StructureDefinition/bc-communication-purpose-code-extension",
        "valueCodeableConcept": {
          "coding": [
            {
              "system": "https://teminology.hlth.gov.bc.ca/ProviderLocationRegistry/CodeSystem/bc-communication-purpose-code",
              "code": "BC"
            }
          ]
        }
      },
      {
        "url": "http://hl7.org/fhir/ca-bc/provider/StructureDefinition/bc-address-validation-status-extension",
        "valueCodeableConcept": {
          "coding": [
            {
              "system": "https://teminology.hlth.gov.bc.ca/ProviderLocationRegistry/CodeSystem/bc-address-validation-status-code",
              "code": "V"
            }
          ]
        }
      }
    ],
    "type": "postal",
    "line": [
      "1000 DOUGLAS ST"
    ],
    "city": "VICTORIA",
    "state": "BC",
    "postalCode": "V6P7B8",
    "country": "CA",
    "period": {
      "start": "2000-01-01"
    }
  }
}