{
  "resourceType": "Location",
  "id": "Example-AddOrganization-Location",
  "meta": {
    "profile": [
      "http://hl7.org/fhir/ca-bc/provider/StructureDefinition/bc-location"
    ]
  },
  "text": {
    "status": "generated",
    "div": "<div xmlns=\"http://www.w3.org/1999/xhtml\"><p><b>Generated Narrative</b></p><div style=\"display: inline-block; background-color: #d9e0e7; padding: 6px; margin: 4px; border: 1px solid #8da1b4; border-radius: 5px; line-height: 60%\"><p style=\"margin-bottom: 0px\">Resource \"Example-AddOrganization-Location\" </p><p style=\"margin-bottom: 0px\">Profile: <a href=\"StructureDefinition-bc-location.html\">BCLocation</a></p></div><p><b>identifier</b>: id: 111</p><p><b>name</b>: General Hospital</p><p><b>telecom</b>: fax: 55555555551(WORK), fax: 55555555555(HOME), <a href=\"ftp://someftp.com\">ftp://someftp.com</a></p><p><b>address</b>: wl line 11 wl line 22 wl line 33 wl city 2 BC V8V 8V8 CA (WORK)</p></div>"
  },
  "identifier": [
    {
      "system": "urn:oid:2.16.840.1.113883.3.40.1.10",
      "value": "111"
    }
  ],
  "name": "General Hospital",
  "_name": {
    "extension": [
      {
        "url": "http://hl7.org/fhir/ca-bc/provider/StructureDefinition/bc-period-extension",
        "valuePeriod": {
          "start": "2000-01-01"
        }
      }
    ]
  },
  "telecom": [
    {
      "system": "fax",
      "value": "55555555551",
      "use": "work",
      "period": {
        "start": "1982-03-04T00:00:00-07:00"
      }
    },
    {
      "system": "fax",
      "value": "55555555555",
      "use": "home",
      "period": {
        "start": "1981-04-04T00:00:00-07:00"
      }
    },
    {
      "system": "url",
      "value": "ftp://someftp.com",
      "use": "mobile",
      "period": {
        "start": "1991-01-01T00:00:00-07:00"
      }
    }
  ],
  "address": {
    "use": "work",
    "type": "postal",
    "line": [
      "wl line 11",
      "wl line 22",
      "wl line 33"
    ],
    "city": "wl city 2",
    "state": "BC",
    "postalCode": "V8V 8V8",
    "country": "CA",
    "period": {
      "start": "1988-10-10T00:00:00-07:00"
    }
  }
}