{
  "resourceType" : "OperationDefinition",
  "id" : "bc-entity-location-query",
  "text" : {
    "status" : "extensions",
    "div" : "<div xmlns=\"http://www.w3.org/1999/xhtml\">Placeholder</div>"
  },
  "url" : "http://hlth.gov.bc.ca/fhir/provider/OperationDefinition/bc-entity-location-query",
  "version" : "1.0.0",
  "name" : "LocationEntityQuery",
  "title" : "Query for a location without returning associations",
  "status" : "draft",
  "kind" : "query",
  "date" : "2023-08-22T22:16:03+00:00",
  "publisher" : "BC Ministry of Health",
  "contact" : [{
    "name" : "BC Ministry of Health",
    "telecom" : [{
      "system" : "url",
      "value" : "https://www2.gov.bc.ca/gov/content/governments/organizational-structure/ministries-organizations/ministries/health"
    }]
  }],
  "description" : "This operation is used to query for an location and will return the information for that location without following associations to other practitioner, organizations, or locations.",
  "jurisdiction" : [{
    "coding" : [{
      "system" : "urn:iso:std:iso:3166",
      "code" : "CA",
      "display" : "Canada"
    }]
  }],
  "code" : "entityQuery",
  "resource" : ["Location"],
  "system" : false,
  "type" : true,
  "instance" : true,
  "parameter" : [{
    "name" : "name",
    "use" : "in",
    "min" : 0,
    "max" : "1",
    "documentation" : "Search for locations with the specified name.",
    "type" : "string",
    "searchType" : "string"
  },
  {
    "name" : "address-city",
    "use" : "in",
    "min" : 0,
    "max" : "1",
    "documentation" : "Search for locations with the specified city.",
    "type" : "string",
    "searchType" : "string"
  },
  {
    "name" : "address-line1",
    "use" : "in",
    "min" : 0,
    "max" : "1",
    "documentation" : "Search for locations with an address. Supports trailing wild card.",
    "type" : "string",
    "searchType" : "string"
  },
  {
    "name" : "healthAuthority",
    "use" : "in",
    "min" : 0,
    "max" : "1",
    "documentation" : "Search for locations within the specified health authority.  See [this site](https://www2.gov.bc.ca    /gov/content/data/geographic-data-services/land-use/administrative-boundaries/health-boundaries) for a list of accepteable strings.",
    "type" : "string",
    "searchType" : "string"
  },
  {
    "name" : "healthServiceDeliveryArea",
    "use" : "in",
    "min" : 0,
    "max" : "1",
    "documentation" : "Search for locations within the specified health service delivery area.  See [this site](https://www2.gov.bc.ca    /gov/content/data/geographic-data-services/land-use/administrative-boundaries/health-boundaries) for a list of accepteable strings.",
    "type" : "string",
    "searchType" : "string"
  },
  {
    "name" : "localHealthArea",
    "use" : "in",
    "min" : 0,
    "max" : "1",
    "documentation" : "Search for locations within the specified local health area.  See [this site](https://www2.gov.bc.ca    /gov/content/data/geographic-data-services/land-use/administrative-boundaries/health-boundaries) for a list of accepteable strings.",
    "type" : "string",
    "searchType" : "string"
  },
  {
    "name" : "communityHealthServiceArea",
    "use" : "in",
    "min" : 0,
    "max" : "1",
    "documentation" : "Search for locations within the specified local community health service area.  See [this site](https://www2.gov.bc.ca/gov/content/data/geographic-data-services/land-use/administrative-boundaries/health-boundaries) for a list of accepteable strings.",
    "type" : "string",
    "searchType" : "string"
  }]
}