{
  "resourceType" : "OperationDefinition",
  "id" : "bc-maintain",
  "text" : {
    "status" : "extensions",
    "div" : "<div xmlns=\"http://www.w3.org/1999/xhtml\"><p>URL: [base]/$maintain</p><p>Parameters</p><table class=\"grid\"><tr><td><b>Use</b></td><td><b>Name</b></td><td><b>Scope</b></td><td><b>Cardinality</b></td><td><b>Type</b></td><td><b>Binding</b></td><td><b>Documentation</b></td></tr><tr><td>IN</td><td>messageId</td><td/><td>1..1</td><td><a href=\"http://hl7.org/fhir/R4/datatypes.html#string\">string</a></td><td/><td><div><p>A unique message ID.</p>\n</div></td></tr><tr><td>IN</td><td>messageTime</td><td/><td>1..1</td><td><a href=\"http://hl7.org/fhir/R4/datatypes.html#dateTime\">dateTime</a></td><td/><td><div><p>When the message was sent.</p>\n</div></td></tr><tr><td>IN</td><td>maintain</td><td/><td>1..1</td><td><a href=\"http://hl7.org/fhir/R4/bundle.html\">Bundle</a></td><td/><td><div><p>A <a href=\"StructureDefinition-bc-practitioner-bundle.html\">BC Practitioner Bundle</a>, or <a href=\"StructureDefinition-bc-organization-bundle.html\">BC Organization Bundle</a> or a <a href=\"StructureDefinition-bc-location-bundle.html\">BC Location Bundle</a>.</p>\n</div></td></tr><tr><td>OUT</td><td>messageId</td><td/><td>1..1</td><td><a href=\"http://hl7.org/fhir/R4/datatypes.html#string\">string</a></td><td/><td><div><p>A unique message ID.</p>\n</div></td></tr><tr><td>OUT</td><td>messageTime</td><td/><td>1..1</td><td><a href=\"http://hl7.org/fhir/R4/datatypes.html#dateTime\">dateTime</a></td><td/><td><div><p>When the message was sent.</p>\n</div></td></tr><tr><td>OUT</td><td>requestMessageId</td><td/><td>1..1</td><td><a href=\"http://hl7.org/fhir/R4/datatypes.html#string\">string</a></td><td/><td><div><p>The request message ID.</p>\n</div></td></tr><tr><td>OUT</td><td>maintain</td><td/><td>0..1</td><td><a href=\"http://hl7.org/fhir/R4/bundle.html\">Bundle</a></td><td/><td><div><p>A <a href=\"StructureDefinition-bc-practitioner-bundle.html\">BC Practitioner Bundle</a>, or <a href=\"StructureDefinition-bc-organization-bundle.html\">BC Organization Bundle</a> or a <a href=\"StructureDefinition-bc-location-bundle.html\">BC Location Bundle</a>.</p>\n</div></td></tr><tr><td>OUT</td><td>outcome</td><td/><td>1..1</td><td><a href=\"http://hl7.org/fhir/R4/operationoutcome.html\">OperationOutcome</a></td><td/><td><div><p>The operation outcome - success, warning and error messages.</p>\n</div></td></tr></table></div>"
  },
  "url" : "http://hlth.gov.bc.ca/fhir/provider/OperationDefinition/bc-maintain",
  "version" : "1.0.0",
  "name" : "Maintain",
  "title" : "Maintain PLR entities.",
  "status" : "draft",
  "kind" : "operation",
  "date" : "2023-10-23T19:17:15+00:00",
  "publisher" : "BC Ministry of Health",
  "contact" : [{
    "name" : "BC Ministry of Health",
    "telecom" : [{
      "system" : "url",
      "value" : "https://www2.gov.bc.ca/gov/content/governments/organizational-structure/ministries-organizations/ministries/health"
    }]
  }],
  "description" : "This operation is used to create and update the resources that represent a Provider or Facility.",
  "jurisdiction" : [{
    "coding" : [{
      "system" : "urn:iso:std:iso:3166",
      "code" : "CA",
      "display" : "Canada"
    }]
  }],
  "code" : "maintain",
  "resource" : ["Bundle"],
  "system" : true,
  "type" : false,
  "instance" : false,
  "parameter" : [{
    "name" : "messageId",
    "use" : "in",
    "min" : 1,
    "max" : "1",
    "documentation" : "A unique message ID.",
    "type" : "string"
  },
  {
    "name" : "messageTime",
    "use" : "in",
    "min" : 1,
    "max" : "1",
    "documentation" : "When the message was sent.",
    "type" : "dateTime"
  },
  {
    "name" : "maintain",
    "use" : "in",
    "min" : 1,
    "max" : "1",
    "documentation" : "A [BC Practitioner Bundle](StructureDefinition-bc-practitioner-bundle.html), or [BC Organization Bundle](StructureDefinition-bc-organization-bundle.html) or a [BC Location Bundle](StructureDefinition-bc-location-bundle.html).",
    "type" : "Bundle"
  },
  {
    "name" : "messageId",
    "use" : "out",
    "min" : 1,
    "max" : "1",
    "documentation" : "A unique message ID.",
    "type" : "string"
  },
  {
    "name" : "messageTime",
    "use" : "out",
    "min" : 1,
    "max" : "1",
    "documentation" : "When the message was sent.",
    "type" : "dateTime"
  },
  {
    "name" : "requestMessageId",
    "use" : "out",
    "min" : 1,
    "max" : "1",
    "documentation" : "The request message ID.",
    "type" : "string"
  },
  {
    "name" : "maintain",
    "use" : "out",
    "min" : 0,
    "max" : "1",
    "documentation" : "A [BC Practitioner Bundle](StructureDefinition-bc-practitioner-bundle.html), or [BC Organization Bundle](StructureDefinition-bc-organization-bundle.html) or a [BC Location Bundle](StructureDefinition-bc-location-bundle.html).",
    "type" : "Bundle"
  },
  {
    "name" : "outcome",
    "use" : "out",
    "min" : 1,
    "max" : "1",
    "documentation" : "The operation outcome - success, warning and error messages.",
    "type" : "OperationOutcome"
  }]
}