{
  "resourceType" : "OperationDefinition",
  "id" : "bc-extended-organization-query",
  "text" : {
    "status" : "extensions",
    "div" : "<div xmlns=\"http://www.w3.org/1999/xhtml\"><p>URL: [base]/Organization/$extendedQuery</p><p>URL: [base]/Organization/[id]/$extendedQuery</p><p>Parameters</p><table class=\"grid\"><tr><td><b>Use</b></td><td><b>Name</b></td><td><b>Cardinality</b></td><td><b>Type</b></td><td><b>Binding</b></td><td><b>Documentation</b></td></tr><tr><td>IN</td><td>name</td><td>0..1</td><td><a href=\"http://hl7.org/fhir/R4/datatypes.html#string\">string</a><br/>(<a href=\"http://hl7.org/fhir/R4/search.html#string\">string</a>)</td><td/><td><div><p>Search for organizations with the specified name.</p>\n</div></td></tr><tr><td>IN</td><td>address-city</td><td>0..1</td><td><a href=\"http://hl7.org/fhir/R4/datatypes.html#string\">string</a><br/>(<a href=\"http://hl7.org/fhir/R4/search.html#string\">string</a>)</td><td/><td><div><p>Search for organizations with the specified city.</p>\n</div></td></tr></table></div>"
  },
  "url" : "http://hlth.gov.bc.ca/fhir/provider/OperationDefinition/bc-extended-organization-query",
  "version" : "1.0.0",
  "name" : "OrganizationExtendedQuery",
  "title" : "Query for an organization that returns associated resources",
  "status" : "draft",
  "kind" : "query",
  "date" : "2023-01-31T16:52:42+00:00",
  "publisher" : "BC Ministry of Health",
  "contact" : [{
    "name" : "BC Ministry of Health",
    "telecom" : [{
      "system" : "url",
      "value" : "https://www2.gov.bc.ca/gov/content/governments/organizational-structure/ministries-organizations/ministries/health"
    }]
  }],
  "jurisdiction" : [{
    "coding" : [{
      "system" : "urn:iso:std:iso:3166",
      "code" : "CA",
      "display" : "Canada"
    }]
  }],
  "code" : "extendedQuery",
  "resource" : ["Organization"],
  "system" : false,
  "type" : true,
  "instance" : true,
  "parameter" : [{
    "name" : "name",
    "use" : "in",
    "min" : 0,
    "max" : "1",
    "documentation" : "Search for organizations with the specified name.",
    "type" : "string",
    "searchType" : "string"
  },
  {
    "name" : "address-city",
    "use" : "in",
    "min" : 0,
    "max" : "1",
    "documentation" : "Search for organizations with the specified city.",
    "type" : "string",
    "searchType" : "string"
  }]
}