<?xml version="1.0" encoding="UTF-8"?>

<OperationOutcome xmlns="http://hl7.org/fhir">
  <id value="Example-OperationOutcome-7049"/>
  <meta>
    <profile value="http://hl7.org/fhir/ca-bc/provider/StructureDefinition/bc-operation-outcome"/>
  </meta>
  <text>
    <status value="generated"/><div xmlns="http://www.w3.org/1999/xhtml"><p><b>Generated Narrative: OperationOutcome</b></p><div style="display: inline-block; background-color: #d9e0e7; padding: 6px; margin: 4px; border: 1px solid #8da1b4; border-radius: 5px; line-height: 60%"><p style="margin-bottom: 0px">Resource OperationOutcome "Example-OperationOutcome-7049" </p><p style="margin-bottom: 0px">Profile: <a href="StructureDefinition-bc-operation-outcome.html">BCOperationOutcome</a></p></div><h3>Issues</h3><table class="grid"><tr><td>-</td><td><b>Severity</b></td><td><b>Code</b></td><td><b>Details</b></td></tr><tr><td>*</td><td>error</td><td>business-rule</td><td>Some results were removed under data permission rules. <span style="background: LightGoldenRodYellow; margin: 4px; border: 1px solid khaki"> (bc-error-codes#GRS.DPS.UNK.UNK.0.0.7049)</span></td></tr></table></div>
  </text>
  <issue>
    <severity value="error"/>
    <code value="business-rule"/>
    <details>
      <coding>
        <system value="https://plr.hlth.gov.bc.ca/plr/codes/bc-error-codes"/>
        <code value="GRS.DPS.UNK.UNK.0.0.7049"/>
      </coding>
      <text value="Some results were removed under data permission rules."/>
    </details>
  </issue>
</OperationOutcome>