{
  "resourceType" : "OrganizationAffiliation",
  "id" : "RELN.132.PRS",
  "meta" : {
    "profile" : ["http://hlth.gov.bc.ca/fhir/provider/StructureDefinition/bc-organization-affiliation"]
  },
  "text" : {
    "status" : "generated",
    "div" : "<div xmlns=\"http://www.w3.org/1999/xhtml\"><p><b>Generated Narrative: OrganizationAffiliation</b><a name=\"RELN.132.PRS\"> </a></p><div style=\"display: inline-block; background-color: #d9e0e7; padding: 6px; margin: 4px; border: 1px solid #8da1b4; border-radius: 5px; line-height: 60%\"><p style=\"margin-bottom: 0px\">Resource OrganizationAffiliation &quot;RELN.132.PRS&quot; </p><p style=\"margin-bottom: 0px\">Profile: <a href=\"StructureDefinition-bc-organization-affiliation.html\">BCOrganizationAffiliation</a></p></div><p><b>period</b>: 2000-01-01 --&gt; (ongoing)</p><p><b>organization</b>: <span/></p><p><b>code</b>: operatesfrom <span style=\"background: LightGoldenRodYellow; margin: 4px; border: 1px solid khaki\"> (bc-location-relationship-type-code-system#operatesfrom)</span></p><p><b>location</b>: <span/></p></div>"
  },
  "period" : {
    "start" : "2000-01-01"
  },
  "organization" : {
    "identifier" : {
      "extension" : [{
        "url" : "http://hlth.gov.bc.ca/fhir/provider/StructureDefinition/bc-owner-extension",
        "valueIdentifier" : {
          "assigner" : {
            "display" : "MOH"
          }
        }
      }],
      "system" : "http://hlth.gov.bc.ca/fhir/provider/identifier-system/IPC",
      "value" : "IPC.00147436.BC.PRS",
      "period" : {
        "start" : "2000-01-01"
      }
    }
  },
  "code" : [{
    "coding" : [{
      "system" : "https://teminology.hlth.gov.bc.ca/ProviderLocationRegistry/CodeSystem/bc-location-relationship-type-code-system",
      "code" : "operatesfrom"
    }]
  }],
  "location" : [{
    "identifier" : {
      "system" : "http://hlth.gov.bc.ca/fhir/provider/identifier-system/IFC",
      "value" : "IFC.00147422.BC.PRS",
      "period" : {
        "start" : "2000-01-01"
      }
    }
  }]
}