<?xml version="1.0" encoding="UTF-8"?>

<Organization xmlns="http://hl7.org/fhir">
  <id value="Example-Qualification-Organization"/>
  <meta>
    <profile value="http://hl7.org/fhir/ca-bc/provider/StructureDefinition/bc-organization"/>
  </meta>
  <text>
    <status value="generated"/><div xmlns="http://www.w3.org/1999/xhtml"><p><b>Generated Narrative: Organization</b></p><div style="display: inline-block; background-color: #d9e0e7; padding: 6px; margin: 4px; border: 1px solid #8da1b4; border-radius: 5px; line-height: 60%"><p style="margin-bottom: 0px">Resource Organization "Example-Qualification-Organization" </p><p style="margin-bottom: 0px">Profile: <a href="StructureDefinition-bc-organization.html">BCOrganization</a></p></div><p><b>name</b>: CREDENTIAL_CREDENTIALGRANTINGINSTTXT</p><p><b>address</b>: CALGARY AB CA </p></div>
  </text>
  <name value="CREDENTIAL_CREDENTIALGRANTINGINSTTXT"/>
  <address>
    <city value="CALGARY"/>
    <state value="AB"/>
    <country value="CA"/>
  </address>
</Organization>