<?xml version="1.0" encoding="UTF-8"?>

<Organization xmlns="http://hl7.org/fhir">
  <id value="IPC.00047422.BC.PRS"/>
  <meta>
    <profile value="http://hlth.gov.bc.ca/fhir/provider/StructureDefinition/bc-organization"/>
  </meta>
  <text>
    <status value="extensions"/><div xmlns="http://www.w3.org/1999/xhtml"><p><b>Generated Narrative: Organization</b><a name="IPC.00047422.BC.PRS"> </a><a name="hcIPC.00047422.BC.PRS"> </a></p><div style="display: inline-block; background-color: #d9e0e7; padding: 6px; margin: 4px; border: 1px solid #8da1b4; border-radius: 5px; line-height: 60%"><p style="margin-bottom: 0px">Resource Organization &quot;IPC.00047422.BC.PRS&quot; </p><p style="margin-bottom: 0px">Profile: <a href="StructureDefinition-bc-organization.html">BCOrganization</a></p></div><blockquote><p><b>BC Notes Extension</b></p><blockquote><p><b>url</b></p><code>identifier</code></blockquote><p><b>value</b>: <code>http://hlth.gov.bc.ca/fhir/provider/identifier-system/bc-note-id</code>/Note-2</p><blockquote><p><b>url</b></p><code>text</code></blockquote><p><b>value</b>: Note text</p><blockquote><p><b>url</b></p><a href="StructureDefinition-bc-period-extension.html">BC Valid Period Extension</a></blockquote><p><b>value</b>: 1998-01-02 --&gt; (ongoing)</p></blockquote><p><b>identifier</b>: <code>https://health.gov.bc.ca/fhir/NamingSystem/ca-bc-plr-ipc</code>/IPC.00047422.BC.PRS (period: 2000-01-01 --&gt; (ongoing))</p><p><b>active</b>: true</p><p><b>name</b>: Kelowna Clinic</p><p><b>alias</b>: ABC Clinic - Kelowna</p><p><b>telecom</b>: ph: 2501112234</p><p><b>address</b>: 1000 DOUGLAS ST Kelowna BC V6P7B8 CA </p></div>
  </text>
  <extension url="http://hlth.gov.bc.ca/fhir/provider/StructureDefinition/bc-note-extension">
    <extension url="identifier">
      <valueIdentifier>
        <system value="http://hlth.gov.bc.ca/fhir/provider/identifier-system/bc-note-id"/>
        <value value="Note-2"/>
      </valueIdentifier>
    </extension>
    <extension url="text">
      <valueString value="Note text"/>
    </extension>
    <extension url="http://hlth.gov.bc.ca/fhir/provider/StructureDefinition/bc-period-extension">
      <valuePeriod>
        <start value="1998-01-02"/>
      </valuePeriod>
    </extension>
  </extension>
  <identifier>
    <system value="https://health.gov.bc.ca/fhir/NamingSystem/ca-bc-plr-ipc"/>
    <value value="IPC.00047422.BC.PRS"/>
    <period>
      <start value="2000-01-01"/>
    </period>
  </identifier>
  <active value="true"/>
  <name value="Kelowna Clinic">
    <extension url="http://hlth.gov.bc.ca/fhir/provider/StructureDefinition/bc-name-use-extension">
      <valueCode value="official"/>
    </extension>
    <extension url="http://hlth.gov.bc.ca/fhir/provider/StructureDefinition/bc-period-extension">
      <valuePeriod>
        <start value="2014-01-31T00:00:00-07:00"/>
      </valuePeriod>
    </extension>
  </name>
  <alias value="ABC Clinic - Kelowna"/>
  <telecom>
    <extension url="http://hlth.gov.bc.ca/fhir/provider/StructureDefinition/bc-communication-purpose-code-extension">
      <valueCodeableConcept>
        <coding>
          <system value="https://terminology.hlth.gov.bc.ca/ProviderLocationRegistry/CodeSystem/bc-communication-purpose-code-system"/>
          <code value="BC"/>
        </coding>
      </valueCodeableConcept>
    </extension>
    <system value="phone"/>
    <value value="2501112234"/>
    <period>
      <start value="2000-02-02"/>
    </period>
  </telecom>
  <address>
    <extension url="http://hlth.gov.bc.ca/fhir/provider/StructureDefinition/bc-communication-purpose-code-extension">
      <valueCodeableConcept>
        <coding>
          <system value="https://terminology.hlth.gov.bc.ca/ProviderLocationRegistry/CodeSystem/bc-communication-purpose-code-system"/>
          <code value="BC"/>
        </coding>
      </valueCodeableConcept>
    </extension>
    <extension url="http://hlth.gov.bc.ca/fhir/provider/StructureDefinition/bc-address-validation-status-extension">
      <valueCodeableConcept>
        <coding>
          <system value="https://terminology.hlth.gov.bc.ca/ProviderLocationRegistry/CodeSystem/bc-address-validation-status-code-system"/>
          <code value="V"/>
        </coding>
      </valueCodeableConcept>
    </extension>
    <type value="postal"/>
    <line value="1000 DOUGLAS ST"/>
    <city value="Kelowna"/>
    <state value="BC"/>
    <postalCode value="V6P7B8"/>
    <country value="CA"/>
    <period>
      <start value="2000-01-01"/>
    </period>
  </address>
</Organization>