<?xml version="1.0" encoding="UTF-8"?>

<OrganizationAffiliation xmlns="http://hl7.org/fhir">
  <id value="RELN.181.PRS"/>
  <meta>
    <profile value="http://hlth.gov.bc.ca/fhir/provider/StructureDefinition/bc-organization-affiliation"/>
  </meta>
  <text>
    <status value="generated"/><div xmlns="http://www.w3.org/1999/xhtml"><p><b>Generated Narrative: OrganizationAffiliation</b><a name="RELN.181.PRS"> </a></p><div style="display: inline-block; background-color: #d9e0e7; padding: 6px; margin: 4px; border: 1px solid #8da1b4; border-radius: 5px; line-height: 60%"><p style="margin-bottom: 0px">Resource OrganizationAffiliation &quot;RELN.181.PRS&quot; </p><p style="margin-bottom: 0px">Profile: <a href="StructureDefinition-bc-organization-affiliation.html">BCOrganizationAffiliation</a></p></div><p><b>period</b>: 2000-01-01 --&gt; (ongoing)</p><p><b>organization</b>: <span/></p><p><b>participatingOrganization</b>: <span/></p><p><b>code</b>: deptof <span style="background: LightGoldenRodYellow; margin: 4px; border: 1px solid khaki"> (bc-relationship-type-code-system#deptof)</span></p></div>
  </text>
  <period>
    <start value="2000-01-01"/>
  </period>
  <organization>
    <identifier>
      <extension url="http://hlth.gov.bc.ca/fhir/provider/StructureDefinition/bc-owner-extension">
        <valueIdentifier>
          <assigner>
            <display value="MOH"/>
          </assigner>
        </valueIdentifier>
      </extension>
      <system value="http://hlth.gov.bc.ca/fhir/provider/identifier-system/IPC"/>
      <value value="IPC.00147434.BC.PRS"/>
      <period>
        <start value="2000-01-01"/>
      </period>
    </identifier>
  </organization>
  <participatingOrganization>
    <identifier>
      <system value="http://hlth.gov.bc.ca/fhir/provider/identifier-system/IPC"/>
      <value value="IPC.001164553.BC.PRS"/>
      <period>
        <start value="2000-02-02"/>
      </period>
    </identifier>
  </participatingOrganization>
  <code>
    <coding>
      <system value="https://terminology.hlth.gov.bc.ca/ProviderLocationRegistry/CodeSystem/bc-relationship-type-code-system"/>
      <code value="deptof"/>
    </coding>
  </code>
</OrganizationAffiliation>