{
  "resourceType" : "OrganizationAffiliation",
  "id" : "RELN.1182.PRS",
  "meta" : {
    "profile" : ["http://hlth.gov.bc.ca/fhir/provider/StructureDefinition/bc-organization-affiliation"]
  },
  "text" : {
    "status" : "extensions",
    "div" : "<div xmlns=\"http://www.w3.org/1999/xhtml\"><p><b>Generated Narrative: OrganizationAffiliation</b><a name=\"RELN.1182.PRS\"> </a></p><div style=\"display: inline-block; background-color: #d9e0e7; padding: 6px; margin: 4px; border: 1px solid #8da1b4; border-radius: 5px; line-height: 60%\"><p style=\"margin-bottom: 0px\">Resource OrganizationAffiliation &quot;RELN.1182.PRS&quot; </p><p style=\"margin-bottom: 0px\">Profile: <a href=\"StructureDefinition-bc-organization-affiliation.html\">BCOrganizationAffiliation</a></p></div><p><b>BC End Reason Extension</b>: CHG <span style=\"background: LightGoldenRodYellow; margin: 4px; border: 1px solid khaki\"> (bc-end-reason-code-system#CHG)</span></p><p><b>period</b>: 2000-01-01 --&gt; (ongoing)</p><p><b>organization</b>: <span><code>https://health.gov.bc.ca/fhir/NamingSystem/ca-bc-plr-ipc</code>/IPC.70007000.PRS.BC\u00a0(period:\u00a02000-01-01 --&gt; (ongoing))</span></p><p><b>code</b>: OPERATES <span style=\"background: LightGoldenRodYellow; margin: 4px; border: 1px solid khaki\"> (bc-location-relationship-type-code-system#OPERATES)</span></p><p><b>location</b>: <span><code>https://health.gov.bc.ca/fhir/NamingSystem/ca-bc-plr-ifc</code>/IFC.00147422.BC.PRS\u00a0(period:\u00a02000-01-01 --&gt; (ongoing))</span></p></div>"
  },
  "extension" : [{
    "url" : "http://hlth.gov.bc.ca/fhir/provider/StructureDefinition/bc-end-reason-extension",
    "valueCodeableConcept" : {
      "coding" : [{
        "system" : "https://terminology.hlth.gov.bc.ca/ProviderLocationRegistry/CodeSystem/bc-end-reason-code-system",
        "code" : "CHG"
      }]
    }
  }],
  "period" : {
    "start" : "2000-01-01"
  },
  "organization" : {
    "identifier" : {
      "system" : "https://health.gov.bc.ca/fhir/NamingSystem/ca-bc-plr-ipc",
      "value" : "IPC.70007000.PRS.BC",
      "period" : {
        "start" : "2000-01-01"
      }
    }
  },
  "code" : [{
    "coding" : [{
      "system" : "https://terminology.hlth.gov.bc.ca/ProviderLocationRegistry/CodeSystem/bc-location-relationship-type-code-system",
      "code" : "OPERATES"
    }]
  }],
  "location" : [{
    "identifier" : {
      "system" : "https://health.gov.bc.ca/fhir/NamingSystem/ca-bc-plr-ifc",
      "value" : "IFC.00147422.BC.PRS",
      "period" : {
        "start" : "2000-01-01"
      }
    }
  }]
}