{
  "resourceType" : "Parameters",
  "id" : "Example-Request-Distribution-Organization",
  "parameter" : [{
    "name" : "messageId",
    "valueString" : "12344321"
  },
  {
    "name" : "messageTime",
    "valueDateTime" : "2022-06-27T01:01:01-08:00"
  },
  {
    "name" : "distribution",
    "resource" : {
      "resourceType" : "Bundle",
      "id" : "Example-DistributeOrganization-Bundle",
      "meta" : {
        "profile" : ["http://hlth.gov.bc.ca/fhir/provider/StructureDefinition/bc-organization-bundle"]
      },
      "type" : "collection",
      "entry" : [{
        "fullUrl" : "https://plresb.hlth.gov.bc.ca/HSA-web/fhir-rs/Organization/IPC.00147436.BC.PRS",
        "resource" : {
          "resourceType" : "Organization",
          "id" : "IPC.00147436.BC.PRS",
          "meta" : {
            "profile" : ["http://hlth.gov.bc.ca/fhir/provider/StructureDefinition/bc-organization"]
          },
          "extension" : [{
            "extension" : [{
              "url" : "identifier",
              "valueIdentifier" : {
                "system" : "http://hlth.gov.bc.ca/fhir/provider/identifier-system/bc-note-id",
                "value" : "Note-2"
              }
            },
            {
              "url" : "text",
              "valueString" : "Note text"
            },
            {
              "url" : "http://hlth.gov.bc.ca/fhir/provider/StructureDefinition/bc-period-extension",
              "valuePeriod" : {
                "start" : "1998-01-02"
              }
            },
            {
              "url" : "http://hlth.gov.bc.ca/fhir/provider/StructureDefinition/bc-owner-extension",
              "valueIdentifier" : {
                "assigner" : {
                  "display" : "PHSA"
                }
              }
            }],
            "url" : "http://hlth.gov.bc.ca/fhir/provider/StructureDefinition/bc-note-extension"
          }],
          "identifier" : [{
            "extension" : [{
              "url" : "http://hlth.gov.bc.ca/fhir/provider/StructureDefinition/bc-owner-extension",
              "valueIdentifier" : {
                "assigner" : {
                  "display" : "PHSA"
                }
              }
            }],
            "system" : "http://hlth.gov.bc.ca/fhir/provider/identifier-system/ORGID",
            "value" : "123123123",
            "period" : {
              "start" : "2000-01-01"
            }
          },
          {
            "extension" : [{
              "url" : "http://hlth.gov.bc.ca/fhir/provider/StructureDefinition/bc-owner-extension",
              "valueIdentifier" : {
                "assigner" : {
                  "display" : "MOH"
                }
              }
            }],
            "system" : "http://hlth.gov.bc.ca/fhir/provider/identifier-system/IPC",
            "value" : "IPC.00147436.BC.PRS",
            "period" : {
              "start" : "2000-01-01"
            }
          },
          {
            "extension" : [{
              "url" : "http://hlth.gov.bc.ca/fhir/provider/StructureDefinition/bc-owner-extension",
              "valueIdentifier" : {
                "assigner" : {
                  "display" : "PHSA"
                }
              }
            }],
            "system" : "http://hlth.gov.bc.ca/fhir/provider/identifier-system/CPN",
            "value" : "CPN.00147433.BC.PRS",
            "period" : {
              "start" : "2000-01-01"
            }
          }],
          "active" : true,
          "type" : [{
            "coding" : [{
              "system" : "https://terminology.hlth.gov.bc.ca/ProviderLocationRegistry/CodeSystem/bc-organization-role-code-system",
              "code" : "CLINIC"
            }]
          }],
          "name" : "Kelowna Clinic",
          "_name" : {
            "extension" : [{
              "url" : "http://hlth.gov.bc.ca/fhir/provider/StructureDefinition/bc-name-use-extension",
              "valueCode" : "official"
            },
            {
              "url" : "http://hlth.gov.bc.ca/fhir/provider/StructureDefinition/bc-period-extension",
              "valuePeriod" : {
                "start" : "2014-01-31T00:00:00-07:00"
              }
            },
            {
              "url" : "http://hlth.gov.bc.ca/fhir/provider/StructureDefinition/bc-owner-extension",
              "valueIdentifier" : {
                "assigner" : {
                  "display" : "PHSA"
                }
              }
            }]
          },
          "alias" : ["ABC Clinic - Kelowna"],
          "telecom" : [{
            "extension" : [{
              "url" : "http://hlth.gov.bc.ca/fhir/provider/StructureDefinition/bc-communication-purpose-code-extension",
              "valueCodeableConcept" : {
                "coding" : [{
                  "system" : "https://terminology.hlth.gov.bc.ca/ProviderLocationRegistry/CodeSystem/bc-communication-purpose-code-system",
                  "code" : "BC"
                }]
              }
            },
            {
              "url" : "http://hlth.gov.bc.ca/fhir/provider/StructureDefinition/bc-owner-extension",
              "valueIdentifier" : {
                "assigner" : {
                  "display" : "PHSA"
                }
              }
            }],
            "system" : "phone",
            "value" : "2503424343",
            "period" : {
              "start" : "2000-02-02"
            }
          }],
          "address" : [{
            "extension" : [{
              "url" : "http://hlth.gov.bc.ca/fhir/provider/StructureDefinition/bc-communication-purpose-code-extension",
              "valueCodeableConcept" : {
                "coding" : [{
                  "system" : "https://terminology.hlth.gov.bc.ca/ProviderLocationRegistry/CodeSystem/bc-communication-purpose-code-system",
                  "code" : "BC"
                }]
              }
            },
            {
              "url" : "http://hlth.gov.bc.ca/fhir/provider/StructureDefinition/bc-address-validation-status-extension",
              "valueCodeableConcept" : {
                "coding" : [{
                  "system" : "https://terminology.hlth.gov.bc.ca/ProviderLocationRegistry/CodeSystem/bc-address-validation-status-code-system",
                  "code" : "V"
                }]
              }
            },
            {
              "url" : "http://hlth.gov.bc.ca/fhir/provider/StructureDefinition/bc-owner-extension",
              "valueIdentifier" : {
                "assigner" : {
                  "display" : "PHSA"
                }
              }
            }],
            "type" : "postal",
            "line" : ["19 ST",
            "ADDRESS ADDRESSLINE2TXT",
            "ADDRESS ADDRESSLINE3TXT"],
            "city" : "VICTORIA",
            "state" : "BC",
            "postalCode" : "V6P7B8",
            "country" : "CA",
            "period" : {
              "start" : "2000-01-01"
            }
          }]
        }
      },
      {
        "fullUrl" : "https://plresb.hlth.gov.bc.ca/HSA-web/fhir-rs/PractitionerRole/RELN.123.PRS",
        "resource" : {
          "resourceType" : "PractitionerRole",
          "id" : "RELN.123.PRS",
          "meta" : {
            "profile" : ["http://hlth.gov.bc.ca/fhir/provider/StructureDefinition/bc-role-relationships"]
          },
          "extension" : [{
            "url" : "http://hlth.gov.bc.ca/fhir/provider/StructureDefinition/bc-relationship-type-extension",
            "valueCodeableConcept" : {
              "coding" : [{
                "system" : "https://terminology.hlth.gov.bc.ca/ProviderLocationRegistry/CodeSystem/bc-relationship-type-code-system",
                "code" : "EE"
              }]
            }
          }],
          "period" : {
            "start" : "2000-01-01"
          },
          "practitioner" : {
            "identifier" : {
              "system" : "http://hlth.gov.bc.ca/fhir/provider/identifier-system/IPC",
              "value" : "IPC.00147422.BC.PRS",
              "period" : {
                "start" : "2000-01-01"
              }
            }
          },
          "organization" : {
            "identifier" : {
              "extension" : [{
                "url" : "http://hlth.gov.bc.ca/fhir/provider/StructureDefinition/bc-owner-extension",
                "valueIdentifier" : {
                  "assigner" : {
                    "display" : "MOH"
                  }
                }
              }],
              "system" : "http://hlth.gov.bc.ca/fhir/provider/identifier-system/IPC",
              "value" : "IPC.00147436.BC.PRS",
              "period" : {
                "start" : "2000-01-01"
              }
            }
          }
        }
      },
      {
        "fullUrl" : "https://plresb.hlth.gov.bc.ca/HSA-web/fhir-rs/OrganizationAffiliation/RELN.132.PRS",
        "resource" : {
          "resourceType" : "OrganizationAffiliation",
          "id" : "RELN.132.PRS",
          "meta" : {
            "profile" : ["http://hlth.gov.bc.ca/fhir/provider/StructureDefinition/bc-organization-affiliation"]
          },
          "period" : {
            "start" : "2000-01-01"
          },
          "organization" : {
            "identifier" : {
              "extension" : [{
                "url" : "http://hlth.gov.bc.ca/fhir/provider/StructureDefinition/bc-owner-extension",
                "valueIdentifier" : {
                  "assigner" : {
                    "display" : "MOH"
                  }
                }
              }],
              "system" : "http://hlth.gov.bc.ca/fhir/provider/identifier-system/IPC",
              "value" : "IPC.00147436.BC.PRS",
              "period" : {
                "start" : "2000-01-01"
              }
            }
          },
          "code" : [{
            "coding" : [{
              "system" : "https://terminology.hlth.gov.bc.ca/ProviderLocationRegistry/CodeSystem/bc-location-relationship-type-code-system",
              "code" : "operatesfrom"
            }]
          }],
          "location" : [{
            "identifier" : {
              "system" : "http://hlth.gov.bc.ca/fhir/provider/identifier-system/IFC",
              "value" : "IFC.00147422.BC.PRS",
              "period" : {
                "start" : "2000-01-01"
              }
            }
          }]
        }
      }]
    }
  }]
}