<?xml version="1.0" encoding="UTF-8"?>

<Parameters xmlns="http://hl7.org/fhir">
  <id value="Example-Request-Add-Practitioner"/>
  <parameter>
    <name value="messageId"/>
    <valueString value="12344321"/>
  </parameter>
  <parameter>
    <name value="messageTime"/>
    <valueDateTime value="2022-06-27T01:01:01-08:00"/>
  </parameter>
  <parameter>
    <name value="maintain"/>
    <resource>
      <Bundle>
        <id value="Example-AddPractitioner-Bundle"/>
        <meta>
          <profile value="http://hl7.org/fhir/ca-bc/provider/StructureDefinition/bc-practitioner-bundle"/>
        </meta>
        <type value="collection"/>
        <entry>
          <fullUrl value="urn:uuid:67b11c73-c2ee-474f-ab64-56b863a1cc87"/>
          <resource>
            <Practitioner>
              <id value="Example-Practitioner"/>
              <meta>
                <profile value="http://hl7.org/fhir/ca-bc/provider/StructureDefinition/bc-practitioner"/>
              </meta>
              <contained>
                <Organization>
                  <id value="grantingInstitution"/>
                  <meta>
                    <profile value="http://hl7.org/fhir/ca-bc/provider/StructureDefinition/bc-organization"/>
                  </meta>
                  <name value="University of Calgary"/>
                  <address>
                    <city value="CALGARY"/>
                    <state value="AB"/>
                    <country value="CA"/>
                  </address>
                </Organization>
              </contained>
              <extension url="http://hl7.org/fhir/ca-bc/provider/StructureDefinition/bc-period-extension">
                <valuePeriod>
                  <start value="2012-12-07"/>
                </valuePeriod>
              </extension>
              <extension url="http://hl7.org/fhir/ca-bc/provider/StructureDefinition/bc-birthplace-extension">
                <valueAddress>
                  <city value="Ottawa"/>
                  <country value="CA"/>
                </valueAddress>
              </extension>
              <extension url="http://hl7.org/fhir/ca-bc/provider/StructureDefinition/bc-license-status-extension">
                <extension url="statusCode">
                  <valueCodeableConcept>
                    <coding>
                      <system value="http://terminology.hl7.org/CodeSystem/v3-RoleStatus"/>
                      <code value="suspended"/>
                    </coding>
                  </valueCodeableConcept>
                </extension>
                <extension url="statusReasonCode">
                  <valueCodeableConcept>
                    <coding>
                      <system value="https://plr.hlth.gov.bc.ca/plr/codes/bc-status-reason-code"/>
                      <code value="LTP"/>
                    </coding>
                  </valueCodeableConcept>
                </extension>
                <extension url="period">
                  <valuePeriod>
                    <start value="2022-06-24"/>
                  </valuePeriod>
                </extension>
              </extension>
              <extension url="http://hl7.org/fhir/ca-bc/provider/StructureDefinition/bc-practitioner-disciplinary-action-extension">
                <extension url="identifier">
                  <valueIdentifier>
                    <value value="DA-1"/>
                  </valueIdentifier>
                </extension>
                <extension url="description">
                  <valueString value="Description"/>
                </extension>
                <extension url="archiveDate">
                  <valueDateTime value="2000-01-01"/>
                </extension>
                <extension url="http://hl7.org/fhir/ca-bc/provider/StructureDefinition/bc-period-extension">
                  <valuePeriod>
                    <start value="1998-01-02"/>
                  </valuePeriod>
                </extension>
                <extension url="displayFlag">
                  <valueBoolean value="false"/>
                </extension>
              </extension>
              <extension url="http://hl7.org/fhir/ca-bc/provider/StructureDefinition/bc-note-extension">
                <extension url="identifier">
                  <valueIdentifier>
                    <system value="https://plr.hlth.gov.bc.ca/plr/codes/bc-note-id"/>
                    <value value="Note-2"/>
                  </valueIdentifier>
                </extension>
                <extension url="text">
                  <valueString value="Note text"/>
                </extension>
                <extension url="http://hl7.org/fhir/ca-bc/provider/StructureDefinition/bc-period-extension">
                  <valuePeriod>
                    <start value="1998-01-02"/>
                  </valuePeriod>
                </extension>
              </extension>
              <extension url="http://hl7.org/fhir/ca-bc/provider/StructureDefinition/bc-practitioner-condition-extension">
                <extension url="identifier">
                  <valueIdentifier>
                    <system value="https://plr.hlth.gov.bc.ca/plr/codes/bc-condition-id"/>
                    <value value="Condition-1"/>
                  </valueIdentifier>
                </extension>
                <extension url="restriction">
                  <valueBoolean value="false"/>
                </extension>
                <extension url="restrictionText">
                  <valueString value="Restriction text"/>
                </extension>
                <extension url="code">
                  <valueCodeableConcept>
                    <coding>
                      <system value="https://plr.hlth.gov.bc.ca/plr/codes/bc-condition-type-code"/>
                      <code value="EXP"/>
                    </coding>
                  </valueCodeableConcept>
                </extension>
                <extension url="http://hl7.org/fhir/ca-bc/provider/StructureDefinition/bc-period-extension">
                  <valuePeriod>
                    <start value="1998-01-02"/>
                  </valuePeriod>
                </extension>
              </extension>
              <extension url="http://hl7.org/fhir/ca-bc/provider/StructureDefinition/bc-practitioner-confidentiality-extension">
                <extension url="http://hl7.org/fhir/ca-bc/provider/StructureDefinition/bc-period-extension">
                  <valuePeriod>
                    <start value="2000-01-01"/>
                    <end value="2020-01-01"/>
                  </valuePeriod>
                </extension>
                <extension url="code">
                  <valueCodeableConcept>
                    <coding>
                      <system value="http://terminology.hl7.org/CodeSystem/v3-Confidentiality"/>
                      <code value="R"/>
                    </coding>
                  </valueCodeableConcept>
                </extension>
              </extension>
              <extension url="http://hl7.org/fhir/ca-bc/provider/StructureDefinition/bc-practitioner-relationship-extension">
                <extension url="http://hl7.org/fhir/ca-bc/provider/StructureDefinition/bc-period-extension">
                  <valuePeriod>
                    <start value="2022-06-30"/>
                  </valuePeriod>
                </extension>
                <extension url="practitioner">
                  <valueReference>
                    <identifier>
                      <system value="https://plr.hlth.gov.bc.ca/plr/identifier-system/IPC"/>
                      <value value="IPC.00763483.BC.PRS"/>
                      <period>
                        <start value="2000-01-01"/>
                      </period>
                    </identifier>
                  </valueReference>
                </extension>
                <extension url="http://hl7.org/fhir/ca-bc/provider/StructureDefinition/bc-relationship-type-extension">
                  <valueCodeableConcept>
                    <coding>
                      <system value="https://plr.hlth.gov.bc.ca/plr/codes/bc-relationship-type-code"/>
                      <code value="WORKSAT"/>
                    </coding>
                  </valueCodeableConcept>
                </extension>
              </extension>
              <identifier>
                <system value="https://plr.hlth.gov.bc.ca/plr/identifier-system/IPC"/>
                <value value="IPC.00147422.BC.PRS"/>
                <period>
                  <start value="2000-01-01"/>
                </period>
              </identifier>
              <name>
                <use value="official"/>
                <family value="FamilyName"/>
                <given value="GivenName"/>
                <period>
                  <start value="2012-12-07"/>
                </period>
              </name>
              <telecom>
                <extension url="http://hl7.org/fhir/StructureDefinition/contactpoint-area">
                  <valueString value="250"/>
                </extension>
                <extension url="http://hl7.org/fhir/StructureDefinition/contactpoint-country">
                  <valueString value="1"/>
                </extension>
                <extension url="http://hl7.org/fhir/StructureDefinition/contactpoint-local">
                  <valueString value="1112234"/>
                </extension>
                <extension url="http://hl7.org/fhir/StructureDefinition/contactpoint-extension">
                  <valueString value="3432"/>
                </extension>
                <extension url="http://hl7.org/fhir/ca-bc/provider/StructureDefinition/bc-communication-purpose-code-extension">
                  <valueCodeableConcept>
                    <coding>
                      <system value="https://plr.hlth.gov.bc.ca/plr/codes/bc-communication-purpose-code"/>
                      <code value="BC"/>
                    </coding>
                  </valueCodeableConcept>
                </extension>
                <system value="phone"/>
                <period>
                  <start value="2000-02-02"/>
                </period>
              </telecom>
              <address>
                <extension url="http://hl7.org/fhir/ca-bc/provider/StructureDefinition/bc-communication-purpose-code-extension">
                  <valueCodeableConcept>
                    <coding>
                      <system value="https://plr.hlth.gov.bc.ca/plr/codes/bc-communication-purpose-code"/>
                      <code value="BC"/>
                    </coding>
                  </valueCodeableConcept>
                </extension>
                <extension url="http://hl7.org/fhir/ca-bc/provider/StructureDefinition/bc-address-validation-status-extension">
                  <valueCodeableConcept>
                    <coding>
                      <system value="https://plr.hlth.gov.bc.ca/plr/codes/bc-address-validation-status-code"/>
                      <code value="V"/>
                    </coding>
                  </valueCodeableConcept>
                </extension>
                <type value="postal"/>
                <line value="19 ST"/>
                <line value="ADDRESS ADDRESSLINE2TXT"/>
                <line value="ADDRESS ADDRESSLINE3TXT"/>
                <city value="VICTORIA"/>
                <state value="BC"/>
                <postalCode value="V6P7B8"/>
                <country value="CA"/>
                <period>
                  <start value="2000-01-01"/>
                </period>
              </address>
              <gender value="male"/>
              <birthDate value="1934-01-02">
                <extension url="http://hl7.org/fhir/ca-bc/provider/StructureDefinition/bc-birthtime-extension">
                  <valueDateTime value="1951-11-12T00:00:01-06:00"/>
                </extension>
              </birthDate>
              <qualification>
                <extension url="http://hl7.org/fhir/ca-bc/provider/StructureDefinition/bc-practitioner-qualification-extension">
                  <extension url="designation">
                    <valueString value="Designation"/>
                  </extension>
                  <extension url="equivalencyFlag">
                    <valueBoolean value="false"/>
                  </extension>
                  <extension url="registrationNumber">
                    <valueString value="Registration No."/>
                  </extension>
                  <extension url="issuedDate">
                    <valueDateTime value="2000-02-03"/>
                  </extension>
                </extension>
                <code>
                  <coding>
                    <system value="https://fhir.infoway-inforoute.ca/CodeSystem/scpqual"/>
                    <code value="BD"/>
                  </coding>
                </code>
                <period>
                  <start value="2000-01-01"/>
                </period>
                <issuer>
                  <reference value="#grantingInstitution"/>
                </issuer>
              </qualification>
              <communication>
                <extension url="http://hl7.org/fhir/ca-bc/provider/StructureDefinition/bc-period-extension">
                  <valuePeriod>
                    <start value="2000-01-01"/>
                  </valuePeriod>
                </extension>
                <extension url="http://hl7.org/fhir/ca-bc/provider/StructureDefinition/bc-specialty-source-extension">
                  <valueString value="Language Source"/>
                </extension>
                <coding>
                  <system value="https://plr.hlth.gov.bc.ca/plr/codes/bc-language-code"/>
                  <code value="EN"/>
                </coding>
              </communication>
            </Practitioner>
          </resource>
        </entry>
        <entry>
          <fullUrl value="urn:uuid:e46a70b4-d0b9-4770-8ff6-989f4f847dc6"/>
          <resource>
            <PractitionerRole>
              <id value="Example-PractitionerRole-1-Role-FromPractitioner"/>
              <meta>
                <profile value="http://hl7.org/fhir/ca-bc/provider/StructureDefinition/bc-practitioner-role"/>
              </meta>
              <practitioner>
                <reference value="urn:uuid:67b11c73-c2ee-474f-ab64-56b863a1cc87"/>
              </practitioner>
              <organization>
                <display value="BC"/>
              </organization>
              <code>
                <coding>
                  <system value="https://fhir.infoway-inforoute.ca/CodeSystem/scptype"/>
                  <code value="MD"/>
                </coding>
              </code>
              <specialty>
                <extension url="http://hl7.org/fhir/ca-bc/provider/StructureDefinition/bc-period-extension">
                  <valuePeriod>
                    <start value="2000-01-01"/>
                    <end value="2020-01-01"/>
                  </valuePeriod>
                </extension>
                <extension url="http://hl7.org/fhir/ca-bc/provider/StructureDefinition/bc-specialty-source-extension">
                  <valueString value="Expertise source"/>
                </extension>
                <coding>
                  <system value="https://fhir.infoway-inforoute.ca/CodeSystem/scpqual"/>
                  <code value="AMD53"/>
                </coding>
              </specialty>
            </PractitionerRole>
          </resource>
        </entry>
        <entry>
          <fullUrl value="urn:uuid:e06c8673-ddf5-4190-ba1e-dd43923a66c7"/>
          <resource>
            <PractitionerRole>
              <id value="Example-PractitionerRole-2-OrgRef-FromPractitioner"/>
              <meta>
                <profile value="http://hl7.org/fhir/ca-bc/provider/StructureDefinition/bc-practitioner-role"/>
              </meta>
              <period>
                <start value="2000-01-01"/>
              </period>
              <practitioner>
                <reference value="urn:uuid:67b11c73-c2ee-474f-ab64-56b863a1cc87"/>
              </practitioner>
              <organization>
                <extension url="http://hl7.org/fhir/ca-bc/provider/StructureDefinition/bc-relationship-type-extension">
                  <valueCodeableConcept>
                    <coding>
                      <system value="https://plr.hlth.gov.bc.ca/plr/codes/bc-relationship-type-code"/>
                      <code value="EMPLOYEE"/>
                    </coding>
                  </valueCodeableConcept>
                </extension>
                <identifier>
                  <system value="https://plr.hlth.gov.bc.ca/plr/identifier-system/IPC"/>
                  <value value="IPC.00147433.BC.PRS"/>
                  <period>
                    <start value="2000-01-01"/>
                  </period>
                </identifier>
              </organization>
            </PractitionerRole>
          </resource>
        </entry>
        <entry>
          <fullUrl value="urn:uuid:529cd77a-8f57-4d2d-bf3d-38dc3c2c4ec9"/>
          <resource>
            <PractitionerRole>
              <id value="Example-PractitionerRole-3-LocRef-FromPractitioner"/>
              <meta>
                <profile value="http://hl7.org/fhir/ca-bc/provider/StructureDefinition/bc-practitioner-role"/>
              </meta>
              <period>
                <start value="2000-01-01"/>
              </period>
              <practitioner>
                <reference value="urn:uuid:67b11c73-c2ee-474f-ab64-56b863a1cc87"/>
              </practitioner>
              <location>
                <extension url="http://hl7.org/fhir/ca-bc/provider/StructureDefinition/bc-location-relationship-type-extension">
                  <valueCodeableConcept>
                    <coding>
                      <system value="https://plr.hlth.gov.bc.ca/plr/codes/bc-location-relationship-type-code"/>
                      <code value="WORKSAT"/>
                    </coding>
                  </valueCodeableConcept>
                </extension>
                <identifier>
                  <system value="https://plr.hlth.gov.bc.ca/plr/identifier-system/IFC"/>
                  <value value="IFC.00147422.BC.PRS"/>
                  <period>
                    <start value="2000-01-01"/>
                  </period>
                </identifier>
              </location>
            </PractitionerRole>
          </resource>
        </entry>
      </Bundle>
    </resource>
  </parameter>
</Parameters>