<?xml version="1.0" encoding="UTF-8"?>

<Parameters xmlns="http://hl7.org/fhir">
  <id value="Example-Request-Update-Organization"/>
  <parameter>
    <name value="messageId"/>
    <valueString value="12344321"/>
  </parameter>
  <parameter>
    <name value="messageTime"/>
    <valueDateTime value="2022-06-27T01:01:01-08:00"/>
  </parameter>
  <parameter>
    <name value="maintain"/>
    <resource>
      <Bundle>
        <id value="Example-UpdateOrganization-Bundle"/>
        <meta>
          <profile value="http://hl7.org/fhir/ca-bc/provider/StructureDefinition/bc-organization-bundle"/>
        </meta>
        <type value="collection"/>
        <entry>
          <fullUrl value="urn:uuid:e24cfa57-5e07-4e5b-b229-0e65c74de7bf"/>
          <resource>
            <Organization>
              <id value="Example-Organization-1-Update"/>
              <meta>
                <profile value="http://hl7.org/fhir/ca-bc/provider/StructureDefinition/bc-organization"/>
              </meta>
              <extension url="http://hl7.org/fhir/ca-bc/provider/StructureDefinition/bc-note-extension">
                <extension url="identifier">
                  <valueIdentifier>
                    <system value="https://plr.hlth.gov.bc.ca/plr/identifier-system/bc-note-id"/>
                    <value value="Note-3"/>
                  </valueIdentifier>
                </extension>
                <extension url="text">
                  <valueString value="Note text"/>
                </extension>
                <extension url="http://hl7.org/fhir/ca-bc/provider/StructureDefinition/bc-period-extension">
                  <valuePeriod>
                    <start value="1998-01-02"/>
                  </valuePeriod>
                </extension>
                <extension url="http://hl7.org/fhir/ca-bc/provider/StructureDefinition/bc-end-reason-extension">
                  <valueCodeableConcept>
                    <coding>
                      <system value="https://plr.hlth.gov.bc.ca/plr/codes/bc-end-reason-code"/>
                      <code value="CHG"/>
                    </coding>
                  </valueCodeableConcept>
                </extension>
              </extension>
              <identifier>
                <system value="https://plr.hlth.gov.bc.ca/plr/identifier-system/ORGID"/>
                <value value="123123123"/>
                <period>
                  <start value="2000-01-01"/>
                </period>
              </identifier>
              <active value="true"/>
              <name value="Kelowna Clinic">
                <extension url="http://hl7.org/fhir/ca-bc/provider/StructureDefinition/bc-name-use-extension">
                  <valueCode value="official"/>
                </extension>
                <extension url="http://hl7.org/fhir/ca-bc/provider/StructureDefinition/bc-period-extension">
                  <valuePeriod>
                    <start value="2014-01-31T00:00:00-07:00"/>
                  </valuePeriod>
                </extension>
                <extension url="http://hl7.org/fhir/ca-bc/provider/StructureDefinition/bc-end-reason-extension">
                  <valueCodeableConcept>
                    <coding>
                      <system value="https://plr.hlth.gov.bc.ca/plr/codes/bc-end-reason-code"/>
                      <code value="CHG"/>
                    </coding>
                  </valueCodeableConcept>
                </extension>
              </name>
              <alias value="ABC Clinic - Kelowna"/>
              <telecom>
                <extension url="http://hl7.org/fhir/StructureDefinition/contactpoint-area">
                  <valueString value="250"/>
                </extension>
                <extension url="http://hl7.org/fhir/StructureDefinition/contactpoint-country">
                  <valueString value="1"/>
                </extension>
                <extension url="http://hl7.org/fhir/StructureDefinition/contactpoint-local">
                  <valueString value="1112234"/>
                </extension>
                <extension url="http://hl7.org/fhir/StructureDefinition/contactpoint-extension">
                  <valueString value="3432"/>
                </extension>
                <extension url="http://hl7.org/fhir/ca-bc/provider/StructureDefinition/bc-communication-purpose-code-extension">
                  <valueCodeableConcept>
                    <coding>
                      <system value="https://plr.hlth.gov.bc.ca/plr/codes/bc-communication-purpose-code"/>
                      <code value="BC"/>
                    </coding>
                  </valueCodeableConcept>
                </extension>
                <extension url="http://hl7.org/fhir/ca-bc/provider/StructureDefinition/bc-end-reason-extension">
                  <valueCodeableConcept>
                    <coding>
                      <system value="https://plr.hlth.gov.bc.ca/plr/codes/bc-end-reason-code"/>
                      <code value="CHG"/>
                    </coding>
                  </valueCodeableConcept>
                </extension>
                <system value="phone"/>
                <period>
                  <start value="2000-02-02"/>
                </period>
              </telecom>
              <address>
                <extension url="http://hl7.org/fhir/ca-bc/provider/StructureDefinition/bc-communication-purpose-code-extension">
                  <valueCodeableConcept>
                    <coding>
                      <system value="https://plr.hlth.gov.bc.ca/plr/codes/bc-communication-purpose-code"/>
                      <code value="BC"/>
                    </coding>
                  </valueCodeableConcept>
                </extension>
                <extension url="http://hl7.org/fhir/ca-bc/provider/StructureDefinition/bc-end-reason-extension">
                  <valueCodeableConcept>
                    <coding>
                      <system value="https://plr.hlth.gov.bc.ca/plr/codes/bc-end-reason-code"/>
                      <code value="CHG"/>
                    </coding>
                  </valueCodeableConcept>
                </extension>
                <type value="postal"/>
                <line value="1000 DOUGLAS ST"/>
                <city value="VICTORIA"/>
                <state value="BC"/>
                <postalCode value="V6P7B8"/>
                <country value="CA"/>
                <period>
                  <start value="2000-01-01"/>
                </period>
              </address>
            </Organization>
          </resource>
        </entry>
      </Bundle>
    </resource>
  </parameter>
</Parameters>