{
  "resourceType": "Practitioner",
  "id": "Example-AddPractitioner-Practitioner",
  "meta": {
    "profile": [
      "http://hl7.org/fhir/ca-bc/provider/StructureDefinition/bc-practitioner"
    ]
  },
  "text": {
    "status": "extensions",
    "div": "<div xmlns=\"http://www.w3.org/1999/xhtml\"><p><b>Generated Narrative</b></p><div style=\"display: inline-block; background-color: #d9e0e7; padding: 6px; margin: 4px; border: 1px solid #8da1b4; border-radius: 5px; line-height: 60%\"><p style=\"margin-bottom: 0px\">Resource \"Example-AddPractitioner-Practitioner\" </p><p style=\"margin-bottom: 0px\">Profile: <a href=\"StructureDefinition-bc-practitioner.html\">BCPractitioner</a></p></div><p><b>BC Valid Period Extension</b>: 2000-01-01 --&gt; 2020-01-01</p><blockquote><p><b>BC License Status Extension</b></p><p><b>value</b>: active <span style=\"background: LightGoldenRodYellow; margin: 4px; border: 1px solid khaki\"> (<a href=\"http://terminology.hl7.org/3.0.0/CodeSystem-v3-RoleStatus.html\">RoleStatus</a>#active)</span></p><p><b>value</b>: 2000-01-01 --&gt; 2020-01-01</p><p><b>value</b>: PRAC <span style=\"background: LightGoldenRodYellow; margin: 4px; border: 1px solid khaki\"> (status_reason_code#PRAC)</span></p><p><b>value</b>: id: RNA</p></blockquote><blockquote><p><b>BC End Reason Extension</b></p><p><b>value</b>: id: RNA</p><p><b>value</b>: PRAC <span style=\"background: LightGoldenRodYellow; margin: 4px; border: 1px solid khaki\"> (status_reason_code#PRAC)</span></p></blockquote><p><b>BC Practitioner Date of Death Extension</b>: 2000-02-01</p><p><b>BC Birth Place Extension</b>: AL US </p><blockquote><p><b>BC Practitioner Disciplinary Actions Extension</b></p><p><b>value</b>: id: DISCIPLINARY_ACTION_TEST1</p><p><b>value</b>: DISCIPLINARYACTION_DESCRIPTIONTXT_1</p><p><b>value</b>: 1950-11-20T00:00:00-07:00 --&gt; 2020-01-01</p><p><b>value</b>: 2020-01-01</p><p><b>value</b>: true</p></blockquote><blockquote><p><b>BC Practitioner Confidentiality Extension</b></p><p><b>value</b>: normal <span style=\"background: LightGoldenRodYellow; margin: 4px; border: 1px solid khaki\"> (<a href=\"http://terminology.hl7.org/3.0.0/CodeSystem-v3-Confidentiality.html\">Confidentiality</a>#N)</span></p><p><b>value</b>: 2000-01-01 --&gt; 2020-01-01</p></blockquote><blockquote><p><b>BC Notes Extension</b></p><p><b>value</b>: id: noteID1</p><p><b>value</b>: Note text sample</p><p><b>value</b>: 2000-01-01 --&gt; 2020-01-01</p></blockquote><blockquote><p><b>BC Practitioner Conditions Extension</b></p><p><b>value</b>: id: 23</p><p><b>value</b>: 2000-01-01 --&gt; 2020-01-01</p><p><b>value</b>: true</p><p><b>value</b>: CONDITION_RESTRICTION_EXPLANATION TEXT</p><p><b>value</b>: LOC <span style=\"background: LightGoldenRodYellow; margin: 4px; border: 1px solid khaki\"> (condition_type_code#LOC)</span></p></blockquote><blockquote><p><b>BC Practitioner to Practitioner Relationship Extension</b></p><p><b>value</b>: 2000-01-01 --&gt; 2020-01-01</p><p><b>value</b>: <a href=\"Practitioner-Example-AddPractitioner-RelatedPractitioner.html\">Practitioner/Example-AddPractitioner-RelatedPractitioner</a> \"\"</p><p><b>value</b>: LOC <span style=\"background: LightGoldenRodYellow; margin: 4px; border: 1px solid khaki\"> (provider_relationship_type_code#LOC)</span></p></blockquote><p><b>identifier</b>: id: MD20180719V01</p><p><b>active</b>: true</p><p><b>name</b>: SONYA NAME PRSNSECONDGIVENNAMETXT NAME PRSNTHIRDGIVENNAMETXT KELASEY (OFFICIAL)</p><p><b>telecom</b>: ph: 2507654333(HOME), <a href=\"mailto:hey@day.com\">hey@day.com</a></p><p><b>address</b>: 91 RD ADDRESS ADDRESSLINE2TXT ADDRESS ADDRESSLINE3TXT VICTORIA BC V8V8V8 (WORK)</p><p><b>gender</b>: female</p><p><b>birthDate</b>: 1951-11-12</p><h3>Qualifications</h3><table class=\"grid\"><tr><td>-</td><td><b>Extension</b></td><td><b>Identifier</b></td><td><b>Code</b></td><td><b>Period</b></td><td><b>Issuer</b></td></tr><tr><td>*</td><td></td><td>id: CREDENTIAL_REGISTRATIONNUMBERTXT</td><td>CREDENTIAL_CREDENTIALDESIGNATIONTXT <span style=\"background: LightGoldenRodYellow; margin: 4px; border: 1px solid khaki\"> (<a href=\"http://terminology.hl7.org/3.0.0/CodeSystem-v3-scpqual.html\">pan-Canadian Provider Qualification Types</a>#BD)</span></td><td>2000-01-01 --&gt; 2020-01-01</td><td><a name=\"qualificationOrganization\"> </a><blockquote><div style=\"display: inline-block; background-color: #d9e0e7; padding: 6px; margin: 4px; border: 1px solid #8da1b4; border-radius: 5px; line-height: 60%\"><p style=\"margin-bottom: 0px\">Resource \"qualificationOrganization\" </p><p style=\"margin-bottom: 0px\">Profile: <a href=\"StructureDefinition-bc-organization.html\">BCOrganization</a></p></div><p><b>name</b>: CREDENTIAL_CREDENTIALGRANTINGINSTTXT</p><p><b>address</b>: CALGARY AB CA </p></blockquote></td></tr></table></div>"
  },
  "contained": [
    {
      "resourceType": "Organization",
      "id": "qualificationOrganization",
      "meta": {
        "profile": [
          "http://hl7.org/fhir/ca-bc/provider/StructureDefinition/bc-organization"
        ]
      },
      "name": "CREDENTIAL_CREDENTIALGRANTINGINSTTXT",
      "address": [
        {
          "city": "CALGARY",
          "state": "AB",
          "country": "CA"
        }
      ]
    }
  ],
  "extension": [
    {
      "url": "http://hl7.org/fhir/ca-bc/provider/StructureDefinition/bc-period-extension",
      "valuePeriod": {
        "start": "2000-01-01",
        "end": "2020-01-01"
      }
    },
    {
      "extension": [
        {
          "url": "statusCode",
          "valueCodeableConcept": {
            "coding": [
              {
                "system": "http://terminology.hl7.org/CodeSystem/v3-RoleStatus",
                "code": "active"
              }
            ]
          }
        },
        {
          "url": "period",
          "valuePeriod": {
            "start": "2000-01-01",
            "end": "2020-01-01"
          }
        },
        {
          "url": "statusReasonCode",
          "valueCodeableConcept": {
            "coding": [
              {
                "system": "http://example.org/status_reason_code",
                "code": "PRAC"
              }
            ]
          }
        },
        {
          "url": "custodianId",
          "valueIdentifier": {
            "system": "urn:oid:2.16.840.1.113883.3.40.1.16",
            "value": "RNA"
          }
        }
      ],
      "url": "http://hl7.org/fhir/ca-bc/provider/StructureDefinition/bc-license-status-extension"
    },
    {
      "extension": [
        {
          "url": "custodianId",
          "valueIdentifier": {
            "system": "urn:oid:2.16.840.1.113883.3.40.1.16",
            "value": "RNA"
          }
        },
        {
          "url": "endReasonCode",
          "valueCodeableConcept": {
            "coding": [
              {
                "system": "http://example.org/status_reason_code",
                "code": "PRAC"
              }
            ]
          }
        }
      ],
      "url": "http://hl7.org/fhir/ca-bc/provider/StructureDefinition/bc-end-reason-extension"
    },
    {
      "url": "http://hl7.org/fhir/ca-bc/provider/StructureDefinition/bc-practitioner-deathdate-extension",
      "valueDateTime": "2000-02-01"
    },
    {
      "url": "http://hl7.org/fhir/ca-bc/provider/StructureDefinition/bc-birthplace-extension",
      "valueAddress": {
        "state": "AL",
        "country": "US"
      }
    },
    {
      "extension": [
        {
          "url": "identifier",
          "valueIdentifier": {
            "system": "urn:oid:2.16.840.1.113883.3.40.1.4",
            "value": "DISCIPLINARY_ACTION_TEST1"
          }
        },
        {
          "url": "description",
          "valueString": "DISCIPLINARYACTION_DESCRIPTIONTXT_1"
        },
        {
          "url": "http://hl7.org/fhir/ca-bc/provider/StructureDefinition/bc-period-extension",
          "valuePeriod": {
            "start": "1950-11-20T00:00:00-07:00",
            "end": "2020-01-01"
          }
        },
        {
          "url": "archiveDate",
          "valueDateTime": "2020-01-01"
        },
        {
          "url": "displayFlag",
          "valueBoolean": true
        }
      ],
      "url": "http://hl7.org/fhir/ca-bc/provider/StructureDefinition/bc-practitioner-disciplinary-action-extension"
    },
    {
      "extension": [
        {
          "url": "code",
          "valueCodeableConcept": {
            "coding": [
              {
                "system": "http://terminology.hl7.org/CodeSystem/v3-Confidentiality",
                "code": "N"
              }
            ]
          }
        },
        {
          "url": "http://hl7.org/fhir/ca-bc/provider/StructureDefinition/bc-period-extension",
          "valuePeriod": {
            "start": "2000-01-01",
            "end": "2020-01-01"
          }
        }
      ],
      "url": "http://hl7.org/fhir/ca-bc/provider/StructureDefinition/bc-practitioner-confidentiality-extension"
    },
    {
      "extension": [
        {
          "url": "identifier",
          "valueIdentifier": {
            "system": "urn:oid:2.16.840.1.113883.3.40.1.6",
            "value": "noteID1"
          }
        },
        {
          "url": "text",
          "valueString": "Note text sample"
        },
        {
          "url": "http://hl7.org/fhir/ca-bc/provider/StructureDefinition/bc-period-extension",
          "valuePeriod": {
            "start": "2000-01-01",
            "end": "2020-01-01"
          }
        }
      ],
      "url": "http://hl7.org/fhir/ca-bc/provider/StructureDefinition/bc-note-extension"
    },
    {
      "extension": [
        {
          "url": "identifier",
          "valueIdentifier": {
            "system": "urn:oid:2.16.840.1.113883.3.40.1.1",
            "value": "23"
          }
        },
        {
          "url": "http://hl7.org/fhir/ca-bc/provider/StructureDefinition/bc-period-extension",
          "valuePeriod": {
            "start": "2000-01-01",
            "end": "2020-01-01"
          }
        },
        {
          "url": "restriction",
          "valueBoolean": true
        },
        {
          "url": "restrictionText",
          "valueString": "CONDITION_RESTRICTION_EXPLANATION TEXT"
        },
        {
          "url": "code",
          "valueCodeableConcept": {
            "coding": [
              {
                "system": "http://example.org/condition_type_code",
                "code": "LOC"
              }
            ]
          }
        }
      ],
      "url": "http://hl7.org/fhir/ca-bc/provider/StructureDefinition/bc-practitioner-condition-extension"
    },
    {
      "extension": [
        {
          "url": "http://hl7.org/fhir/ca-bc/provider/StructureDefinition/bc-period-extension",
          "valuePeriod": {
            "start": "2000-01-01",
            "end": "2020-01-01"
          }
        },
        {
          "url": "practitioner",
          "valueReference": {
            "reference": "Practitioner/Example-AddPractitioner-RelatedPractitioner"
          }
        },
        {
          "url": "type",
          "valueCodeableConcept": {
            "coding": [
              {
                "system": "http://example.org/provider_relationship_type_code",
                "code": "LOC"
              }
            ]
          }
        }
      ],
      "url": "http://hl7.org/fhir/ca-bc/provider/StructureDefinition/bc-practitioner-relationship-extension"
    }
  ],
  "identifier": [
    {
      "system": "urn:oid:2.16.840.1.113883.3.40.2.4",
      "value": "MD20180719V01",
      "period": {
        "start": "2000-01-01",
        "end": "2020-01-01"
      }
    }
  ],
  "active": true,
  "name": [
    {
      "use": "official",
      "family": "KELASEY",
      "given": [
        "SONYA",
        "NAME PRSNSECONDGIVENNAMETXT",
        "NAME PRSNTHIRDGIVENNAMETXT"
      ],
      "prefix": [
        "PRSNPREFIX"
      ],
      "suffix": [
        "PRSNSUFFIX"
      ],
      "period": {
        "start": "2000-01-01",
        "end": "2020-01-01"
      }
    }
  ],
  "telecom": [
    {
      "system": "phone",
      "value": "2507654333",
      "use": "home",
      "period": {
        "start": "2000-01-01",
        "end": "2020-01-01"
      }
    },
    {
      "system": "email",
      "value": "hey@day.com",
      "use": "work",
      "period": {
        "start": "2000-01-01",
        "end": "2020-01-01"
      }
    }
  ],
  "address": [
    {
      "use": "work",
      "type": "postal",
      "line": [
        "91 RD",
        "ADDRESS ADDRESSLINE2TXT",
        "ADDRESS ADDRESSLINE3TXT"
      ],
      "city": "VICTORIA",
      "state": "BC",
      "postalCode": "V8V8V8",
      "period": {
        "start": "2000-01-01",
        "end": "2020-01-01"
      }
    }
  ],
  "gender": "female",
  "birthDate": "1951-11-12",
  "_birthDate": {
    "extension": [
      {
        "url": "http://hl7.org/fhir/ca-bc/provider/StructureDefinition/bc-birthtime-extension",
        "valueDateTime": "1951-11-12T00:00:01-06:00"
      }
    ]
  },
  "qualification": [
    {
      "extension": [
        {
          "url": "http://hl7.org/fhir/ca-bc/provider/StructureDefinition/bc-practitioner-qualification-issue-date-extension",
          "valueDateTime": "2001"
        }
      ],
      "identifier": [
        {
          "system": "urn:oid:2.16.840.1.113883.3.40.1.2",
          "value": "CREDENTIAL_REGISTRATIONNUMBERTXT"
        }
      ],
      "code": {
        "coding": [
          {
            "system": "https://fhir.infoway-inforoute.ca/CodeSystem/scpqual",
            "code": "BD"
          }
        ],
        "text": "CREDENTIAL_CREDENTIALDESIGNATIONTXT"
      },
      "period": {
        "start": "2000-01-01",
        "end": "2020-01-01"
      },
      "issuer": {
        "reference": "#qualificationOrganization"
      }
    }
  ]
}