{
  "resourceType" : "Practitioner",
  "id" : "IPC.00147699.BC.PRS",
  "meta" : {
    "profile" : ["http://hlth.gov.bc.ca/fhir/provider/StructureDefinition/bc-practitioner"]
  },
  "text" : {
    "status" : "extensions",
    "div" : "<div xmlns=\"http://www.w3.org/1999/xhtml\"><p><b>Generated Narrative: Practitioner</b><a name=\"IPC.00147699.BC.PRS\"> </a></p><div style=\"display: inline-block; background-color: #d9e0e7; padding: 6px; margin: 4px; border: 1px solid #8da1b4; border-radius: 5px; line-height: 60%\"><p style=\"margin-bottom: 0px\">Resource Practitioner &quot;IPC.00147699.BC.PRS&quot; </p><p style=\"margin-bottom: 0px\">Profile: <a href=\"StructureDefinition-bc-practitioner.html\">BCPractitioner</a></p></div><p><b>BC Valid Period Extension</b>: 2012-12-07 --&gt; (ongoing)</p><p><b>BC Owner Extension</b>: ?ngen-9?</p><p><b>BC Birth Place Extension</b>: Ottawa ON CA </p><p><b>identifier</b>: <code>https://health.gov.bc.ca/fhir/NamingSystem/ca-bc-plr-ipc</code>/IPC.00147622.BC.PRS\u00a0(period:\u00a02000-01-01 --&gt; (ongoing)), <code>https://health.gov.bc.ca/fhir/NamingSystem/ca-bc-plr-common-party-number</code>/CPN.00147422.BC.PRS\u00a0(period:\u00a02000-01-01 --&gt; (ongoing)), <code>https://fhir.infoway-inforoute.ca/NamingSystem/ca-bc-license-physician</code>/123454\u00a0(period:\u00a02000-01-01 --&gt; (ongoing))</p><p><b>name</b>: GivenName FamilyName (OFFICIAL)</p><p><b>gender</b>: male</p><p><b>birthDate</b>: 1934-01-02</p></div>"
  },
  "extension" : [{
    "url" : "http://hlth.gov.bc.ca/fhir/provider/StructureDefinition/bc-period-extension",
    "valuePeriod" : {
      "start" : "2012-12-07"
    }
  },
  {
    "url" : "http://hlth.gov.bc.ca/fhir/provider/StructureDefinition/bc-owner-extension",
    "valueIdentifier" : {
      "assigner" : {
        "display" : "MOH"
      }
    }
  },
  {
    "url" : "http://hlth.gov.bc.ca/fhir/provider/StructureDefinition/bc-birthplace-extension",
    "valueAddress" : {
      "city" : "Ottawa",
      "state" : "ON",
      "country" : "CA"
    }
  }],
  "identifier" : [{
    "extension" : [{
      "url" : "http://hlth.gov.bc.ca/fhir/provider/StructureDefinition/bc-owner-extension",
      "valueIdentifier" : {
        "assigner" : {
          "display" : "MOH"
        }
      }
    }],
    "system" : "https://health.gov.bc.ca/fhir/NamingSystem/ca-bc-plr-ipc",
    "value" : "IPC.00147622.BC.PRS",
    "period" : {
      "start" : "2000-01-01"
    }
  },
  {
    "extension" : [{
      "url" : "http://hlth.gov.bc.ca/fhir/provider/StructureDefinition/bc-owner-extension",
      "valueIdentifier" : {
        "assigner" : {
          "display" : "MOH"
        }
      }
    }],
    "system" : "https://health.gov.bc.ca/fhir/NamingSystem/ca-bc-plr-common-party-number",
    "value" : "CPN.00147422.BC.PRS",
    "period" : {
      "start" : "2000-01-01"
    }
  },
  {
    "extension" : [{
      "url" : "http://hlth.gov.bc.ca/fhir/provider/StructureDefinition/bc-owner-extension",
      "valueIdentifier" : {
        "assigner" : {
          "display" : "MOH"
        }
      }
    }],
    "system" : "https://fhir.infoway-inforoute.ca/NamingSystem/ca-bc-license-physician",
    "value" : "123454",
    "period" : {
      "start" : "2000-01-01"
    }
  }],
  "name" : [{
    "extension" : [{
      "url" : "http://hlth.gov.bc.ca/fhir/provider/StructureDefinition/bc-owner-extension",
      "valueIdentifier" : {
        "assigner" : {
          "display" : "MOH"
        }
      }
    }],
    "use" : "official",
    "family" : "FamilyName",
    "given" : ["GivenName"],
    "period" : {
      "start" : "2012-12-07"
    }
  }],
  "gender" : "male",
  "birthDate" : "1934-01-02",
  "_birthDate" : {
    "extension" : [{
      "url" : "http://hlth.gov.bc.ca/fhir/provider/StructureDefinition/bc-birthtime-extension",
      "valueDateTime" : "1951-11-12T00:00:01-06:00"
    }]
  }
}