{
  "resourceType": "Practitioner",
  "id": "Example-Practitioner-UpdateLicense",
  "meta": {
    "profile": [
      "http://hl7.org/fhir/ca-bc/provider/StructureDefinition/bc-practitioner"
    ]
  },
  "text": {
    "status": "extensions",
    "div": "<div xmlns=\"http://www.w3.org/1999/xhtml\"><p><b>Generated Narrative</b></p><div style=\"display: inline-block; background-color: #d9e0e7; padding: 6px; margin: 4px; border: 1px solid #8da1b4; border-radius: 5px; line-height: 60%\"><p style=\"margin-bottom: 0px\">Resource \"Example-Practitioner-UpdateLicense\" </p><p style=\"margin-bottom: 0px\">Profile: <a href=\"StructureDefinition-bc-practitioner.html\">BCPractitioner</a></p></div><blockquote><p><b>BC License Status Extension</b></p><p><b>value</b>: suspended <span style=\"background: LightGoldenRodYellow; margin: 4px; border: 1px solid khaki\"> (<a href=\"http://terminology.hl7.org/3.1.0/CodeSystem-v3-RoleStatus.html\">RoleStatus</a>#suspended)</span></p><p><b>value</b>: LTP <span style=\"background: LightGoldenRodYellow; margin: 4px; border: 1px solid khaki\"> (bc-status-reason-code#LTP)</span></p><p><b>value</b>: 2022-06-24 --&gt; (ongoing)</p><p><b>value</b>: CHG <span style=\"background: LightGoldenRodYellow; margin: 4px; border: 1px solid khaki\"> (bc-end-reason-code#CHG)</span></p></blockquote><p><b>identifier</b>: id: IPC.00147422.BC.PRS</p><p><b>name</b>: </p></div>"
  },
  "extension": [
    {
      "extension": [
        {
          "url": "statusCode",
          "valueCodeableConcept": {
            "coding": [
              {
                "system": "http://terminology.hl7.org/CodeSystem/v3-RoleStatus",
                "code": "suspended"
              }
            ]
          }
        },
        {
          "url": "statusReasonCode",
          "valueCodeableConcept": {
            "coding": [
              {
                "system": "https://plr.hlth.gov.bc.ca/plr/codes/bc-status-reason-code",
                "code": "LTP"
              }
            ]
          }
        },
        {
          "url": "period",
          "valuePeriod": {
            "start": "2022-06-24"
          }
        },
        {
          "url": "http://hl7.org/fhir/ca-bc/provider/StructureDefinition/bc-end-reason-extension",
          "valueCodeableConcept": {
            "coding": [
              {
                "system": "https://plr.hlth.gov.bc.ca/plr/codes/bc-end-reason-code",
                "code": "CHG"
              }
            ]
          }
        }
      ],
      "url": "http://hl7.org/fhir/ca-bc/provider/StructureDefinition/bc-license-status-extension"
    }
  ],
  "identifier": [
    {
      "system": "https://plr.hlth.gov.bc.ca/plr/identifier-system/IPC",
      "value": "IPC.00147422.BC.PRS",
      "period": {
        "start": "2000-01-01"
      }
    }
  ],
  "name": [
    {
      "extension": [
        {
          "url": "http://hl7.org/fhir/StructureDefinition/data-absent-reason",
          "valueCode": "not-applicable"
        }
      ]
    }
  ]
}