<?xml version="1.0" encoding="UTF-8"?>

<Practitioner xmlns="http://hl7.org/fhir">
  <id value="IPC.00147433.BC.PRS"/>
  <meta>
    <profile value="http://hlth.gov.bc.ca/fhir/provider/StructureDefinition/bc-practitioner"/>
  </meta>
  <text>
    <status value="extensions"/><div xmlns="http://www.w3.org/1999/xhtml"><p><b>Generated Narrative: Practitioner</b><a name="IPC.00147433.BC.PRS"> </a><a name="hcIPC.00147433.BC.PRS"> </a></p><div style="display: inline-block; background-color: #d9e0e7; padding: 6px; margin: 4px; border: 1px solid #8da1b4; border-radius: 5px; line-height: 60%"><p style="margin-bottom: 0px">ResourcePractitioner &quot;IPC.00147433.BC.PRS&quot; </p><p style="margin-bottom: 0px">Profile: <a href="StructureDefinition-bc-practitioner.html">BCPractitioner</a></p></div><blockquote><p><b>BC License Status Extension</b></p><blockquote><p><b>url</b></p><code>statusCode</code></blockquote><p><b>value</b>: INACTIVE <span style="background: LightGoldenRodYellow; margin: 4px; border: 1px solid khaki"> (bc-license-status-code-system#INACTIVE)</span></p><blockquote><p><b>url</b></p><code>statusReasonCode</code></blockquote><p><b>value</b>: LTP <span style="background: LightGoldenRodYellow; margin: 4px; border: 1px solid khaki"> (bc-license-status-reason-code-system#LTP)</span></p><blockquote><p><b>url</b></p><code>statusClassCode</code></blockquote><p><b>value</b>: LIC <span style="background: LightGoldenRodYellow; margin: 4px; border: 1px solid khaki"> (bc-license-status-class-code-system#LIC)</span></p><blockquote><p><b>url</b></p><code>period</code></blockquote><p><b>value</b>: 2022-06-24 --&gt; (ongoing)</p><blockquote><p><b>url</b></p><a href="StructureDefinition-bc-end-reason-extension.html">BC End Reason Extension</a></blockquote><p><b>value</b>: CHG <span style="background: LightGoldenRodYellow; margin: 4px; border: 1px solid khaki"> (bc-end-reason-code-system#CHG)</span></p></blockquote><blockquote><p><b>BC Practitioner Disciplinary Actions Extension</b></p><blockquote><p><b>url</b></p><code>identifier</code></blockquote><p><b>value</b>: DA-1</p><blockquote><p><b>url</b></p><code>description</code></blockquote><p><b>value</b>: Description</p><blockquote><p><b>url</b></p><code>archiveDate</code></blockquote><p><b>value</b>: 2000-01-01</p><blockquote><p><b>url</b></p><a href="StructureDefinition-bc-period-extension.html">BC Valid Period Extension</a></blockquote><p><b>value</b>: 1998-01-02 --&gt; (ongoing)</p><blockquote><p><b>url</b></p><code>displayFlag</code></blockquote><p><b>value</b>: false</p><blockquote><p><b>url</b></p><a href="StructureDefinition-bc-end-reason-extension.html">BC End Reason Extension</a></blockquote><p><b>value</b>: CHG <span style="background: LightGoldenRodYellow; margin: 4px; border: 1px solid khaki"> (bc-end-reason-code-system#CHG)</span></p></blockquote><blockquote><p><b>BC Notes Extension</b></p><blockquote><p><b>url</b></p><code>identifier</code></blockquote><p><b>value</b>: <code>http://hlth.gov.bc.ca/fhir/provider/identifier-system/bc-note-id</code>/Note-3</p><blockquote><p><b>url</b></p><code>text</code></blockquote><p><b>value</b>: Note text</p><blockquote><p><b>url</b></p><a href="StructureDefinition-bc-period-extension.html">BC Valid Period Extension</a></blockquote><p><b>value</b>: 1998-01-02 --&gt; (ongoing)</p><blockquote><p><b>url</b></p><a href="StructureDefinition-bc-end-reason-extension.html">BC End Reason Extension</a></blockquote><p><b>value</b>: CHG <span style="background: LightGoldenRodYellow; margin: 4px; border: 1px solid khaki"> (bc-end-reason-code-system#CHG)</span></p></blockquote><blockquote><p><b>BC Practitioner Conditions Extension</b></p><blockquote><p><b>url</b></p><code>identifier</code></blockquote><p><b>value</b>: <code>http://hlth.gov.bc.ca/fhir/provider/identifier-system/bc-condition-id</code>/Condition-2</p><blockquote><p><b>url</b></p><code>restriction</code></blockquote><p><b>value</b>: false</p><blockquote><p><b>url</b></p><code>restrictionText</code></blockquote><p><b>value</b>: Restriction text</p><blockquote><p><b>url</b></p><a href="http://hl7.org/fhir/R4/datatypes.html#code">code</a></blockquote><p><b>value</b>: EXP <span style="background: LightGoldenRodYellow; margin: 4px; border: 1px solid khaki"> (bc-condition-type-code-system#EXP)</span></p><blockquote><p><b>url</b></p><a href="StructureDefinition-bc-period-extension.html">BC Valid Period Extension</a></blockquote><p><b>value</b>: 1998-01-02 --&gt; (ongoing)</p><blockquote><p><b>url</b></p><a href="StructureDefinition-bc-end-reason-extension.html">BC End Reason Extension</a></blockquote><p><b>value</b>: CHG <span style="background: LightGoldenRodYellow; margin: 4px; border: 1px solid khaki"> (bc-end-reason-code-system#CHG)</span></p></blockquote><blockquote><p><b>BC Confidentiality Extension</b></p><blockquote><p><b>url</b></p><a href="StructureDefinition-bc-period-extension.html">BC Valid Period Extension</a></blockquote><p><b>value</b>: 2000-01-01 --&gt; 2020-01-01</p><blockquote><p><b>url</b></p><a href="http://hl7.org/fhir/R4/datatypes.html#code">code</a></blockquote><p><b>value</b>: restricted <span style="background: LightGoldenRodYellow; margin: 4px; border: 1px solid khaki"> (<a href="http://terminology.hl7.org/5.5.0/CodeSystem-v3-Confidentiality.html">Confidentiality</a>#R)</span></p><blockquote><p><b>url</b></p><a href="StructureDefinition-bc-end-reason-extension.html">BC End Reason Extension</a></blockquote><p><b>value</b>: CEASE <span style="background: LightGoldenRodYellow; margin: 4px; border: 1px solid khaki"> (bc-end-reason-code-system#CEASE)</span></p></blockquote><p><b>BC Valid Period Extension</b>: 2012-12-07 --&gt; (ongoing)</p><p><b>BC Birth Place Extension</b>: Ottawa ON CA </p><p><b>BC End Reason Extension</b>: CHG <span style="background: LightGoldenRodYellow; margin: 4px; border: 1px solid khaki"> (bc-end-reason-code-system#CHG)</span></p><p><b>identifier</b>: <code>https://health.gov.bc.ca/fhir/NamingSystem/ca-bc-plr-ipc</code>/IPC.00147433.BC.PRS (period: 2000-01-01 --&gt; (ongoing))</p><p><b>name</b>: GivenName FamilyName </p><p><b>telecom</b>: ph: 2502222234, <a href="mailto:bob@email.com">bob@email.com</a></p><p><b>address</b>: 1000 DOUGLAS ST VICTORIA BC V6P7B8 CA </p><p><b>gender</b>: male</p><p><b>birthDate</b>: 1934-01-02</p></div>
  </text>
  <extension url="http://hlth.gov.bc.ca/fhir/provider/StructureDefinition/bc-license-status-extension">
    <extension url="statusCode">
      <valueCodeableConcept>
        <coding>
          <system value="https://terminology.hlth.gov.bc.ca/ProviderLocationRegistry/CodeSystem/bc-license-status-code-system"/>
          <code value="INACTIVE"/>
        </coding>
      </valueCodeableConcept>
    </extension>
    <extension url="statusReasonCode">
      <valueCodeableConcept>
        <coding>
          <system value="https://terminology.hlth.gov.bc.ca/ProviderLocationRegistry/CodeSystem/bc-license-status-reason-code-system"/>
          <code value="LTP"/>
        </coding>
      </valueCodeableConcept>
    </extension>
    <extension url="statusClassCode">
      <valueCodeableConcept>
        <coding>
          <system value="https://terminology.hlth.gov.bc.ca/ProviderLocationRegistry/CodeSystem/bc-license-status-class-code-system"/>
          <code value="LIC"/>
        </coding>
      </valueCodeableConcept>
    </extension>
    <extension url="period">
      <valuePeriod>
        <start value="2022-06-24"/>
      </valuePeriod>
    </extension>
    <extension url="http://hlth.gov.bc.ca/fhir/provider/StructureDefinition/bc-end-reason-extension">
      <valueCodeableConcept>
        <coding>
          <system value="https://terminology.hlth.gov.bc.ca/ProviderLocationRegistry/CodeSystem/bc-end-reason-code-system"/>
          <code value="CHG"/>
        </coding>
      </valueCodeableConcept>
    </extension>
  </extension>
  <extension url="http://hlth.gov.bc.ca/fhir/provider/StructureDefinition/bc-practitioner-disciplinary-action-extension">
    <extension url="identifier">
      <valueIdentifier>
        <value value="DA-1"/>
      </valueIdentifier>
    </extension>
    <extension url="description">
      <valueString value="Description"/>
    </extension>
    <extension url="archiveDate">
      <valueDateTime value="2000-01-01"/>
    </extension>
    <extension url="http://hlth.gov.bc.ca/fhir/provider/StructureDefinition/bc-period-extension">
      <valuePeriod>
        <start value="1998-01-02"/>
      </valuePeriod>
    </extension>
    <extension url="displayFlag">
      <valueBoolean value="false"/>
    </extension>
    <extension url="http://hlth.gov.bc.ca/fhir/provider/StructureDefinition/bc-end-reason-extension">
      <valueCodeableConcept>
        <coding>
          <system value="https://terminology.hlth.gov.bc.ca/ProviderLocationRegistry/CodeSystem/bc-end-reason-code-system"/>
          <code value="CHG"/>
        </coding>
      </valueCodeableConcept>
    </extension>
  </extension>
  <extension url="http://hlth.gov.bc.ca/fhir/provider/StructureDefinition/bc-note-extension">
    <extension url="identifier">
      <valueIdentifier>
        <system value="http://hlth.gov.bc.ca/fhir/provider/identifier-system/bc-note-id"/>
        <value value="Note-3"/>
      </valueIdentifier>
    </extension>
    <extension url="text">
      <valueString value="Note text"/>
    </extension>
    <extension url="http://hlth.gov.bc.ca/fhir/provider/StructureDefinition/bc-period-extension">
      <valuePeriod>
        <start value="1998-01-02"/>
      </valuePeriod>
    </extension>
    <extension url="http://hlth.gov.bc.ca/fhir/provider/StructureDefinition/bc-end-reason-extension">
      <valueCodeableConcept>
        <coding>
          <system value="https://terminology.hlth.gov.bc.ca/ProviderLocationRegistry/CodeSystem/bc-end-reason-code-system"/>
          <code value="CHG"/>
        </coding>
      </valueCodeableConcept>
    </extension>
  </extension>
  <extension url="http://hlth.gov.bc.ca/fhir/provider/StructureDefinition/bc-practitioner-condition-extension">
    <extension url="identifier">
      <valueIdentifier>
        <system value="http://hlth.gov.bc.ca/fhir/provider/identifier-system/bc-condition-id"/>
        <value value="Condition-2"/>
      </valueIdentifier>
    </extension>
    <extension url="restriction">
      <valueBoolean value="false"/>
    </extension>
    <extension url="restrictionText">
      <valueString value="Restriction text"/>
    </extension>
    <extension url="code">
      <valueCodeableConcept>
        <coding>
          <system value="https://terminology.hlth.gov.bc.ca/ProviderLocationRegistry/CodeSystem/bc-condition-type-code-system"/>
          <code value="EXP"/>
        </coding>
      </valueCodeableConcept>
    </extension>
    <extension url="http://hlth.gov.bc.ca/fhir/provider/StructureDefinition/bc-period-extension">
      <valuePeriod>
        <start value="1998-01-02"/>
      </valuePeriod>
    </extension>
    <extension url="http://hlth.gov.bc.ca/fhir/provider/StructureDefinition/bc-end-reason-extension">
      <valueCodeableConcept>
        <coding>
          <system value="https://terminology.hlth.gov.bc.ca/ProviderLocationRegistry/CodeSystem/bc-end-reason-code-system"/>
          <code value="CHG"/>
        </coding>
      </valueCodeableConcept>
    </extension>
  </extension>
  <extension url="http://hlth.gov.bc.ca/fhir/provider/StructureDefinition/bc-confidentiality-extension">
    <extension url="http://hlth.gov.bc.ca/fhir/provider/StructureDefinition/bc-period-extension">
      <valuePeriod>
        <start value="2000-01-01"/>
        <end value="2020-01-01"/>
      </valuePeriod>
    </extension>
    <extension url="code">
      <valueCodeableConcept>
        <coding>
          <system value="http://terminology.hl7.org/CodeSystem/v3-Confidentiality"/>
          <code value="R"/>
        </coding>
      </valueCodeableConcept>
    </extension>
    <extension url="http://hlth.gov.bc.ca/fhir/provider/StructureDefinition/bc-end-reason-extension">
      <valueCodeableConcept>
        <coding>
          <system value="https://terminology.hlth.gov.bc.ca/ProviderLocationRegistry/CodeSystem/bc-end-reason-code-system"/>
          <code value="CEASE"/>
        </coding>
      </valueCodeableConcept>
    </extension>
  </extension>
  <extension url="http://hlth.gov.bc.ca/fhir/provider/StructureDefinition/bc-period-extension">
    <valuePeriod>
      <start value="2012-12-07"/>
    </valuePeriod>
  </extension>
  <extension url="http://hlth.gov.bc.ca/fhir/provider/StructureDefinition/bc-birthplace-extension">
    <valueAddress>
      <city value="Ottawa"/>
      <state value="ON"/>
      <country value="CA"/>
    </valueAddress>
  </extension>
  <extension url="http://hlth.gov.bc.ca/fhir/provider/StructureDefinition/bc-end-reason-extension">
    <valueCodeableConcept>
      <coding>
        <system value="https://terminology.hlth.gov.bc.ca/ProviderLocationRegistry/CodeSystem/bc-end-reason-code-system"/>
        <code value="CHG"/>
      </coding>
    </valueCodeableConcept>
  </extension>
  <identifier>
    <system value="https://health.gov.bc.ca/fhir/NamingSystem/ca-bc-plr-ipc"/>
    <value value="IPC.00147433.BC.PRS"/>
    <period>
      <start value="2000-01-01"/>
    </period>
  </identifier>
  <name>
    <extension url="http://hlth.gov.bc.ca/fhir/provider/StructureDefinition/bc-end-reason-extension">
      <valueCodeableConcept>
        <coding>
          <system value="https://terminology.hlth.gov.bc.ca/ProviderLocationRegistry/CodeSystem/bc-end-reason-code-system"/>
          <code value="CHG"/>
        </coding>
      </valueCodeableConcept>
    </extension>
    <use value="usual"/>
    <family value="FamilyName"/>
    <given value="GivenName"/>
    <period>
      <start value="2012-12-07"/>
    </period>
  </name>
  <telecom>
    <extension url="http://hlth.gov.bc.ca/fhir/provider/StructureDefinition/bc-communication-purpose-code-extension">
      <valueCodeableConcept>
        <coding>
          <system value="https://terminology.hlth.gov.bc.ca/ProviderLocationRegistry/CodeSystem/bc-communication-purpose-code-system"/>
          <code value="BC"/>
        </coding>
      </valueCodeableConcept>
    </extension>
    <extension url="http://hlth.gov.bc.ca/fhir/provider/StructureDefinition/bc-end-reason-extension">
      <valueCodeableConcept>
        <coding>
          <system value="https://terminology.hlth.gov.bc.ca/ProviderLocationRegistry/CodeSystem/bc-end-reason-code-system"/>
          <code value="CHG"/>
        </coding>
      </valueCodeableConcept>
    </extension>
    <system value="phone"/>
    <value value="2502222234"/>
    <period>
      <start value="2000-02-02"/>
    </period>
  </telecom>
  <telecom>
    <extension url="http://hlth.gov.bc.ca/fhir/provider/StructureDefinition/bc-communication-purpose-code-extension">
      <valueCodeableConcept>
        <coding>
          <system value="https://terminology.hlth.gov.bc.ca/ProviderLocationRegistry/CodeSystem/bc-communication-purpose-code-system"/>
          <code value="BC"/>
        </coding>
      </valueCodeableConcept>
    </extension>
    <extension url="http://hlth.gov.bc.ca/fhir/provider/StructureDefinition/bc-end-reason-extension">
      <valueCodeableConcept>
        <coding>
          <system value="https://terminology.hlth.gov.bc.ca/ProviderLocationRegistry/CodeSystem/bc-end-reason-code-system"/>
          <code value="CHG"/>
        </coding>
      </valueCodeableConcept>
    </extension>
    <system value="email"/>
    <value value="bob@email.com"/>
    <period>
      <start value="2000-02-02"/>
    </period>
  </telecom>
  <address>
    <extension url="http://hlth.gov.bc.ca/fhir/provider/StructureDefinition/bc-communication-purpose-code-extension">
      <valueCodeableConcept>
        <coding>
          <system value="https://terminology.hlth.gov.bc.ca/ProviderLocationRegistry/CodeSystem/bc-communication-purpose-code-system"/>
          <code value="BC"/>
        </coding>
      </valueCodeableConcept>
    </extension>
    <extension url="http://hlth.gov.bc.ca/fhir/provider/StructureDefinition/bc-end-reason-extension">
      <valueCodeableConcept>
        <coding>
          <system value="https://terminology.hlth.gov.bc.ca/ProviderLocationRegistry/CodeSystem/bc-end-reason-code-system"/>
          <code value="CHG"/>
        </coding>
      </valueCodeableConcept>
    </extension>
    <type value="postal"/>
    <line value="1000 DOUGLAS ST"/>
    <city value="VICTORIA"/>
    <state value="BC"/>
    <postalCode value="V6P7B8"/>
    <country value="CA"/>
    <period>
      <start value="2000-01-01"/>
    </period>
  </address>
  <gender value="male"/>
  <birthDate value="1934-01-02">
    <extension url="http://hlth.gov.bc.ca/fhir/provider/StructureDefinition/bc-birthtime-extension">
      <valueDateTime value="1951-11-12T00:00:01-06:00"/>
    </extension>
  </birthDate>
</Practitioner>