{
  "resourceType": "PractitionerRole",
  "id": "Example-Atomic-PractitionerRole-LocRef",
  "meta": {
    "profile": [
      "http://hl7.org/fhir/ca-bc/provider/StructureDefinition/bc-role-relationships"
    ]
  },
  "text": {
    "status": "extensions",
    "div": "<div xmlns=\"http://www.w3.org/1999/xhtml\"><p><b>Generated Narrative: PractitionerRole</b><a name=\"Example-Atomic-PractitionerRole-LocRef\"> </a></p><div style=\"display: inline-block; background-color: #d9e0e7; padding: 6px; margin: 4px; border: 1px solid #8da1b4; border-radius: 5px; line-height: 60%\"><p style=\"margin-bottom: 0px\">Resource PractitionerRole \"Example-Atomic-PractitionerRole-LocRef\" </p><p style=\"margin-bottom: 0px\">Profile: <a href=\"StructureDefinition-bc-role-relationships.html\">BCRoleRelationships</a></p></div><p><b>BC Practitioner to Location Type Extension.</b>: WORKSAT <span style=\"background: LightGoldenRodYellow; margin: 4px; border: 1px solid khaki\"> (bc-location-relationship-type-code#WORKSAT)</span></p><p><b>period</b>: 2000-01-01 --&gt; (ongoing)</p><p><b>practitioner</b>: <span></span></p><p><b>location</b>: <span></span></p></div>"
  },
  "extension": [
    {
      "url": "http://hl7.org/fhir/ca-bc/provider/StructureDefinition/bc-location-relationship-type-extension",
      "valueCodeableConcept": {
        "coding": [
          {
            "system": "https://plr.hlth.gov.bc.ca/plr/codes/bc-location-relationship-type-code",
            "code": "WORKSAT"
          }
        ]
      }
    }
  ],
  "period": {
    "start": "2000-01-01"
  },
  "practitioner": {
    "identifier": {
      "system": "https://plr.hlth.gov.bc.ca/plr/identifier-system/IPC",
      "value": "IPC.00147422.BC.PRS",
      "period": {
        "start": "2000-01-01"
      }
    }
  },
  "location": [
    {
      "identifier": {
        "system": "https://plr.hlth.gov.bc.ca/plr/identifier-system/IFC",
        "value": "IFC.00147422.BC.PRS",
        "period": {
          "start": "2000-01-01"
        }
      }
    }
  ]
}