{
  "resourceType": "PractitionerRole",
  "id": "Example-PractitionerRole-5-PracRef-FromLoc-Response",
  "meta": {
    "profile": [
      "http://hlth.gov.bc.ca/fhir/provider/StructureDefinition/bc-role-relationships"
    ]
  },
  "text": {
    "status": "extensions",
    "div": "<div xmlns=\"http://www.w3.org/1999/xhtml\"><p><b>Generated Narrative: PractitionerRole</b><a name=\"Example-PractitionerRole-5-PracRef-FromLoc-Response\"> </a></p><div style=\"display: inline-block; background-color: #d9e0e7; padding: 6px; margin: 4px; border: 1px solid #8da1b4; border-radius: 5px; line-height: 60%\"><p style=\"margin-bottom: 0px\">Resource PractitionerRole &quot;Example-PractitionerRole-5-PracRef-FromLoc-Response&quot; </p><p style=\"margin-bottom: 0px\">Profile: <a href=\"StructureDefinition-bc-role-relationships.html\">BCRoleRelationships</a></p></div><p><b>BC Practitioner to Organization or Practitioner to Practitioner Type Extension.</b>: worklocationfor <span style=\"background: LightGoldenRodYellow; margin: 4px; border: 1px solid khaki\"> (bc-location-relationship-type-code#worklocationfor)</span></p><p><b>BC Owner Extension</b>: id: ?ngen-9?</p><p><b>period</b>: 2000-01-01 --&gt; (ongoing)</p><p><b>practitioner</b>: <span/></p><p><b>location</b>: <span/></p></div>"
  },
  "extension": [
    {
      "url": "http://hlth.gov.bc.ca/fhir/provider/StructureDefinition/bc-relationship-type-extension",
      "valueCodeableConcept": {
        "coding": [
          {
            "system": "https://teminology.hlth.gov.bc.ca/ProviderLocationRegistry/CodeSystem/bc-location-relationship-type-code",
            "code": "worklocationfor"
          }
        ]
      }
    },
    {
      "url": "http://hlth.gov.bc.ca/fhir/provider/StructureDefinition/bc-owner-extension",
      "valueIdentifier": {
        "assigner": {
          "display": "MOH"
        }
      }
    }
  ],
  "period": {
    "start": "2000-01-01"
  },
  "practitioner": {
    "identifier": {
      "system": "http://hlth.gov.bc.ca/fhir/provider/identifier-system/IPC",
      "value": "IPC.00147433.BC.PRS",
      "period": {
        "start": "2000-01-01"
      }
    }
  },
  "location": [
    {
      "identifier": {
        "system": "http://hlth.gov.bc.ca/fhir/provider/identifier-system/IFC",
        "value": "IFC.00147422.BC.PRS",
        "period": {
          "start": "2000-01-01"
        }
      }
    }
  ]
}