<?xml version="1.0" encoding="UTF-8"?>

<ValueSet xmlns="http://hl7.org/fhir">
  <id value="bc-expertise-value-set"/>
  <text>
    <status value="generated"/><div xmlns="http://www.w3.org/1999/xhtml"><ul><li>Include all codes defined in <a href="http://terminology.hl7.org/3.1.0/CodeSystem-v3-scpqual.html"><code>https://fhir.infoway-inforoute.ca/CodeSystem/scpqual</code></a></li></ul></div>
  </text>
  <url value="http://hl7.org/fhir/ca-bc/provider/ValueSet/bc-expertise-value-set"/>
  <version value="0.1.0"/>
  <name value="ExpertiseVS"/>
  <title value="BC Expertise Value Set"/>
  <status value="active"/>
  <date value="2022-09-01T17:06:09+00:00"/>
  <publisher value="BC Ministry of Health"/>
  <contact>
    <name value="BC Ministry of Health"/>
    <telecom>
      <system value="url"/>
      <value value="https://www2.gov.bc.ca/gov/content/governments/organizational-structure/ministries-organizations/ministries/health"/>
    </telecom>
  </contact>
  <description value="BC Expertise value set."/>
  <jurisdiction>
    <coding>
      <system value="urn:iso:std:iso:3166"/>
      <code value="CA"/>
      <display value="Canada"/>
    </coding>
  </jurisdiction>
  <compose>
    <include>
      <system value="https://fhir.infoway-inforoute.ca/CodeSystem/scpqual"/>
    </include>
  </compose>
</ValueSet>