{
  "resourceType" : "ValueSet",
  "id" : "bc-end-reason-value-set",
  "text" : {
    "status" : "generated",
    "div" : "<div xmlns=\"http://www.w3.org/1999/xhtml\">Placeholder</div>"
  },
  "url" : "https://terminology.hlth.gov.bc.ca/ProviderLocationRegistry/ValueSet/bc-end-reason-value-set",
  "version" : "1.0.0",
  "name" : "EndReasonVS",
  "title" : "BC End Reason Value Set",
  "status" : "draft",
  "experimental" : false,
  "date" : "2023-08-22T19:47:16+00:00",
  "publisher" : "BC Ministry of Health",
  "contact" : [{
    "name" : "BC Ministry of Health",
    "telecom" : [{
      "system" : "url",
      "value" : "https://www2.gov.bc.ca/gov/content/governments/organizational-structure/ministries-organizations/ministries/health"
    }]
  }],
  "description" : "BC end reason value set.",
  "jurisdiction" : [{
    "coding" : [{
      "system" : "urn:iso:std:iso:3166",
      "code" : "CA",
      "display" : "Canada"
    }]
  }],
  "compose" : {
    "include" : [{
      "system" : "https://terminology.hlth.gov.bc.ca/ProviderLocationRegistry/CodeSystem/bc-end-reason-code-system"
    }]
  }
}