{
  "resourceType": "ValueSet",
  "id": "bc-license-status-reason-value-set",
  "text": {
    "status": "generated",
    "div": "<div xmlns=\"http://www.w3.org/1999/xhtml\"><ul><li>Include all codes defined in <code>https://plr.hlth.gov.bc.ca/plr/codes/bc-status-reason-code</code></li></ul></div>"
  },
  "url": "http://hl7.org/fhir/ca-bc/provider/ValueSet/bc-license-status-reason-value-set",
  "version": "0.1.0",
  "name": "LicenseReasonVS",
  "title": "BC License Status Reason Value Set",
  "status": "active",
  "date": "2022-09-01T16:52:18+00:00",
  "publisher": "BC Ministry of Health",
  "contact": [
    {
      "name": "BC Ministry of Health",
      "telecom": [
        {
          "system": "url",
          "value": "https://www2.gov.bc.ca/gov/content/governments/organizational-structure/ministries-organizations/ministries/health"
        }
      ]
    }
  ],
  "description": "BC specific license status reason value set.",
  "jurisdiction": [
    {
      "coding": [
        {
          "system": "urn:iso:std:iso:3166",
          "code": "CA",
          "display": "Canada"
        }
      ]
    }
  ],
  "compose": {
    "include": [
      {
        "system": "https://plr.hlth.gov.bc.ca/plr/codes/bc-status-reason-code"
      }
    ]
  }
}