{
  "resourceType": "ValueSet",
  "id": "bc-expertise-value-set",
  "text": {
    "status": "generated",
    "div": "<div xmlns=\"http://www.w3.org/1999/xhtml\"><ul><li>Include all codes defined in <a href=\"http://terminology.hl7.org/4.0.0/CodeSystem-v3-scpqual.html\"><code>https://fhir.infoway-inforoute.ca/CodeSystem/scpqual</code></a></li></ul></div>"
  },
  "url": "http://hl7.org/fhir/ca-bc/provider/ValueSet/bc-expertise-value-set",
  "version": "0.1.0",
  "name": "ExpertiseVS",
  "title": "BC Expertise Value Set",
  "status": "active",
  "experimental": false,
  "date": "2022-11-01T15:06:35+00:00",
  "publisher": "BC Ministry of Health",
  "contact": [
    {
      "name": "BC Ministry of Health",
      "telecom": [
        {
          "system": "url",
          "value": "https://www2.gov.bc.ca/gov/content/governments/organizational-structure/ministries-organizations/ministries/health"
        }
      ]
    }
  ],
  "description": "BC Expertise value set.",
  "jurisdiction": [
    {
      "coding": [
        {
          "system": "urn:iso:std:iso:3166",
          "code": "CA",
          "display": "Canada"
        }
      ]
    }
  ],
  "compose": {
    "include": [
      {
        "system": "https://fhir.infoway-inforoute.ca/CodeSystem/scpqual"
      }
    ]
  }
}