<?xml version="1.0" encoding="UTF-8"?>

<ImplementationGuide xmlns="http://hl7.org/fhir">
  <id value="fhir.ca-bc.provider"/>
  <text>
    <status value="extensions"/><div xmlns="http://www.w3.org/1999/xhtml"><h2>BCProviderRegistry</h2><p>The official URL for this implementation guide is: </p><pre>http://hl7.org/fhir/ca-bc/provider/ImplementationGuide/fhir.ca-bc.provider</pre><div><p>FHIR Implementation Guide for BC MOH Provider Registry</p>
</div></div>
  </text>
  <url value="http://hl7.org/fhir/ca-bc/provider/ImplementationGuide/fhir.ca-bc.provider"/>
  <version value="0.1.0"/>
  <name value="BCProviderRegistry"/>
  <title value="BC Provider Registry FHIR Implementation Guide"/>
  <status value="draft"/>
  <date value="2021-03-18T00:19:32-06:00"/>
  <publisher value="BC Ministry of Health"/>
  <contact>
    <name value="BC Ministry of Health"/>
    <telecom>
      <system value="url"/>
      <value value="https://www2.gov.bc.ca/gov/content/governments/organizational-structure/ministries-organizations/ministries/health"/>
    </telecom>
  </contact>
  <description value="FHIR Implementation Guide for BC MOH Provider Registry"/>
  <jurisdiction>
    <coding>
      <system value="urn:iso:std:iso:3166"/>
      <code value="CA"/>
      <display value="Canada"/>
    </coding>
  </jurisdiction>
  <packageId value="fhir.ca-bc.provider"/>
  <license value="CC0-1.0"/>
  <fhirVersion value="4.0.1"/>
  <definition>
    <extension url="http://hl7.org/fhir/tools/StructureDefinition/ig-parameter">
      <extension url="code">
        <valueString value="copyrightyear"/>
      </extension>
      <extension url="value">
        <valueString value="2020+"/>
      </extension>
    </extension>
    <extension url="http://hl7.org/fhir/tools/StructureDefinition/ig-parameter">
      <extension url="code">
        <valueString value="releaselabel"/>
      </extension>
      <extension url="value">
        <valueString value="Build CI"/>
      </extension>
    </extension>
    <extension url="http://hl7.org/fhir/tools/StructureDefinition/ig-parameter">
      <extension url="code">
        <valueString value="path-output"/>
      </extension>
      <extension url="value">
        <valueString value="\docs"/>
      </extension>
    </extension>
    <extension url="http://hl7.org/fhir/tools/StructureDefinition/ig-parameter">
      <extension url="code">
        <valueString value="path-history"/>
      </extension>
      <extension url="value">
        <valueString value="http://hl7.org/fhir/ca-bc/provider/history.html"/>
      </extension>
    </extension>
    <extension url="http://hl7.org/fhir/tools/StructureDefinition/ig-parameter">
      <extension url="code">
        <valueString value="path-liquid"/>
      </extension>
      <extension url="value">
        <valueString value="template/liquid"/>
      </extension>
    </extension>
    <extension url="http://hl7.org/fhir/tools/StructureDefinition/ig-parameter">
      <extension url="code">
        <valueString value="path-liquid"/>
      </extension>
      <extension url="value">
        <valueString value="input/liquid"/>
      </extension>
    </extension>
    <extension url="http://hl7.org/fhir/tools/StructureDefinition/ig-parameter">
      <extension url="code">
        <valueString value="path-qa"/>
      </extension>
      <extension url="value">
        <valueString value="temp/qa"/>
      </extension>
    </extension>
    <extension url="http://hl7.org/fhir/tools/StructureDefinition/ig-parameter">
      <extension url="code">
        <valueString value="path-temp"/>
      </extension>
      <extension url="value">
        <valueString value="temp/pages"/>
      </extension>
    </extension>
    <extension url="http://hl7.org/fhir/tools/StructureDefinition/ig-parameter">
      <extension url="code">
        <valueString value="path-suppressed-warnings"/>
      </extension>
      <extension url="value">
        <valueString value="input/ignoreWarnings.txt"/>
      </extension>
    </extension>
    <extension url="http://hl7.org/fhir/tools/StructureDefinition/ig-parameter">
      <extension url="code">
        <valueString value="template-html"/>
      </extension>
      <extension url="value">
        <valueString value="template-page.html"/>
      </extension>
    </extension>
    <extension url="http://hl7.org/fhir/tools/StructureDefinition/ig-parameter">
      <extension url="code">
        <valueString value="template-md"/>
      </extension>
      <extension url="value">
        <valueString value="template-page-md.html"/>
      </extension>
    </extension>
    <extension url="http://hl7.org/fhir/tools/StructureDefinition/ig-parameter">
      <extension url="code">
        <valueString value="apply-contact"/>
      </extension>
      <extension url="value">
        <valueString value="true"/>
      </extension>
    </extension>
    <extension url="http://hl7.org/fhir/tools/StructureDefinition/ig-parameter">
      <extension url="code">
        <valueString value="apply-context"/>
      </extension>
      <extension url="value">
        <valueString value="true"/>
      </extension>
    </extension>
    <extension url="http://hl7.org/fhir/tools/StructureDefinition/ig-parameter">
      <extension url="code">
        <valueString value="apply-copyright"/>
      </extension>
      <extension url="value">
        <valueString value="true"/>
      </extension>
    </extension>
    <extension url="http://hl7.org/fhir/tools/StructureDefinition/ig-parameter">
      <extension url="code">
        <valueString value="apply-jurisdiction"/>
      </extension>
      <extension url="value">
        <valueString value="true"/>
      </extension>
    </extension>
    <extension url="http://hl7.org/fhir/tools/StructureDefinition/ig-parameter">
      <extension url="code">
        <valueString value="apply-license"/>
      </extension>
      <extension url="value">
        <valueString value="true"/>
      </extension>
    </extension>
    <extension url="http://hl7.org/fhir/tools/StructureDefinition/ig-parameter">
      <extension url="code">
        <valueString value="apply-publisher"/>
      </extension>
      <extension url="value">
        <valueString value="true"/>
      </extension>
    </extension>
    <extension url="http://hl7.org/fhir/tools/StructureDefinition/ig-parameter">
      <extension url="code">
        <valueString value="apply-version"/>
      </extension>
      <extension url="value">
        <valueString value="true"/>
      </extension>
    </extension>
    <extension url="http://hl7.org/fhir/tools/StructureDefinition/ig-parameter">
      <extension url="code">
        <valueString value="active-tables"/>
      </extension>
      <extension url="value">
        <valueString value="true"/>
      </extension>
    </extension>
    <grouping id="Capabilities">
      <name value="Capabilities"/>
      <description value="PLR CapabilityStatement, the defined Operations and the Bundle profiles associated with them"/>
    </grouping>
    <grouping id="Practitioner">
      <name value="Practitioner"/>
      <description value="Artifacts associated with Practitioners"/>
    </grouping>
    <grouping id="Organization">
      <name value="Organization"/>
      <description value="Artifacts associated with Organizations"/>
    </grouping>
    <grouping id="Facility">
      <name value="Facility"/>
      <description value="Artifacts associated with Facilities"/>
    </grouping>
    <grouping id="Common">
      <name value="Common"/>
      <description value="Artifacts used across all groupings"/>
    </grouping>
    <grouping id="Datatypes">
      <name value="Datatypes"/>
      <description value="Artifacts associated with datatypes"/>
    </grouping>
    <resource>
      <extension url="http://hl7.org/fhir/tools/StructureDefinition/resource-information">
        <valueString value="StructureDefinition:complex-type"/>
      </extension>
      <reference>
        <reference value="StructureDefinition/bc-address"/>
      </reference>
      <name value="BCAddress"/>
      <description value="Adds an end reason to the address."/>
      <exampleBoolean value="false"/>
      <groupingId value="Datatypes"/>
    </resource>
    <resource>
      <extension url="http://hl7.org/fhir/tools/StructureDefinition/resource-information">
        <valueString value="StructureDefinition:resource"/>
      </extension>
      <reference>
        <reference value="StructureDefinition/bc-batch-bundle"/>
      </reference>
      <name value="BCBatchBundle"/>
      <description value="A Bundle that is used in the PLR Batch operation."/>
      <exampleBoolean value="false"/>
    </resource>
    <resource>
      <extension url="http://hl7.org/fhir/tools/StructureDefinition/resource-information">
        <valueString value="StructureDefinition:complex-type"/>
      </extension>
      <reference>
        <reference value="StructureDefinition/bc-contactPoint"/>
      </reference>
      <name value="BCContactPoint"/>
      <description value="Adds an end reason and extra contact information."/>
      <exampleBoolean value="false"/>
      <groupingId value="Datatypes"/>
    </resource>
    <resource>
      <extension url="http://hl7.org/fhir/tools/StructureDefinition/resource-information">
        <valueString value="StructureDefinition:complex-type"/>
      </extension>
      <reference>
        <reference value="StructureDefinition/bc-humanName"/>
      </reference>
      <name value="BCHumanName"/>
      <description value="Adds an end resaon and a use code to a name."/>
      <exampleBoolean value="false"/>
      <groupingId value="Datatypes"/>
    </resource>
    <resource>
      <extension url="http://hl7.org/fhir/tools/StructureDefinition/resource-information">
        <valueString value="StructureDefinition:complex-type"/>
      </extension>
      <reference>
        <reference value="StructureDefinition/bc-identifier"/>
      </reference>
      <name value="BCIdentifier"/>
      <description value="Adds an end reason to the identifier."/>
      <exampleBoolean value="false"/>
      <groupingId value="Datatypes"/>
    </resource>
    <resource>
      <extension url="http://hl7.org/fhir/tools/StructureDefinition/resource-information">
        <valueString value="StructureDefinition:resource"/>
      </extension>
      <reference>
        <reference value="StructureDefinition/bc-location"/>
      </reference>
      <name value="BCLocation"/>
      <description value="General constraints on the Location resource for use in the BC Provider Registry project."/>
      <exampleBoolean value="false"/>
      <groupingId value="Facility"/>
    </resource>
    <resource>
      <extension url="http://hl7.org/fhir/tools/StructureDefinition/resource-information">
        <valueString value="StructureDefinition:resource"/>
      </extension>
      <reference>
        <reference value="StructureDefinition/bc-location-bundle"/>
      </reference>
      <name value="BCLocationBundle"/>
      <description value="A bundle that submits Location information."/>
      <exampleBoolean value="false"/>
      <groupingId value="Capabilities"/>
    </resource>
    <resource>
      <extension url="http://hl7.org/fhir/tools/StructureDefinition/resource-information">
        <valueString value="StructureDefinition:resource"/>
      </extension>
      <reference>
        <reference value="StructureDefinition/bc-organization"/>
      </reference>
      <name value="BCOrganization"/>
      <description value="General constraints on the Organization resource for use in the BC Provider Registry project."/>
      <exampleBoolean value="false"/>
      <groupingId value="Organization"/>
    </resource>
    <resource>
      <extension url="http://hl7.org/fhir/tools/StructureDefinition/resource-information">
        <valueString value="StructureDefinition:resource"/>
      </extension>
      <reference>
        <reference value="StructureDefinition/bc-organization-affiliation"/>
      </reference>
      <name value="BCOrganizationAffiliation"/>
      <description value="General constraints on the OrganizationAffiliation resource for use in the BC Provider Registry project."/>
      <exampleBoolean value="false"/>
      <groupingId value="Organization"/>
    </resource>
    <resource>
      <extension url="http://hl7.org/fhir/tools/StructureDefinition/resource-information">
        <valueString value="StructureDefinition:resource"/>
      </extension>
      <reference>
        <reference value="StructureDefinition/bc-organization-bundle"/>
      </reference>
      <name value="BCOrganizationBundle"/>
      <description value="A bundle that submits Organization and OrganizationAffiliation information."/>
      <exampleBoolean value="false"/>
      <groupingId value="Capabilities"/>
    </resource>
    <resource>
      <extension url="http://hl7.org/fhir/tools/StructureDefinition/resource-information">
        <valueString value="StructureDefinition:resource"/>
      </extension>
      <reference>
        <reference value="StructureDefinition/bc-practitioner"/>
      </reference>
      <name value="BCPractitioner"/>
      <description value="General constraints on the Practitioner resource for use in the BC Provider Registry project."/>
      <exampleBoolean value="false"/>
      <groupingId value="Practitioner"/>
    </resource>
    <resource>
      <extension url="http://hl7.org/fhir/tools/StructureDefinition/resource-information">
        <valueString value="StructureDefinition:resource"/>
      </extension>
      <reference>
        <reference value="StructureDefinition/bc-practitioner-bundle"/>
      </reference>
      <name value="BCPractitionerBundle"/>
      <description value="A bundle that submits Practitioner and PractitionerRole information."/>
      <exampleBoolean value="false"/>
      <groupingId value="Capabilities"/>
    </resource>
    <resource>
      <extension url="http://hl7.org/fhir/tools/StructureDefinition/resource-information">
        <valueString value="StructureDefinition:resource"/>
      </extension>
      <reference>
        <reference value="StructureDefinition/bc-practitioner-role"/>
      </reference>
      <name value="BCPractitionerRole"/>
      <description value="General constraints on the PractitionerRole resource for use in the BC Provider Registry project."/>
      <exampleBoolean value="false"/>
      <groupingId value="Practitioner"/>
    </resource>
    <resource>
      <extension url="http://hl7.org/fhir/tools/StructureDefinition/resource-information">
        <valueString value="StructureDefinition:extension"/>
      </extension>
      <reference>
        <reference value="StructureDefinition/bc-birthplace-extension"/>
      </reference>
      <name value="BC Birth Place Extension"/>
      <description value="Captures the place where a patient/practitioner/person was born."/>
      <exampleBoolean value="false"/>
      <groupingId value="Practitioner"/>
    </resource>
    <resource>
      <extension url="http://hl7.org/fhir/tools/StructureDefinition/resource-information">
        <valueString value="StructureDefinition:extension"/>
      </extension>
      <reference>
        <reference value="StructureDefinition/bc-birthtime-extension"/>
      </reference>
      <name value="BC Extra birth time information"/>
      <description value="Adds birth time to the birth date."/>
      <exampleBoolean value="false"/>
      <groupingId value="Practitioner"/>
    </resource>
    <resource>
      <extension url="http://hl7.org/fhir/tools/StructureDefinition/resource-information">
        <valueString value="StructureDefinition:extension"/>
      </extension>
      <reference>
        <reference value="StructureDefinition/bc-facility-community-health-service-area-extension"/>
      </reference>
      <name value="BC Facility Community Health Service Area"/>
      <description value="A code that represents the community health service area that the location is a part of."/>
      <exampleBoolean value="false"/>
      <groupingId value="Facility"/>
    </resource>
    <resource>
      <extension url="http://hl7.org/fhir/tools/StructureDefinition/resource-information">
        <valueString value="StructureDefinition:extension"/>
      </extension>
      <reference>
        <reference value="StructureDefinition/bc-practitioner-deathdate-extension"/>
      </reference>
      <name value="BC Practitioner Date of Death Extension"/>
      <description value="The Date of Death of a Practitioner."/>
      <exampleBoolean value="false"/>
      <groupingId value="Practitioner"/>
    </resource>
    <resource>
      <extension url="http://hl7.org/fhir/tools/StructureDefinition/resource-information">
        <valueString value="StructureDefinition:extension"/>
      </extension>
      <reference>
        <reference value="StructureDefinition/bc-end-reason-extension"/>
      </reference>
      <name value="BC End Reason Extension"/>
      <description value="Tracking end reasons."/>
      <exampleBoolean value="false"/>
      <groupingId value="Common"/>
    </resource>
    <resource>
      <extension url="http://hl7.org/fhir/tools/StructureDefinition/resource-information">
        <valueString value="StructureDefinition:extension"/>
      </extension>
      <reference>
        <reference value="StructureDefinition/bc-facility-details-extension"/>
      </reference>
      <name value="BC Facility Details Extension"/>
      <description value="Provides the details of a facility as represented by a FHIR location."/>
      <exampleBoolean value="false"/>
      <groupingId value="Facility"/>
    </resource>
    <resource>
      <extension url="http://hl7.org/fhir/tools/StructureDefinition/resource-information">
        <valueString value="StructureDefinition:extension"/>
      </extension>
      <reference>
        <reference value="StructureDefinition/bc-license-status-extension"/>
      </reference>
      <name value="BC License Status Extension"/>
      <description value="Tracking the status and changes to the status of a practitioner/organization license."/>
      <exampleBoolean value="false"/>
      <groupingId value="Common"/>
    </resource>
    <resource>
      <extension url="http://hl7.org/fhir/tools/StructureDefinition/resource-information">
        <valueString value="StructureDefinition:extension"/>
      </extension>
      <reference>
        <reference value="StructureDefinition/bc-facility-mailing-address-extension"/>
      </reference>
      <name value="BC Facility Mailing Address"/>
      <description value="An optional mailing address for the facility."/>
      <exampleBoolean value="false"/>
      <groupingId value="Facility"/>
    </resource>
    <resource>
      <extension url="http://hl7.org/fhir/tools/StructureDefinition/resource-information">
        <valueString value="StructureDefinition:extension"/>
      </extension>
      <reference>
        <reference value="StructureDefinition/bc-name-use-extension"/>
      </reference>
      <name value="BC Name Use Extension"/>
      <description value="Allows for use on a simple name string."/>
      <exampleBoolean value="false"/>
      <groupingId value="Common"/>
    </resource>
    <resource>
      <extension url="http://hl7.org/fhir/tools/StructureDefinition/resource-information">
        <valueString value="StructureDefinition:extension"/>
      </extension>
      <reference>
        <reference value="StructureDefinition/bc-note-extension"/>
      </reference>
      <name value="BC Notes"/>
      <description value="Notes about the practitioner/location/organization."/>
      <exampleBoolean value="false"/>
      <groupingId value="Common"/>
    </resource>
    <resource>
      <extension url="http://hl7.org/fhir/tools/StructureDefinition/resource-information">
        <valueString value="StructureDefinition:extension"/>
      </extension>
      <reference>
        <reference value="StructureDefinition/bc-period-extension"/>
      </reference>
      <name value="BC Valid Period"/>
      <description value="The period for when the extended element is valid."/>
      <exampleBoolean value="false"/>
      <groupingId value="Common"/>
    </resource>
    <resource>
      <extension url="http://hl7.org/fhir/tools/StructureDefinition/resource-information">
        <valueString value="StructureDefinition:extension"/>
      </extension>
      <reference>
        <reference value="StructureDefinition/bc-practitioner-condition-extension"/>
      </reference>
      <name value="BC Practitioner Conditions"/>
      <description value="Conditions on the provider&#39;s role"/>
      <exampleBoolean value="false"/>
      <groupingId value="Practitioner"/>
    </resource>
    <resource>
      <extension url="http://hl7.org/fhir/tools/StructureDefinition/resource-information">
        <valueString value="StructureDefinition:extension"/>
      </extension>
      <reference>
        <reference value="StructureDefinition/bc-practitioner-confidentiality-extension"/>
      </reference>
      <name value="BC Practitioner Confidentiality Extension"/>
      <description value="Indicates the confidentality of the practitioner&#39;s information."/>
      <exampleBoolean value="false"/>
      <groupingId value="Practitioner"/>
    </resource>
    <resource>
      <extension url="http://hl7.org/fhir/tools/StructureDefinition/resource-information">
        <valueString value="StructureDefinition:extension"/>
      </extension>
      <reference>
        <reference value="StructureDefinition/bc-practitioner-disciplinary-action-extension"/>
      </reference>
      <name value="BC Practitioner Disciplinary Actions"/>
      <description value="Provides details of disciplinary actions against the provider."/>
      <exampleBoolean value="false"/>
      <groupingId value="Practitioner"/>
    </resource>
    <resource>
      <extension url="http://hl7.org/fhir/tools/StructureDefinition/resource-information">
        <valueString value="StructureDefinition:extension"/>
      </extension>
      <reference>
        <reference value="StructureDefinition/bc-practitioner-qualification-issue-date-extension"/>
      </reference>
      <name value="BC Practitioner Qualification Issue Date"/>
      <description value="The issue date of the practitioner&#39;s qualification."/>
      <exampleBoolean value="false"/>
      <groupingId value="Practitioner"/>
    </resource>
    <resource>
      <extension url="http://hl7.org/fhir/tools/StructureDefinition/resource-information">
        <valueString value="StructureDefinition:extension"/>
      </extension>
      <reference>
        <reference value="StructureDefinition/bc-practitioner-relationship-extension"/>
      </reference>
      <name value="BC Practitioner to Practitioner Relationship"/>
      <description value="Allows for relationships of practitioners to practitioners without needing CareTeam semantics."/>
      <exampleBoolean value="false"/>
      <groupingId value="Practitioner"/>
    </resource>
    <resource>
      <extension url="http://hl7.org/fhir/tools/StructureDefinition/resource-information">
        <valueString value="Bundle"/>
      </extension>
      <reference>
        <reference value="Bundle/Example-AddLocation-Bundle"/>
      </reference>
      <name value="Example-AddLocation-Bundle"/>
      <description value="An example of bundle that is adding a location."/>
      <exampleCanonical value="http://hl7.org/fhir/ca-bc/provider/StructureDefinition/bc-location-bundle"/>
      <groupingId value="Capabilities"/>
    </resource>
    <resource>
      <extension url="http://hl7.org/fhir/tools/StructureDefinition/resource-information">
        <valueString value="Bundle"/>
      </extension>
      <reference>
        <reference value="Bundle/Example-AddOrganization-Bundle"/>
      </reference>
      <name value="Example-AddOrganization-Bundle"/>
      <description value="Example of a Bundle of resources that are needed to create an Organization."/>
      <exampleCanonical value="http://hl7.org/fhir/ca-bc/provider/StructureDefinition/bc-organization-bundle"/>
      <groupingId value="Capabilities"/>
    </resource>
    <resource>
      <extension url="http://hl7.org/fhir/tools/StructureDefinition/resource-information">
        <valueString value="Location"/>
      </extension>
      <reference>
        <reference value="Location/Example-AddOrganization-Location"/>
      </reference>
      <name value="Example-AddOrganization-Location"/>
      <description value="Example of a Location (Facility) that exists on its own."/>
      <exampleCanonical value="http://hl7.org/fhir/ca-bc/provider/StructureDefinition/bc-location"/>
      <groupingId value="Facility"/>
    </resource>
    <resource>
      <extension url="http://hl7.org/fhir/tools/StructureDefinition/resource-information">
        <valueString value="Organization"/>
      </extension>
      <reference>
        <reference value="Organization/Example-AddOrganization-Organization"/>
      </reference>
      <name value="Example-AddOrganization-Organization"/>
      <description value="Example of an Organization that is being created."/>
      <exampleCanonical value="http://hl7.org/fhir/ca-bc/provider/StructureDefinition/bc-organization"/>
      <groupingId value="Organization"/>
    </resource>
    <resource>
      <extension url="http://hl7.org/fhir/tools/StructureDefinition/resource-information">
        <valueString value="OrganizationAffiliation"/>
      </extension>
      <reference>
        <reference value="OrganizationAffiliation/Example-AddOrganization-OrganizationAffiliation"/>
      </reference>
      <name value="Example-AddOrganization-OrganizationAffiliation"/>
      <description value="Example of a relationship between an Organization and its Locations (facilities)."/>
      <exampleCanonical value="http://hl7.org/fhir/ca-bc/provider/StructureDefinition/bc-organization-affiliation"/>
      <groupingId value="Organization"/>
    </resource>
    <resource>
      <extension url="http://hl7.org/fhir/tools/StructureDefinition/resource-information">
        <valueString value="Bundle"/>
      </extension>
      <reference>
        <reference value="Bundle/Example-AddPractitioner-Bundle"/>
      </reference>
      <name value="Example-AddPractitioner-Bundle"/>
      <description value="Example of a bundle of resources sent when requesting a practitioner create."/>
      <exampleCanonical value="http://hl7.org/fhir/ca-bc/provider/StructureDefinition/bc-practitioner-bundle"/>
      <groupingId value="Capabilities"/>
    </resource>
    <resource>
      <extension url="http://hl7.org/fhir/tools/StructureDefinition/resource-information">
        <valueString value="Practitioner"/>
      </extension>
      <reference>
        <reference value="Practitioner/Example-AddPractitioner-Practitioner"/>
      </reference>
      <name value="Example-AddPractitioner-Practitioner"/>
      <description value="Example of a BC practitioner that is being created."/>
      <exampleCanonical value="http://hl7.org/fhir/ca-bc/provider/StructureDefinition/bc-practitioner"/>
      <groupingId value="Practitioner"/>
    </resource>
    <resource>
      <extension url="http://hl7.org/fhir/tools/StructureDefinition/resource-information">
        <valueString value="PractitionerRole"/>
      </extension>
      <reference>
        <reference value="PractitionerRole/Example-AddPractitioner-PractitionerRole"/>
      </reference>
      <name value="Example-AddPractitioner-PractitionerRole"/>
      <description value="Example of the role that the created practitioner is playing."/>
      <exampleCanonical value="http://hl7.org/fhir/ca-bc/provider/StructureDefinition/bc-practitioner-role"/>
      <groupingId value="Practitioner"/>
    </resource>
    <resource>
      <extension url="http://hl7.org/fhir/tools/StructureDefinition/resource-information">
        <valueString value="Practitioner"/>
      </extension>
      <reference>
        <reference value="Practitioner/Example-AddPractitioner-RelatedPractitioner"/>
      </reference>
      <name value="Example-AddPractitioner-RelatedPractitioner"/>
      <description value="Example of a practitioner that has a relationship to the example created practitioner."/>
      <exampleCanonical value="http://hl7.org/fhir/ca-bc/provider/StructureDefinition/bc-practitioner"/>
      <groupingId value="Practitioner"/>
    </resource>
    <resource>
      <extension url="http://hl7.org/fhir/tools/StructureDefinition/resource-information">
        <valueString value="Location"/>
      </extension>
      <reference>
        <reference value="Location/Example-AddPractitioner-WorkLocation"/>
      </reference>
      <name value="Example-AddPractitioner-WorkLocation"/>
      <description value="Example of a Location (facility) that is the affiliated with an Organization."/>
      <exampleCanonical value="http://hl7.org/fhir/ca-bc/provider/StructureDefinition/bc-location"/>
      <groupingId value="Facility"/>
    </resource>
    <resource>
      <extension url="http://hl7.org/fhir/tools/StructureDefinition/resource-information">
        <valueString value="Bundle"/>
      </extension>
      <reference>
        <reference value="Bundle/Example-Batch-Bundle"/>
      </reference>
      <name value="Example-Batch-Bundle"/>
      <description value="An example of a Batch Bundle that contains one each of a Practitioner bundle, Organization bundle, and a Location bundle."/>
      <exampleCanonical value="http://hl7.org/fhir/ca-bc/provider/StructureDefinition/bc-batch-bundle"/>
      <groupingId value="Capabilities"/>
    </resource>
    <resource>
      <extension url="http://hl7.org/fhir/tools/StructureDefinition/resource-information">
        <valueString value="Organization"/>
      </extension>
      <reference>
        <reference value="Organization/Example-Qualification-Organization"/>
      </reference>
      <name value="Example-Qualification-Organization"/>
      <description value="Example of an organization&#39;s qualifications."/>
      <exampleCanonical value="http://hl7.org/fhir/ca-bc/provider/StructureDefinition/bc-organization"/>
      <groupingId value="Practitioner"/>
    </resource>
    <resource>
      <extension url="http://hl7.org/fhir/tools/StructureDefinition/resource-information">
        <valueString value="OperationDefinition"/>
      </extension>
      <reference>
        <reference value="OperationDefinition/bc-dereference-organization-facility-query"/>
      </reference>
      <name value="DereferenceOrganizationFacilityQuery"/>
      <description value="This operation is used to query for an organization or facility and will return the information for that organization or facility along with any instances that can be found by following associations to other providers, organizations, or facilities."/>
      <exampleBoolean value="false"/>
      <groupingId value="Capabilities"/>
    </resource>
    <resource>
      <extension url="http://hl7.org/fhir/tools/StructureDefinition/resource-information">
        <valueString value="OperationDefinition"/>
      </extension>
      <reference>
        <reference value="OperationDefinition/bc-dereference-practitioner-query"/>
      </reference>
      <name value="DereferencePractitionerQuery"/>
      <description value="This operation is used to query for a provider and will return the information for that provider along with any instances that can be found by following associations to other providers, organizations, or facilities."/>
      <exampleBoolean value="false"/>
      <groupingId value="Capabilities"/>
    </resource>
    <resource>
      <extension url="http://hl7.org/fhir/tools/StructureDefinition/resource-information">
        <valueString value="OperationDefinition"/>
      </extension>
      <reference>
        <reference value="OperationDefinition/bc-full-organization-facility-query"/>
      </reference>
      <name value="FullOrganizationFacilityQuery"/>
      <description value="This operation is used to query for an organization or facility and will return the information for that organization or facility without following associations to other providers, organizations, or facilities."/>
      <exampleBoolean value="false"/>
      <groupingId value="Capabilities"/>
    </resource>
    <resource>
      <extension url="http://hl7.org/fhir/tools/StructureDefinition/resource-information">
        <valueString value="OperationDefinition"/>
      </extension>
      <reference>
        <reference value="OperationDefinition/bc-full-practitioner-query"/>
      </reference>
      <name value="FullPractitionerQuery"/>
      <description value="This operation is used to query for a provider and will return the information for that provider without following associations to other providers, organizations, or facilities."/>
      <exampleBoolean value="false"/>
      <groupingId value="Capabilities"/>
    </resource>
    <resource>
      <extension url="http://hl7.org/fhir/tools/StructureDefinition/resource-information">
        <valueString value="CapabilityStatement"/>
      </extension>
      <reference>
        <reference value="CapabilityStatement/bc-plr-capability-statement"/>
      </reference>
      <name value="BCPLRCapabilityStatement"/>
      <description value="This capability statement describes the four use cases that are supported by the BC FHIR implementation of PLR.&#xA;&#xA;* Distributions - used when PLR is communicating a change in a single Practitioner, Organization, or Location&#xA;* Maintain - used when an outside source is communicating a change to PLR&#xA;* Batch - allows for the sending of multiple Maintain messages at one time&#xA;* Queries - a set of operations are defined that allow the querying of PLR FHIR instances&#xA;&#xA;#### Distributions&#xA;&#xA;A Distribution is used by PLR to communicate a change in a single Practitioner, Organization, or Location.  It will be accomplished by sending a FHIR Bundle of type &#39;transaction&#39; via a RESTful PUT message.  The transaction Bundle includes one of the following sets:&#xA;&#xA;1.&#x9;PractitionerRole(s) and Practitioner;&#xA;2.&#x9;OrganizationAffiliation(s), PractitionerRole(s) and Organization;&#xA;3.&#x9;Location, OrganizationAffiliation(s), PractitionerRole(s).  &#xA;&#xA;One PUT message per distribution and each distribution will have a single Provider or Facility.  Each distribution message has a logical ID which is a database unique key.  This logical ID is not intended to be used in any other message, i.e., one can not request the Bundle with GET /Bundle/123445.&#xA;&#xA;With the restriction on the content of the different Distribution Bundles, it may take multiple Bundles to convey all of the relationships between Practitioners, Organizations, and Locations.  To send a PractitionerRole, the Organization and/or Location must already exist.  Similarly, for OrganizationAffiliations, the Organizations and/or Locations must already exist.  That could possibly mean that one would see a Distribution Bundle with just an Organization and then another Bundle with a Practitioner and a PractitionerRole linking the Practitioner and the Organization.&#xA;&#xA;The response to a distribution must be HTTP 200 or 201 OK.  Anything else and the reliable messaging function will retry to send the message until a 200 is received back.&#xA;&#xA;#### Maintain&#xA;Maintain Provider and Facility will be exactly like Distributions above, just an incoming message, rather than an outbound message.  The rules for Distributions apply to Maintain Bundles.&#xA;&#xA;The logical ID of the transaction Bundle is assigned by the source of the message and is not intended to be used again.  The source today requires a unique identifier for each message, and the logical ID can be that unique identifier.&#xA;&#xA;The response will also be a Bundle with OperationOutcome and the modified or new resource(s) within the Bundle.  A maintain Bundle must only update or create a single Provider or Facility.  Thus, if the message is requesting a relationship to a Provider be created that target Provider must already exist in PLR, otherwise the whole transaction Bundle is rolled back.&#xA;&#xA;#### Batch&#xA;Batch also uses Bundles, but a batch Bundle.  A batch Bundle allows for many independent transactions to be sent in a single message.  The batch Bundle must contain at least one or more of:&#xA;&#xA;1.&#x9;a transaction Bundle (with PractitionerRole(s) and Practitioner) to add/update a Ind. Provider&#xA;2.&#x9;a transaction Bundle (with OrganizationAffiliation(s), PractitionerRole(s) and Organizations) to add/update a Org. Provider&#xA;3.&#x9;a transaction Bundle (with OrganizationAffiliations(s) and PractitionerRole(s)) to add/update a Facility&#xA;&#xA;The logical ID of a Batch should be assigned by the source; PLR batch users should be assigning a unique identifier to the batch file (requirement today) so that will have to be the logical ID.  The logical ID is transient and not meant to be used again in any way.  Within the batch Bundle each transaction will have a conformant logical ID if the transaction is to update an existing Provider or Facility.  If the transaction is to create, the logical ID is assigned by PLR and returned in the response Bundle.&#xA;&#xA;The response Bundle is similarly structured to the request, populating and echoing back the results of each transaction.  The only difference is that OperationOutcome should also be included for each transaction for acknowledgement and error messages - and a Bundle with a single OperationOutcome to cover the situation where the batch wasn&#39;t processed due to validation or non-business errors.&#xA;&#xA;#### Query&#xA;Rather than using the FHIR RESTful search mechanism, PLR FHIR has defined a set of FHIR Operations to search for Providers and Facilities.  Operations are designed for searches where the server needs to play an active role in preparing the responses.  In PLR&#39;s case, the server would need to include resources that make up the full Provider or additionally return the full Provider and related Providers or Facilities.  Queries using PractitionerRole and OrganizationAffiliation are not permitted and unnecessary.&#xA;&#xA;The two query operations are:&#xA;&#xA;* $full - used to return the full [provider](OperationDefinition-bc-full-practitioner-query.html) or [organization or facility](OperationDefinition-bc-full-organization-facility-query.html) without following relationships&#xA;* $dereference - used to return the full [provider](OperationDefinition-bc-dereference-practitioner-query.html) or [organization or facility](OperationDefinition-bc-dereference-organization-facility-query.html) along with all directly referenced providers or facilities&#xA;&#xA;The syntax for the $full operation is:&#xA;&#xA;* GET /resource/id/$full to retrieve a specific provider or facility where the id is known&#xA;* GET /resource/$full?param1&amp;param2&amp;... to search for a provider or facility&#xA;&#xA;The parameters for the $full operation will be the standard search parameters.&#xA;&#xA;The syntax for the $dereference operation is:&#xA;&#xA;* GET /resource/id/$dereference to retrieve the full information about a specific provider or facility where the id is known&#xA;* GET /resource/$dereference?param1&amp;param2&amp;... to search and retrieve the full information about a provider or facility&#xA;&#xA;The parameters for the $dereference operation will be the standard search parameters, along with the &#39;join&#39; parameters, e.g., location_city, organization_name, etc."/>
      <exampleBoolean value="true"/>
      <groupingId value="Capabilities"/>
    </resource>
    <page>
      <nameUrl value="toc.html"/>
      <title value="Table of Contents"/>
      <generation value="html"/>
      <page>
        <nameUrl value="index.html"/>
        <title value="PLR Overview"/>
        <generation value="markdown"/>
      </page>
      <page>
        <nameUrl value="specification.html"/>
        <title value="FHIR Design and Overview"/>
        <generation value="markdown"/>
      </page>
      <page>
        <nameUrl value="transition.html"/>
        <title value="Transition from V3 Provider to FHIR"/>
        <generation value="markdown"/>
      </page>
      <page>
        <nameUrl value="connected_partner.html"/>
        <title value="Becoming a Connected Partner"/>
        <generation value="markdown"/>
      </page>
      <page>
        <nameUrl value="future.html"/>
        <title value="Future Plans"/>
        <generation value="markdown"/>
      </page>
      <page>
        <nameUrl value="glossary.html"/>
        <title value="Glossary"/>
        <generation value="markdown"/>
      </page>
      <page>
        <nameUrl value="credits.html"/>
        <title value="Credits"/>
        <generation value="markdown"/>
      </page>
    </page>
    <parameter>
      <code value="path-resource"/>
      <value value="input/capabilities"/>
    </parameter>
    <parameter>
      <code value="path-resource"/>
      <value value="input/examples"/>
    </parameter>
    <parameter>
      <code value="path-resource"/>
      <value value="input/extensions"/>
    </parameter>
    <parameter>
      <code value="path-resource"/>
      <value value="input/models"/>
    </parameter>
    <parameter>
      <code value="path-resource"/>
      <value value="input/operations"/>
    </parameter>
    <parameter>
      <code value="path-resource"/>
      <value value="input/profiles"/>
    </parameter>
    <parameter>
      <code value="path-resource"/>
      <value value="input/resources"/>
    </parameter>
    <parameter>
      <code value="path-resource"/>
      <value value="input/vocabulary"/>
    </parameter>
    <parameter>
      <code value="path-resource"/>
      <value value="input/maps"/>
    </parameter>
    <parameter>
      <code value="path-resource"/>
      <value value="input/testing"/>
    </parameter>
    <parameter>
      <code value="path-resource"/>
      <value value="input/history"/>
    </parameter>
    <parameter>
      <code value="path-resource"/>
      <value value="fsh-generated/resources"/>
    </parameter>
    <parameter>
      <code value="path-pages"/>
      <value value="template/config"/>
    </parameter>
    <parameter>
      <code value="path-pages"/>
      <value value="input/images"/>
    </parameter>
    <parameter>
      <code value="path-tx-cache"/>
      <value value="input-cache/txcache"/>
    </parameter>
  </definition>
</ImplementationGuide>