<?xml version="1.0" encoding="UTF-8"?>

<OrganizationAffiliation xmlns="http://hl7.org/fhir">
  <id value="Example-AddOrganization-OrganizationAffiliation"/>
  <meta>
    <profile value="http://hl7.org/fhir/ca-bc/provider/StructureDefinition/bc-organizationaffiliation"/>
  </meta>
  <text>
    <status value="generated"/><div xmlns="http://www.w3.org/1999/xhtml"><p><b>Generated Narrative</b></p><p><b>active</b>: true</p><p><b>period</b>: Apr. 4, 1989, 1:00:00 a.m. --&gt; (ongoing)</p><p><b>organization</b>: <a href="Organization-Example-AddOrganization-Organization.html">Generated Summary: id: CPN.00147422.BC.PRS, id: IPC.00147422.BC.PRS, id: 1000095892; active; name: Kelowna Clinic; Phone: 7786428585</a></p><p><b>location</b>: <a href="Location-Example-AddOrganization-Location.html">Generated Summary: id: 111; name: General Hospital; <span title="Codes: {http://terminology.hl7.org/CodeSystem/v3-RoleCode HOSP}">Hospital</span>; Fax: 55555555551, Fax: 55555555555, ftp://someftp.com</a></p></div>
  </text>
  <active value="true"/>
  <period>
    <start value="1989-04-04T00:00:00-07:00"/>
  </period>
  <organization>
    <reference value="Organization/Example-AddOrganization-Organization"/>
  </organization>
  <location>
    <reference value="Location/Example-AddOrganization-Location"/>
  </location>
</OrganizationAffiliation>