"Path","Slice Name","Alias(s)","Label","Min","Max","Must Support?","Is Modifier?","Is Summary?","Type(s)","Short","Definition","Comments","Requirements","Default Value","Meaning When Missing","Fixed Value","Pattern","Example","Minimum Value","Maximum Value","Maximum Length","Binding Strength","Binding Description","Binding Value Set","Code","Slicing Discriminator","Slicing Description","Slicing Ordered","Slicing Rules","Base Path","Base Min","Base Max","Condition(s)","Constraint(s)","Mapping: HL7 v2 Mapping","Mapping: RIM Mapping","Mapping: ServD","Mapping: vCard Mapping"
"Address","","","",0,*,"","","","","An address expressed using postal conventions (as opposed to GPS or other location definition formats)","An address expressed using postal conventions (as opposed to GPS or other location definition formats).  This data type may be used to convey addresses for use in delivering mail as well as for visiting locations which might not be valid for mail delivery.  There are a variety of postal address formats defined around the world.","Note: address is intended to describe postal addresses for administrative purposes, not to describe absolute geographical coordinates.  Postal addresses are often used as proxies for physical locations (also see the [Location](http://hl7.org/fhir/R4/location.html#) resource).","","","","","","","","",,,,,"",,,,"Address",0,*,"ele-1
","ele-1:All FHIR elements must have a @value or children {hasValue() or (children().count() > id.count())}
","XAD","n/a","AD","Address"
"Address.id","","","",0,1,"","","","string {[]} {[]}
","Unique id for inter-element referencing","Unique id for the element within a resource (for internal references). This may be any string value that does not contain spaces.","","","","","","","","","",,,,,"",,,,"Element.id",0,1,"","","n/a"
"Address.extension","","extensions
user content","",0,*,"","","","Extension {[]} {[]}
","Additional content defined by implementations","May be used to represent additional information that is not part of the basic definition of the element. To make the use of extensions safe and manageable, there is a strict set of governance  applied to the definition and use of extensions. Though any implementer can define an extension, there is a set of requirements that SHALL be met as part of the definition of the extension.","There can be no stigma associated with the use of extensions by any application, project, or standard - regardless of the institution or jurisdiction that uses or defines the extensions.  The use of extensions is what allows the FHIR specification to retain a core level of simplicity for everyone.","","","","","","","","",,,,,"","value:url}
","Extensions are always sliced by (at least) url",,"open","Element.extension",0,*,"","ele-1:All FHIR elements must have a @value or children {hasValue() or (children().count() > id.count())}
ext-1:Must have either extensions or value[x], not both {extension.exists() != value.exists()}","n/a"
"Address.extension","validFlag","","",0,1,"Y","","","Extension {[CanonicalType[http://hl7.org/fhir/ca-bc/provider/StructureDefinition/bc-valid-flag-extension]]} {[]}
","BC Valid Flag Extension","Used to indicate if a data element has been validated by the ministry.","","","","","","","","","",,,,,"",,,,"Element.extension",0,*,"","ele-1:All FHIR elements must have a @value or children {hasValue() or (children().count() > id.count())}
ext-1:Must have either extensions or value[x], not both {extension.exists() != value.exists()}"
"Address.extension","status","","",0,*,"Y","","","Extension {[CanonicalType[http://hl7.org/fhir/ca-bc/provider/StructureDefinition/bc-status-extension]]} {[]}
","BC Status Extension","Tracking status codes and the effective dates of those statuses.","","","","","","","","","",,,,,"",,,,"Element.extension",0,*,"","ele-1:All FHIR elements must have a @value or children {hasValue() or (children().count() > id.count())}
ext-1:Must have either extensions or value[x], not both {extension.exists() != value.exists()}"
"Address.use","","","",0,1,"","Y","Y","code {[]} {[]}
","home | work | temp | old | billing - purpose of this address","The purpose of this address.","Applications can assume that an address is current unless it explicitly says that it is temporary or old.","Allows an appropriate address to be chosen from a list of many.","","","","","<valueCode xmlns=""http://hl7.org/fhir"" value=""home""/>","","",,"required","The use of an address.","http://hl7.org/fhir/ValueSet/address-use|4.0.1","",,,,"Address.use",0,1,"","ele-1:All FHIR elements must have a @value or children {hasValue() or (children().count() > id.count())}
","XAD.7","unique(./use)","./AddressPurpose"
"Address.type","","","",0,1,"","","Y","code {[]} {[]}
","postal | physical | both","Distinguishes between physical addresses (those you can visit) and mailing addresses (e.g. PO Boxes and care-of addresses). Most addresses are both.","The definition of Address states that ""address is intended to describe postal addresses, not physical locations"". However, many applications track whether an address has a dual purpose of being a location that can be visited as well as being a valid delivery destination, and Postal addresses are often used as proxies for physical locations (also see the [Location](http://hl7.org/fhir/R4/location.html#) resource).","","","","","","<valueCode xmlns=""http://hl7.org/fhir"" value=""both""/>","","",,"required","The type of an address (physical / postal).","http://hl7.org/fhir/ValueSet/address-type|4.0.1","",,,,"Address.type",0,1,"","ele-1:All FHIR elements must have a @value or children {hasValue() or (children().count() > id.count())}
","XAD.18","unique(./use)","address type parameter"
"Address.text","","","",0,1,"","","Y","string {[]} {[]}
","Text representation of the address","Specifies the entire address as it should be displayed e.g. on a postal label. This may be provided instead of or as well as the specific parts.","Can provide both a text representation and parts. Applications updating an address SHALL ensure that  when both text and parts are present,  no content is included in the text that isn't found in a part.","A renderable, unencoded form.","","","","","<valueString xmlns=""http://hl7.org/fhir"" value=""137 Nowhere Street, Erewhon 9132""/>","","",,,,,"",,,,"Address.text",0,1,"","ele-1:All FHIR elements must have a @value or children {hasValue() or (children().count() > id.count())}
","XAD.1 + XAD.2 + XAD.3 + XAD.4 + XAD.5 + XAD.6","./formatted","address label parameter"
"Address.line","","","",0,*,"","","Y","string {[]} {[]}
","Street name, number, direction & P.O. Box etc.","This component contains the house number, apartment number, street name, street direction,  P.O. Box number, delivery hints, and similar address information.","","","","","","","<valueString xmlns=""http://hl7.org/fhir"" value=""137 Nowhere Street""/>","","",,,,,"",,,,"Address.line",0,*,"","ele-1:All FHIR elements must have a @value or children {hasValue() or (children().count() > id.count())}
","XAD.1 + XAD.2 (note: XAD.1 and XAD.2 have different meanings for a company address than for a person address)","AD.part[parttype = AL]","./StreetAddress (newline delimitted)","street"
"Address.city","","Municpality
","",0,1,"","","Y","string {[]} {[]}
","Name of city, town etc.","The name of the city, town, suburb, village or other community or delivery center.","","","","","","","<valueString xmlns=""http://hl7.org/fhir"" value=""Erewhon""/>","","",,,,,"",,,,"Address.city",0,1,"","ele-1:All FHIR elements must have a @value or children {hasValue() or (children().count() > id.count())}
","XAD.3","AD.part[parttype = CTY]","./Jurisdiction","locality"
"Address.district","","County
","",0,1,"","","Y","string {[]} {[]}
","District name (aka county)","The name of the administrative area (county).","District is sometimes known as county, but in some regions 'county' is used in place of city (municipality), so county name should be conveyed in city instead.","","","","","","<valueString xmlns=""http://hl7.org/fhir"" value=""Madison""/>","","",,,,,"",,,,"Address.district",0,1,"","ele-1:All FHIR elements must have a @value or children {hasValue() or (children().count() > id.count())}
","XAD.9","AD.part[parttype = CNT | CPA]"
"Address.state","","Province
Territory","",0,1,"","","Y","string {[]} {[]}
","Sub-unit of country (abbreviations ok)","Sub-unit of a country with limited sovereignty in a federally organized country. A code may be used if codes are in common use (e.g. US 2 letter state codes).","","","","","","","","","",,,,,"",,,,"Address.state",0,1,"","ele-1:All FHIR elements must have a @value or children {hasValue() or (children().count() > id.count())}
","XAD.4","AD.part[parttype = STA]","./Region","region"
"Address.postalCode","","Zip
","",0,1,"","","Y","string {[]} {[]}
","Postal code for area","A postal code designating a region defined by the postal service.","","","","","","","<valueString xmlns=""http://hl7.org/fhir"" value=""9132""/>","","",,,,,"",,,,"Address.postalCode",0,1,"","ele-1:All FHIR elements must have a @value or children {hasValue() or (children().count() > id.count())}
","XAD.5","AD.part[parttype = ZIP]","./PostalIdentificationCode","code"
"Address.country","","","",0,1,"","","Y","string {[]} {[]}
","Country (e.g. can be ISO 3166 2 or 3 letter code)","Country - a nation as commonly understood or generally accepted.","ISO 3166 3 letter codes can be used in place of a human readable country name.","","","","","","","","",,,,,"",,,,"Address.country",0,1,"","ele-1:All FHIR elements must have a @value or children {hasValue() or (children().count() > id.count())}
","XAD.6","AD.part[parttype = CNT]","./Country","country"
"Address.period","","","",0,1,"","","Y","Period {[]} {[]}
","Time period when address was/is in use","Time period when address was/is in use.","","Allows addresses to be placed in historical context.","","","","","<valuePeriod xmlns=""http://hl7.org/fhir"">
  <start value=""2010-03-23""/>
  <end value=""2010-07-01""/>
</valuePeriod>","","",,,,,"",,,,"Address.period",0,1,"","ele-1:All FHIR elements must have a @value or children {hasValue() or (children().count() > id.count())}
","XAD.12 / XAD.13 + XAD.14","./usablePeriod[type=""IVL<TS>""]","./StartDate and ./EndDate"
