{"resourceType":"CapabilityStatement","id":"bc-plr-server-capability-statement","text":{"status":"extensions","div":"<div xmlns=\"http://www.w3.org/1999/xhtml\"><h2 id=\"title\">BC PLR Server Capability Statement</h2><ul><li>Implementation Guide Version: 1.0.0</li><li>FHIR Version: 4.0.1</li><li>Supported Formats: <strong>SHALL</strong> support <code>json</code></li><li>Supported Patch Formats: </li><li>Published on: Tue Nov 15 00:00:00 UTC 2022</li><li>Published by: BC Ministry of Health</li></ul><blockquote class=\"impl-note\"><p><strong>Note to Implementers: FHIR Capabilities</strong></p><p>Any FHIR capability may be 'allowed' by the system unless explicitly marked as &quot;SHALL NOT&quot;. A few items are marked as MAY in the Implementation Guide to highlight their potential relevance to the use case.</p></blockquote><h2 id=\"rest\">FHIR RESTful Capabilities</h2><div class=\"panel panel-default\"><div class=\"panel-heading\"><h3 id=\"mode1\" class=\"panel-title\">Mode: <code>server</code></h3></div><div class=\"panel-body\"><div><p>RESTful Atomic services</p>\n</div><div class=\"lead\"><em>Summary of System-wide Interactions</em></div></div></div><h3 id=\"resourcesCap1\">Capabilities by Resource/Profile</h3><h4 id=\"resourcesSummary1\">Summary</h4><p>The summary table lists the resources that are part of this configuration, and for each resource it lists:</p><ul><li>The relevant profiles (if any)</li><li>The interactions supported by each resource (<b><span class=\"bg-info\">R</span></b>ead, <b><span class=\"bg-info\">S</span></b>earch, <b><span class=\"bg-info\">U</span></b>pdate, and <b><span class=\"bg-info\">C</span></b>reate, are always shown, while <b><span class=\"bg-info\">VR</span></b>ead, <b><span class=\"bg-info\">P</span></b>atch, <b><span class=\"bg-info\">D</span></b>elete, <b><span class=\"bg-info\">H</span></b>istory on <b><span class=\"bg-info\">I</span></b>nstance, or <b><span class=\"bg-info\">H</span></b>istory on <b><span class=\"bg-info\">T</span></b>ype are only present if at least one of the resources has support for them.</li><li><span>The required, recommended, and some optional search parameters (if any). </span></li><li>The linked resources enabled for <code>_include</code></li><li>The other resources enabled for <code>_revinclude</code></li><li>The operations on the resource (if any)</li></ul><div class=\"table-responsive\"><table class=\"table table-condensed table-hover\"><thead><tr><th><b>Resource Type</b></th><th><b>Profile</b></th><th class=\"text-center\"><b title=\"GET a resource (read interaction)\">R</b></th><th class=\"text-center\"><b title=\"GET all set of resources of the type (search interaction)\">S</b></th><th class=\"text-center\"><b title=\"PUT a new resource version (update interaction)\">U</b></th><th class=\"text-center\"><b title=\"POST a new resource (create interaction)\">C</b></th><th><b title=\"Required and recommended search parameters\">Searches</b></th><th><code><b>_include</b></code></th><th><code><b>_revinclude</b></code></th><th><b>Operations</b></th></tr></thead><tbody><tr><td><a href=\"#Practitioner1-1\">Practitioner</a></td><td><a href=\"StructureDefinition-bc-practitioner.html\">http://hlth.gov.bc.ca/fhir/provider/StructureDefinition/bc-practitioner</a><br/><em>Additional supported profiles:</em><br/>\u00a0\u00a0<a href=\"StructureDefinition-bc-practitioner-bundle.html\">BCPractitionerBundle</a></td><td>y</td><td class=\"text-center\"></td><td class=\"text-center\"></td><td class=\"text-center\"></td><td></td><td/><td/><td><code>$entityQuery</code>, <code>$extendedQuery</code></td></tr><tr><td><a href=\"#PractitionerRole1-2\">PractitionerRole</a></td><td><a href=\"StructureDefinition-bc-practitioner-role.html\">http://hlth.gov.bc.ca/fhir/provider/StructureDefinition/bc-practitioner-role</a><br/><em>Additional supported profiles:</em><br/>\u00a0\u00a0<a href=\"StructureDefinition-bc-role-relationships.html\">BCRoleRelationships</a></td><td>y</td><td class=\"text-center\">y</td><td class=\"text-center\"></td><td class=\"text-center\"></td><td>organization, practitioner, location</td><td/><td/><td/></tr><tr><td><a href=\"#Organization1-3\">Organization</a></td><td><a href=\"StructureDefinition-bc-organization.html\">http://hlth.gov.bc.ca/fhir/provider/StructureDefinition/bc-organization</a><br/><em>Additional supported profiles:</em><br/>\u00a0\u00a0<a href=\"StructureDefinition-bc-organization-bundle.html\">BCOrganizationBundle</a></td><td>y</td><td class=\"text-center\"></td><td class=\"text-center\"></td><td class=\"text-center\"></td><td></td><td/><td/><td><code>$entityQuery</code>, <code>$extendedQuery</code></td></tr><tr><td><a href=\"#OrganizationAffiliation1-4\">OrganizationAffiliation</a></td><td><a href=\"StructureDefinition-bc-organization-affiliation.html\">http://hlth.gov.bc.ca/fhir/provider/StructureDefinition/bc-organization-affiliation</a></td><td>y</td><td class=\"text-center\">y</td><td class=\"text-center\"></td><td class=\"text-center\"></td><td>organization, location</td><td/><td/><td/></tr><tr><td><a href=\"#Location1-5\">Location</a></td><td><a href=\"StructureDefinition-bc-location.html\">http://hlth.gov.bc.ca/fhir/provider/StructureDefinition/bc-location</a><br/><em>Additional supported profiles:</em><br/>\u00a0\u00a0<a href=\"StructureDefinition-bc-location-bundle.html\">BCLocationBundle</a></td><td>y</td><td class=\"text-center\"></td><td class=\"text-center\"></td><td class=\"text-center\"></td><td></td><td/><td/><td><code>$entityQuery</code>, <code>$extendedQuery</code></td></tr></tbody></table></div><hr/><div class=\"panel panel-default\"><div class=\"panel-heading\"><h4 id=\"Practitioner1-1\" class=\"panel-title\"><span style=\"float: right;\">Resource Conformance: supported</span>Practitioner</h4></div><div class=\"panel-body\"><div class=\"container\"><div class=\"row\"><div class=\"col-lg-6\"><span class=\"lead\">Base System Profile</span><br/><a href=\"StructureDefinition-bc-practitioner.html\">http://hlth.gov.bc.ca/fhir/provider/StructureDefinition/bc-practitioner</a></div><div class=\"col-lg-3\"><span class=\"lead\">Profile Conformance</span><br/><b>SHALL</b></div><div class=\"col-lg-3\"><span class=\"lead\">Reference Policy</span><br/></div></div><p/><div class=\"row\"><div class=\"col-6\"><span class=\"lead\">Supported Profiles</span><p><a href=\"StructureDefinition-bc-practitioner-bundle.html\">http://hlth.gov.bc.ca/fhir/provider/StructureDefinition/bc-practitioner-bundle</a></p></div><div class=\"col-lg-6\"><span class=\"lead\">Interaction summary</span><br/><ul><li>Supports <code>read</code>.</li></ul></div></div><p/><div class=\"row\"><div class=\"col-12\"><span class=\"lead\">Extended Operations</span><table class=\"table table-condensed table-hover\"><thead><tr><th>Conformance</th><th>Operation</th><th>Documentation</th></tr></thead><tbody><tr><td><b>SHALL</b></td><td><a href=\"OperationDefinition-bc-entity-practitioner-query.html\">$entityQuery</a></td><td><div></div></td></tr><tr><td><b>SHALL</b></td><td><a href=\"OperationDefinition-bc-extended-practitioner-query.html\">$extendedQuery</a></td><td><div></div></td></tr></tbody></table></div></div></div></div></div><div class=\"panel panel-default\"><div class=\"panel-heading\"><h4 id=\"PractitionerRole1-2\" class=\"panel-title\"><span style=\"float: right;\">Resource Conformance: supported</span>PractitionerRole</h4></div><div class=\"panel-body\"><div class=\"container\"><div class=\"row\"><div class=\"col-lg-6\"><span class=\"lead\">Base System Profile</span><br/><a href=\"StructureDefinition-bc-practitioner-role.html\">http://hlth.gov.bc.ca/fhir/provider/StructureDefinition/bc-practitioner-role</a></div><div class=\"col-lg-3\"><span class=\"lead\">Profile Conformance</span><br/><b>SHALL</b></div><div class=\"col-lg-3\"><span class=\"lead\">Reference Policy</span><br/></div></div><p/><div class=\"row\"><div class=\"col-6\"><span class=\"lead\">Supported Profiles</span><p><a href=\"StructureDefinition-bc-role-relationships.html\">http://hlth.gov.bc.ca/fhir/provider/StructureDefinition/bc-role-relationships</a></p></div><div class=\"col-lg-6\"><span class=\"lead\">Interaction summary</span><br/><ul><li>Supports <code>read</code>, <code>search-type</code>.</li></ul></div></div><p/><div class=\"row\"><div class=\"col-lg-7\"><span class=\"lead\">Search Parameters</span><table class=\"table table-condensed table-hover\"><thead><tr><th>Conformance</th><th>Parameter</th><th>Type</th><th>Documentation</th></tr></thead><tbody><tr><td><b>SHALL</b></td><td>organization</td><td><code>string</code></td><td><div><p>Organization IPC unique identifier</p>\n</div></td></tr><tr><td><b>SHALL</b></td><td>practitioner</td><td><code>string</code></td><td><div><p>Practitioner IPC unique identifier</p>\n</div></td></tr><tr><td><b>SHALL</b></td><td>location</td><td><code>string</code></td><td><div><p>Location IFC unique identifier</p>\n</div></td></tr></tbody></table></div><div class=\"col-lg-5\">\u00a0</div></div></div></div></div><div class=\"panel panel-default\"><div class=\"panel-heading\"><h4 id=\"Organization1-3\" class=\"panel-title\"><span style=\"float: right;\">Resource Conformance: supported</span>Organization</h4></div><div class=\"panel-body\"><div class=\"container\"><div class=\"row\"><div class=\"col-lg-6\"><span class=\"lead\">Base System Profile</span><br/><a href=\"StructureDefinition-bc-organization.html\">http://hlth.gov.bc.ca/fhir/provider/StructureDefinition/bc-organization</a></div><div class=\"col-lg-3\"><span class=\"lead\">Profile Conformance</span><br/><b>SHALL</b></div><div class=\"col-lg-3\"><span class=\"lead\">Reference Policy</span><br/></div></div><p/><div class=\"row\"><div class=\"col-6\"><span class=\"lead\">Supported Profiles</span><p><a href=\"StructureDefinition-bc-organization-bundle.html\">http://hlth.gov.bc.ca/fhir/provider/StructureDefinition/bc-organization-bundle</a></p></div><div class=\"col-lg-6\"><span class=\"lead\">Interaction summary</span><br/><ul><li>Supports <code>read</code>.</li></ul></div></div><p/><div class=\"row\"><div class=\"col-12\"><span class=\"lead\">Extended Operations</span><table class=\"table table-condensed table-hover\"><thead><tr><th>Conformance</th><th>Operation</th><th>Documentation</th></tr></thead><tbody><tr><td><b>SHALL</b></td><td><a href=\"OperationDefinition-bc-entity-organization-query.html\">$entityQuery</a></td><td><div></div></td></tr><tr><td><b>SHALL</b></td><td><a href=\"OperationDefinition-bc-extended-organization-query.html\">$extendedQuery</a></td><td><div></div></td></tr></tbody></table></div></div></div></div></div><div class=\"panel panel-default\"><div class=\"panel-heading\"><h4 id=\"OrganizationAffiliation1-4\" class=\"panel-title\"><span style=\"float: right;\">Resource Conformance: supported</span>OrganizationAffiliation</h4></div><div class=\"panel-body\"><div class=\"container\"><div class=\"row\"><div class=\"col-lg-6\"><span class=\"lead\">Base System Profile</span><br/><a href=\"StructureDefinition-bc-organization-affiliation.html\">http://hlth.gov.bc.ca/fhir/provider/StructureDefinition/bc-organization-affiliation</a></div><div class=\"col-lg-3\"><span class=\"lead\">Profile Conformance</span><br/><b>SHALL</b></div><div class=\"col-lg-3\"><span class=\"lead\">Reference Policy</span><br/></div></div><p/><div class=\"row\"><div class=\"col-lg-6\"><span class=\"lead\">Interaction summary</span><br/><ul><li>Supports <code>read</code>, <code>search-type</code>.</li></ul></div></div><p/><div class=\"row\"><div class=\"col-lg-7\"><span class=\"lead\">Search Parameters</span><table class=\"table table-condensed table-hover\"><thead><tr><th>Conformance</th><th>Parameter</th><th>Type</th><th>Documentation</th></tr></thead><tbody><tr><td><b>SHALL</b></td><td>organization</td><td><code>string</code></td><td><div><p>Organization IPC unique identifier</p>\n</div></td></tr><tr><td><b>SHALL</b></td><td>location</td><td><code>string</code></td><td><div><p>Location IFC unique identifier</p>\n</div></td></tr></tbody></table></div><div class=\"col-lg-5\">\u00a0</div></div></div></div></div><div class=\"panel panel-default\"><div class=\"panel-heading\"><h4 id=\"Location1-5\" class=\"panel-title\"><span style=\"float: right;\">Resource Conformance: supported</span>Location</h4></div><div class=\"panel-body\"><div class=\"container\"><div class=\"row\"><div class=\"col-lg-6\"><span class=\"lead\">Base System Profile</span><br/><a href=\"StructureDefinition-bc-location.html\">http://hlth.gov.bc.ca/fhir/provider/StructureDefinition/bc-location</a></div><div class=\"col-lg-3\"><span class=\"lead\">Profile Conformance</span><br/><b>SHALL</b></div><div class=\"col-lg-3\"><span class=\"lead\">Reference Policy</span><br/></div></div><p/><div class=\"row\"><div class=\"col-6\"><span class=\"lead\">Supported Profiles</span><p><a href=\"StructureDefinition-bc-location-bundle.html\">http://hlth.gov.bc.ca/fhir/provider/StructureDefinition/bc-location-bundle</a></p></div><div class=\"col-lg-6\"><span class=\"lead\">Interaction summary</span><br/><ul><li>Supports <code>read</code>.</li></ul></div></div><p/><div class=\"row\"><div class=\"col-12\"><span class=\"lead\">Extended Operations</span><table class=\"table table-condensed table-hover\"><thead><tr><th>Conformance</th><th>Operation</th><th>Documentation</th></tr></thead><tbody><tr><td><b>SHALL</b></td><td><a href=\"OperationDefinition-bc-entity-location-query.html\">$entityQuery</a></td><td><div></div></td></tr><tr><td><b>SHALL</b></td><td><a href=\"OperationDefinition-bc-extended-location-query.html\">$extendedQuery</a></td><td><div></div></td></tr></tbody></table></div></div></div></div></div></div>"},"url":"http://hlth.gov.bc.ca/fhir/provider/CapabilityStatement/bc-plr-server-capability-statement","version":"1.0.0","name":"BCPLRServerCapabilityStatement","title":"BC PLR Server Capability Statement","status":"draft","date":"2022-11-15","publisher":"BC Ministry of Health","contact":[{"name":"BC Ministry of Health","telecom":[{"system":"url","value":"https://www2.gov.bc.ca/gov/content/governments/organizational-structure/ministries-organizations/ministries/health"}]}],"description":"This capability statement is listing the RESTful resources that are exposed as well as the three use cases that are supported by the BC FHIR implementation of PLR (see json or XML for more details):\n* Maintain - used when an external source is communicating a change to PLR\n* Batch - allows for the sending of multiple Maintain transactions at one time (not implemented yet)\n* Queries - a set of operations are defined that allow the querying of PLR FHIR instances (entityQuery and extendedQuery)\n\nAll POST and PUT Requests are sent using a Paramaters resource and the Response is always a Bundle resource containing an OperationOutcome and the expected profile(s) (BCPractitioner, BCPractitionerBundle ect ...)\n","jurisdiction":[{"coding":[{"system":"urn:iso:std:iso:3166","code":"CA","display":"Canada"}]}],"kind":"requirements","fhirVersion":"4.0.1","format":["json"],"_format":[{"extension":[{"url":"http://hl7.org/fhir/StructureDefinition/capabilitystatement-expectation","valueCode":"SHALL"}]}],"rest":[{"mode":"server","documentation":"RESTful Atomic services","resource":[{"type":"Practitioner","profile":"http://hlth.gov.bc.ca/fhir/provider/StructureDefinition/bc-practitioner","supportedProfile":["http://hlth.gov.bc.ca/fhir/provider/StructureDefinition/bc-practitioner-bundle"],"interaction":[{"code":"read","documentation":"RESTful GET service"}],"operation":[{"extension":[{"url":"http://hl7.org/fhir/StructureDefinition/capabilitystatement-expectation","valueCode":"SHALL"}],"name":"entityQuery","definition":"http://hlth.gov.bc.ca/fhir/provider/OperationDefinition/bc-entity-practitioner-query"},{"extension":[{"url":"http://hl7.org/fhir/StructureDefinition/capabilitystatement-expectation","valueCode":"SHALL"}],"name":"extendedQuery","definition":"http://hlth.gov.bc.ca/fhir/provider/OperationDefinition/bc-extended-practitioner-query"}]},{"type":"PractitionerRole","profile":"http://hlth.gov.bc.ca/fhir/provider/StructureDefinition/bc-practitioner-role","supportedProfile":["http://hlth.gov.bc.ca/fhir/provider/StructureDefinition/bc-role-relationships"],"interaction":[{"code":"read","documentation":"RESTful GET service"},{"code":"search-type","documentation":"RESTful Search"}],"searchParam":[{"name":"organization","type":"string","documentation":"Organization IPC unique identifier"},{"name":"practitioner","type":"string","documentation":"Practitioner IPC unique identifier"},{"name":"location","type":"string","documentation":"Location IFC unique identifier"}]},{"type":"Organization","profile":"http://hlth.gov.bc.ca/fhir/provider/StructureDefinition/bc-organization","supportedProfile":["http://hlth.gov.bc.ca/fhir/provider/StructureDefinition/bc-organization-bundle"],"interaction":[{"code":"read","documentation":"RESTful GET service"}],"operation":[{"extension":[{"url":"http://hl7.org/fhir/StructureDefinition/capabilitystatement-expectation","valueCode":"SHALL"}],"name":"entityQuery","definition":"http://hlth.gov.bc.ca/fhir/provider/OperationDefinition/bc-entity-organization-query"},{"extension":[{"url":"http://hl7.org/fhir/StructureDefinition/capabilitystatement-expectation","valueCode":"SHALL"}],"name":"extendedQuery","definition":"http://hlth.gov.bc.ca/fhir/provider/OperationDefinition/bc-extended-organization-query"}]},{"type":"OrganizationAffiliation","profile":"http://hlth.gov.bc.ca/fhir/provider/StructureDefinition/bc-organization-affiliation","interaction":[{"code":"read","documentation":"RESTful GET service"},{"code":"search-type","documentation":"RESTful Search"}],"searchParam":[{"name":"organization","type":"string","documentation":"Organization IPC unique identifier"},{"name":"location","type":"string","documentation":"Location IFC unique identifier"}]},{"type":"Location","profile":"http://hlth.gov.bc.ca/fhir/provider/StructureDefinition/bc-location","supportedProfile":["http://hlth.gov.bc.ca/fhir/provider/StructureDefinition/bc-location-bundle"],"interaction":[{"code":"read","documentation":"RESTful GET service"}],"operation":[{"extension":[{"url":"http://hl7.org/fhir/StructureDefinition/capabilitystatement-expectation","valueCode":"SHALL"}],"name":"entityQuery","definition":"http://hlth.gov.bc.ca/fhir/provider/OperationDefinition/bc-entity-location-query"},{"extension":[{"url":"http://hl7.org/fhir/StructureDefinition/capabilitystatement-expectation","valueCode":"SHALL"}],"name":"extendedQuery","definition":"http://hlth.gov.bc.ca/fhir/provider/OperationDefinition/bc-extended-location-query"}]}],"operation":[{"name":"maintain","definition":"http://hlth.gov.bc.ca/fhir/provider/OperationDefinition/bc-maintain","documentation":"A BC resource Bundle is sent to create/update one resource"}]}]}