{"resourceType":"CodeSystem","id":"bc-license-status-code-system","text":{"status":"generated","div":"<div xmlns=\"http://www.w3.org/1999/xhtml\"><p>This code system <code>https://terminology.hlth.gov.bc.ca/ProviderLocationRegistry/CodeSystem/bc-license-status-code-system</code> defines the following codes:</p><table class=\"codes\"><tr><td style=\"white-space:nowrap\"><b>Code</b></td><td><b>Definition</b></td></tr><tr><td style=\"white-space:nowrap\">unknown<a name=\"bc-license-status-code-system-unknown\"> </a></td><td>Unknown</td></tr><tr><td style=\"white-space:nowrap\">inactive<a name=\"bc-license-status-code-system-inactive\"> </a></td><td>Inactive</td></tr></table></div>"},"url":"https://terminology.hlth.gov.bc.ca/ProviderLocationRegistry/CodeSystem/bc-license-status-code-system","version":"1.0.0","name":"LicenseStatusCS","title":"BC License Status Codes","status":"active","experimental":false,"date":"2022-12-13T19:55:00+00:00","publisher":"BC Ministry of Health","contact":[{"name":"BC Ministry of Health","telecom":[{"system":"url","value":"https://www2.gov.bc.ca/gov/content/governments/organizational-structure/ministries-organizations/ministries/health"}]}],"description":"BC specific license status code system.","jurisdiction":[{"coding":[{"system":"urn:iso:std:iso:3166","code":"CA","display":"Canada"}]}],"caseSensitive":true,"content":"complete","count":2,"concept":[{"code":"unknown","display":"unknown","definition":"Unknown"},{"code":"inactive","display":"inactive","definition":"Inactive"}]}