{"resourceType":"ValueSet","id":"bc-practitioner-role-value-set","text":{"status":"generated","div":"<div xmlns=\"http://www.w3.org/1999/xhtml\"><p>This value set includes codes based on the following rules:</p><ul><li>Include all codes defined in <code>http://fhir.infoway-inforoute.ca/CodeSystem/scptype</code></li><li>Include all codes defined in <code>https://terminology.hlth.gov.bc.ca/ProviderLocationRegistry/CodeSystem/bc-practitioner-role-code-system</code></li></ul></div>"},"url":"https://terminology.hlth.gov.bc.ca/ProviderLocationRegistry/ValueSet/bc-practitioner-role-value-set","version":"1.0.0","name":"PractitionerRoleVS","title":"Practitioner Role Code Value Set","status":"active","experimental":false,"date":"2023-03-13T17:50:39+00:00","publisher":"BC Ministry of Health","contact":[{"name":"BC Ministry of Health","telecom":[{"system":"url","value":"https://www2.gov.bc.ca/gov/content/governments/organizational-structure/ministries-organizations/ministries/health"}]}],"description":"BC Practitioner Role Codes.","jurisdiction":[{"coding":[{"system":"urn:iso:std:iso:3166","code":"CA","display":"Canada"}]}],"compose":{"include":[{"system":"http://fhir.infoway-inforoute.ca/CodeSystem/scptype"},{"system":"https://terminology.hlth.gov.bc.ca/ProviderLocationRegistry/CodeSystem/bc-practitioner-role-code-system"}]}}