{"resourceType":"ValueSet","id":"bc-license-status-value-set","text":{"status":"generated","div":"<div xmlns=\"http://www.w3.org/1999/xhtml\"><p>This value set includes codes based on the following rules:</p><ul><li>Include all codes defined in <code>https://terminology.hlth.gov.bc.ca/ProviderLocationRegistry/CodeSystem/bc-license-status-code-system</code></li><li>Include all codes defined in <a href=\"http://terminology.hl7.org/5.5.0/CodeSystem-v3-RoleStatus.html\"><code>http://terminology.hl7.org/CodeSystem/v3-RoleStatus</code></a></li></ul></div>"},"url":"https://terminology.hlth.gov.bc.ca/ProviderLocationRegistry/ValueSet/bc-license-status-value-set","version":"1.0.0","name":"LicenseStatusVS","title":"BC License Status Value Set","status":"active","experimental":false,"date":"2024-06-11T17:15:14+00:00","publisher":"BC Ministry of Health","contact":[{"name":"BC Ministry of Health","telecom":[{"system":"url","value":"https://www2.gov.bc.ca/gov/content/governments/organizational-structure/ministries-organizations/ministries/health"}]}],"description":"BC specific license status value set.","jurisdiction":[{"coding":[{"system":"urn:iso:std:iso:3166","code":"CA","display":"Canada"}]}],"compose":{"include":[{"system":"https://terminology.hlth.gov.bc.ca/ProviderLocationRegistry/CodeSystem/bc-license-status-code-system"},{"system":"http://terminology.hl7.org/CodeSystem/v3-RoleStatus"}]}}