{"resourceType":"ValueSet","id":"bc-language-value-set","text":{"status":"generated","div":"<div xmlns=\"http://www.w3.org/1999/xhtml\"><ul><li>Include all codes defined in <code>https://terminology.hlth.gov.bc.ca/ProviderLocationRegistry/CodeSystem/bc-language-code-system</code></li></ul></div>"},"url":"https://terminology.hlth.gov.bc.ca/ProviderLocationRegistry/ValueSet/bc-language-value-set","version":"1.0.0","name":"LanguageVS","title":"BC Language Value Set","status":"active","experimental":false,"date":"2023-02-08T21:16:12+00:00","publisher":"BC Ministry of Health","contact":[{"name":"BC Ministry of Health","telecom":[{"system":"url","value":"https://www2.gov.bc.ca/gov/content/governments/organizational-structure/ministries-organizations/ministries/health"}]}],"description":"BC Language value set.","jurisdiction":[{"coding":[{"system":"urn:iso:std:iso:3166","code":"CA","display":"Canada"}]}],"compose":{"include":[{"system":"https://terminology.hlth.gov.bc.ca/ProviderLocationRegistry/CodeSystem/bc-language-code-system"}]}}