{
  "resourceType" : "Bundle",
  "id" : "Example-AddLocationWithLinks-Bundle",
  "meta" : {
    "profile" : ["http://hlth.gov.bc.ca/fhir/provider/StructureDefinition/bc-location-bundle"]
  },
  "type" : "collection",
  "entry" : [{
    "fullUrl" : "urn:uuid:18734433-5c7b-42c8-ade5-22bd2c82e4f2",
    "resource" : {
      "resourceType" : "Location",
      "id" : "Example-Location-For-Add",
      "meta" : {
        "profile" : ["http://hlth.gov.bc.ca/fhir/provider/StructureDefinition/bc-location"]
      },
      "text" : {
        "status" : "extensions",
        "div" : "<div xmlns=\"http://www.w3.org/1999/xhtml\"><p><b>Generated Narrative: Location</b><a name=\"Example-Location-For-Add\"> </a></p><div style=\"display: inline-block; background-color: #d9e0e7; padding: 6px; margin: 4px; border: 1px solid #8da1b4; border-radius: 5px; line-height: 60%\"><p style=\"margin-bottom: 0px\">Resource Location &quot;Example-Location-For-Add&quot; </p><p style=\"margin-bottom: 0px\">Profile: <a href=\"StructureDefinition-bc-location.html\">BCLocation</a></p></div><blockquote><p><b>BC Facility Details Extension</b></p><blockquote><p><b>url</b></p><a href=\"StructureDefinition-bc-period-extension.html\">BC Valid Period Extension</a></blockquote><p><b>value</b>: 2000-01-01 --&gt; (ongoing)</p></blockquote><p><b>BC Facility Physical Address Extension</b>: 1000 DOUGLAS ST VICTORIA BC V6P7B8 CA </p><p><b>identifier</b>: <code>https://health.gov.bc.ca/fhir/NamingSystem/ca-bc-plr-ifc</code>/22\u00a0(period:\u00a02000-01-01 --&gt; (ongoing))</p><p><b>name</b>: General Hospital</p><p><b>alias</b>: Long name or alias or description</p><p><b>telecom</b>: fax: 55555555551</p><p><b>address</b>: 1000 DOUGLAS ST VICTORIA BC V6P7B8 CA </p><p><b>physicalType</b>: Building <span style=\"background: LightGoldenRodYellow; margin: 4px; border: 1px solid khaki\"> (<a href=\"http://terminology.hl7.org/5.3.0/CodeSystem-location-physical-type.html\">Location type</a>#bu)</span></p></div>"
      },
      "extension" : [{
        "extension" : [{
          "url" : "http://hlth.gov.bc.ca/fhir/provider/StructureDefinition/bc-period-extension",
          "valuePeriod" : {
            "start" : "2000-01-01"
          }
        }],
        "url" : "http://hlth.gov.bc.ca/fhir/provider/StructureDefinition/bc-facility-details-extension"
      },
      {
        "url" : "http://hlth.gov.bc.ca/fhir/provider/StructureDefinition/bc-facility-physical-address-extension",
        "valueAddress" : {
          "extension" : [{
            "url" : "http://hlth.gov.bc.ca/fhir/provider/StructureDefinition/bc-communication-purpose-code-extension",
            "valueCodeableConcept" : {
              "coding" : [{
                "system" : "https://terminology.hlth.gov.bc.ca/ProviderLocationRegistry/CodeSystem/bc-communication-purpose-code-system",
                "code" : "FC"
              }]
            }
          }],
          "type" : "physical",
          "line" : ["1000 DOUGLAS ST"],
          "city" : "VICTORIA",
          "state" : "BC",
          "postalCode" : "V6P7B8",
          "country" : "CA",
          "period" : {
            "start" : "2000-01-01"
          }
        }
      }],
      "identifier" : [{
        "system" : "https://health.gov.bc.ca/fhir/NamingSystem/ca-bc-plr-ifc",
        "value" : "22",
        "period" : {
          "start" : "2000-01-01"
        }
      }],
      "name" : "General Hospital",
      "_name" : {
        "extension" : [{
          "url" : "http://hlth.gov.bc.ca/fhir/provider/StructureDefinition/bc-period-extension",
          "valuePeriod" : {
            "start" : "2000-01-01"
          }
        }]
      },
      "alias" : ["Long name or alias or description"],
      "telecom" : [{
        "extension" : [{
          "url" : "http://hlth.gov.bc.ca/fhir/provider/StructureDefinition/bc-communication-purpose-code-extension",
          "valueCodeableConcept" : {
            "coding" : [{
              "system" : "https://terminology.hlth.gov.bc.ca/ProviderLocationRegistry/CodeSystem/bc-communication-purpose-code-system",
              "code" : "FC"
            }]
          }
        }],
        "system" : "fax",
        "value" : "55555555551",
        "period" : {
          "start" : "1982-03-04T00:00:00-07:00"
        }
      }],
      "address" : {
        "extension" : [{
          "url" : "http://hlth.gov.bc.ca/fhir/provider/StructureDefinition/bc-communication-purpose-code-extension",
          "valueCodeableConcept" : {
            "coding" : [{
              "system" : "https://terminology.hlth.gov.bc.ca/ProviderLocationRegistry/CodeSystem/bc-communication-purpose-code-system",
              "code" : "FC"
            }]
          }
        }],
        "type" : "physical",
        "line" : ["1000 DOUGLAS ST"],
        "city" : "VICTORIA",
        "state" : "BC",
        "postalCode" : "V6P7B8",
        "country" : "CA",
        "period" : {
          "start" : "2000-01-01"
        }
      },
      "physicalType" : {
        "coding" : [{
          "system" : "http://terminology.hl7.org/CodeSystem/location-physical-type",
          "code" : "bu"
        }]
      }
    }
  },
  {
    "fullUrl" : "urn:uuid:162587c8-eb05-40be-a3a2-ca16d52f73b3",
    "resource" : {
      "resourceType" : "OrganizationAffiliation",
      "id" : "Example-OrganizationAffiliation-Loc1",
      "meta" : {
        "profile" : ["http://hlth.gov.bc.ca/fhir/provider/StructureDefinition/bc-organization-affiliation"]
      },
      "text" : {
        "status" : "generated",
        "div" : "<div xmlns=\"http://www.w3.org/1999/xhtml\"><p><b>Generated Narrative: OrganizationAffiliation</b><a name=\"Example-OrganizationAffiliation-Loc1\"> </a></p><div style=\"display: inline-block; background-color: #d9e0e7; padding: 6px; margin: 4px; border: 1px solid #8da1b4; border-radius: 5px; line-height: 60%\"><p style=\"margin-bottom: 0px\">Resource OrganizationAffiliation &quot;Example-OrganizationAffiliation-Loc1&quot; </p><p style=\"margin-bottom: 0px\">Profile: <a href=\"StructureDefinition-bc-organization-affiliation.html\">BCOrganizationAffiliation</a></p></div><p><b>period</b>: 2000-01-01 --&gt; (ongoing)</p><p><b>organization</b>: <span><code>https://health.gov.bc.ca/fhir/NamingSystem/ca-bc-plr-ipc</code>/IPC.70007000.PRS.BC\u00a0(period:\u00a02000-01-01 --&gt; (ongoing))</span></p><p><b>code</b>: OPERATES <span style=\"background: LightGoldenRodYellow; margin: 4px; border: 1px solid khaki\"> (bc-location-relationship-type-code-system#OPERATES)</span></p><p><b>location</b>: <span><code>https://health.gov.bc.ca/fhir/NamingSystem/ca-bc-plr-ifc</code>/22\u00a0(period:\u00a02000-01-01 --&gt; (ongoing))</span></p></div>"
      },
      "period" : {
        "start" : "2000-01-01"
      },
      "organization" : {
        "identifier" : {
          "system" : "https://health.gov.bc.ca/fhir/NamingSystem/ca-bc-plr-ipc",
          "value" : "IPC.70007000.PRS.BC",
          "period" : {
            "start" : "2000-01-01"
          }
        }
      },
      "code" : [{
        "coding" : [{
          "system" : "https://terminology.hlth.gov.bc.ca/ProviderLocationRegistry/CodeSystem/bc-location-relationship-type-code-system",
          "code" : "OPERATES"
        }]
      }],
      "location" : [{
        "identifier" : {
          "system" : "https://health.gov.bc.ca/fhir/NamingSystem/ca-bc-plr-ifc",
          "value" : "22",
          "period" : {
            "start" : "2000-01-01"
          }
        }
      }]
    }
  },
  {
    "fullUrl" : "urn:uuid:809e0074-ded0-11ed-b5ea-0242ac120002",
    "resource" : {
      "resourceType" : "OrganizationAffiliation",
      "id" : "Example-OrganizationAffiliation-Loc2",
      "meta" : {
        "profile" : ["http://hlth.gov.bc.ca/fhir/provider/StructureDefinition/bc-organization-affiliation"]
      },
      "text" : {
        "status" : "generated",
        "div" : "<div xmlns=\"http://www.w3.org/1999/xhtml\"><p><b>Generated Narrative: OrganizationAffiliation</b><a name=\"Example-OrganizationAffiliation-Loc2\"> </a></p><div style=\"display: inline-block; background-color: #d9e0e7; padding: 6px; margin: 4px; border: 1px solid #8da1b4; border-radius: 5px; line-height: 60%\"><p style=\"margin-bottom: 0px\">Resource OrganizationAffiliation &quot;Example-OrganizationAffiliation-Loc2&quot; </p><p style=\"margin-bottom: 0px\">Profile: <a href=\"StructureDefinition-bc-organization-affiliation.html\">BCOrganizationAffiliation</a></p></div><p><b>period</b>: 2000-01-01 --&gt; (ongoing)</p><p><b>organization</b>: <span><code>https://health.gov.bc.ca/fhir/NamingSystem/ca-bc-plr-ipc</code>/IPC.90009000.PRS.BC\u00a0(period:\u00a02000-01-01 --&gt; (ongoing))</span></p><p><b>code</b>: OWNS <span style=\"background: LightGoldenRodYellow; margin: 4px; border: 1px solid khaki\"> (bc-location-relationship-type-code-system#OWNS)</span></p><p><b>location</b>: <span><code>https://health.gov.bc.ca/fhir/NamingSystem/ca-bc-plr-ifc</code>/22\u00a0(period:\u00a02000-01-01 --&gt; (ongoing))</span></p></div>"
      },
      "period" : {
        "start" : "2000-01-01"
      },
      "organization" : {
        "identifier" : {
          "system" : "https://health.gov.bc.ca/fhir/NamingSystem/ca-bc-plr-ipc",
          "value" : "IPC.90009000.PRS.BC",
          "period" : {
            "start" : "2000-01-01"
          }
        }
      },
      "code" : [{
        "coding" : [{
          "system" : "https://terminology.hlth.gov.bc.ca/ProviderLocationRegistry/CodeSystem/bc-location-relationship-type-code-system",
          "code" : "OWNS"
        }]
      }],
      "location" : [{
        "identifier" : {
          "system" : "https://health.gov.bc.ca/fhir/NamingSystem/ca-bc-plr-ifc",
          "value" : "22",
          "period" : {
            "start" : "2000-01-01"
          }
        }
      }]
    }
  },
  {
    "fullUrl" : "urn:uuid:ef046dcc-7ebe-401b-b44e-594ed21bed81",
    "resource" : {
      "resourceType" : "PractitionerRole",
      "id" : "Example-PractitionerRole-Loc3",
      "meta" : {
        "profile" : ["http://hlth.gov.bc.ca/fhir/provider/StructureDefinition/bc-role-relationships"]
      },
      "text" : {
        "status" : "extensions",
        "div" : "<div xmlns=\"http://www.w3.org/1999/xhtml\"><p><b>Generated Narrative: PractitionerRole</b><a name=\"Example-PractitionerRole-Loc3\"> </a></p><div style=\"display: inline-block; background-color: #d9e0e7; padding: 6px; margin: 4px; border: 1px solid #8da1b4; border-radius: 5px; line-height: 60%\"><p style=\"margin-bottom: 0px\">Resource PractitionerRole &quot;Example-PractitionerRole-Loc3&quot; </p><p style=\"margin-bottom: 0px\">Profile: <a href=\"StructureDefinition-bc-role-relationships.html\">BCRoleRelationships</a></p></div><p><b>BC Practitioner to Location Type Extension.</b>: PRACTICES_AT <span style=\"background: LightGoldenRodYellow; margin: 4px; border: 1px solid khaki\"> (bc-location-relationship-type-code-system#PRACTICES_AT)</span></p><p><b>period</b>: 2000-01-01 --&gt; (ongoing)</p><p><b>practitioner</b>: <span><code>https://health.gov.bc.ca/fhir/NamingSystem/ca-bc-plr-ipc</code>/IPC.80008000.PRS.BC\u00a0(period:\u00a02000-01-01 --&gt; (ongoing))</span></p><p><b>location</b>: <span><code>https://health.gov.bc.ca/fhir/NamingSystem/ca-bc-plr-ifc</code>/22\u00a0(period:\u00a02000-01-01 --&gt; (ongoing))</span></p></div>"
      },
      "extension" : [{
        "url" : "http://hlth.gov.bc.ca/fhir/provider/StructureDefinition/bc-location-relationship-type-extension",
        "valueCodeableConcept" : {
          "coding" : [{
            "system" : "https://terminology.hlth.gov.bc.ca/ProviderLocationRegistry/CodeSystem/bc-location-relationship-type-code-system",
            "code" : "PRACTICES_AT"
          }]
        }
      }],
      "period" : {
        "start" : "2000-01-01"
      },
      "practitioner" : {
        "identifier" : {
          "system" : "https://health.gov.bc.ca/fhir/NamingSystem/ca-bc-plr-ipc",
          "value" : "IPC.80008000.PRS.BC",
          "period" : {
            "start" : "2000-01-01"
          }
        }
      },
      "location" : [{
        "identifier" : {
          "system" : "https://health.gov.bc.ca/fhir/NamingSystem/ca-bc-plr-ifc",
          "value" : "22",
          "period" : {
            "start" : "2000-01-01"
          }
        }
      }]
    }
  }]
}