{
  "resourceType": "Bundle",
  "id": "Example-UpdatePractitioner-LicenseStatus-Bundle",
  "meta": {
    "profile": [
      "http://hl7.org/fhir/ca-bc/provider/StructureDefinition/bc-practitioner-bundle"
    ]
  },
  "type": "collection",
  "entry": [
    {
      "fullUrl": "urn:uuid:67b11c73-c2ee-474f-ab64-56b863a1cc87",
      "resource": {
        "resourceType": "Practitioner",
        "id": "Example-Practitioner-UpdateLicense",
        "meta": {
          "profile": [
            "http://hl7.org/fhir/ca-bc/provider/StructureDefinition/bc-practitioner"
          ]
        },
        "text": {
          "status": "extensions",
          "div": "<div xmlns=\"http://www.w3.org/1999/xhtml\"><p><b>Generated Narrative: Practitioner</b></p><div style=\"display: inline-block; background-color: #d9e0e7; padding: 6px; margin: 4px; border: 1px solid #8da1b4; border-radius: 5px; line-height: 60%\"><p style=\"margin-bottom: 0px\">Resource Practitioner \"Example-Practitioner-UpdateLicense\" </p><p style=\"margin-bottom: 0px\">Profile: <a href=\"StructureDefinition-bc-practitioner.html\">BCPractitioner</a></p></div><blockquote><p><b>BC License Status Extension</b></p><p><b>value</b>: inactive <span style=\"background: LightGoldenRodYellow; margin: 4px; border: 1px solid khaki\"> (<a href=\"CodeSystem-bc-license-status-code-system.html\">BC License Status Codes</a>#inactive)</span></p><p><b>value</b>: LTP <span style=\"background: LightGoldenRodYellow; margin: 4px; border: 1px solid khaki\"> (bc-status-reason-code#LTP)</span></p><p><b>value</b>: 2022-06-24 --&gt; (ongoing)</p><p><b>value</b>: CHG <span style=\"background: LightGoldenRodYellow; margin: 4px; border: 1px solid khaki\"> (bc-end-reason-code#CHG)</span></p></blockquote><p><b>identifier</b>: id: IPC.00147422.BC.PRS</p><p><b>name</b>: </p></div>"
        },
        "extension": [
          {
            "extension": [
              {
                "url": "statusCode",
                "valueCodeableConcept": {
                  "coding": [
                    {
                      "system": "http://hl7.org/fhir/ca-bc/provider/CodeSystem/bc-license-status-code-system",
                      "code": "inactive"
                    }
                  ]
                }
              },
              {
                "url": "statusReasonCode",
                "valueCodeableConcept": {
                  "coding": [
                    {
                      "system": "https://plr.hlth.gov.bc.ca/plr/codes/bc-status-reason-code",
                      "code": "LTP"
                    }
                  ]
                }
              },
              {
                "url": "period",
                "valuePeriod": {
                  "start": "2022-06-24"
                }
              },
              {
                "url": "http://hl7.org/fhir/ca-bc/provider/StructureDefinition/bc-end-reason-extension",
                "valueCodeableConcept": {
                  "coding": [
                    {
                      "system": "https://plr.hlth.gov.bc.ca/plr/codes/bc-end-reason-code",
                      "code": "CHG"
                    }
                  ]
                }
              }
            ],
            "url": "http://hl7.org/fhir/ca-bc/provider/StructureDefinition/bc-license-status-extension"
          }
        ],
        "identifier": [
          {
            "system": "https://plr.hlth.gov.bc.ca/plr/identifier-system/IPC",
            "value": "IPC.00147422.BC.PRS",
            "period": {
              "start": "2000-01-01"
            }
          }
        ],
        "name": [
          {
            "extension": [
              {
                "url": "http://hl7.org/fhir/StructureDefinition/data-absent-reason",
                "valueCode": "not-applicable"
              }
            ]
          }
        ]
      }
    },
    {
      "fullUrl": "urn:uuid:e46a70b4-d0b9-4770-8ff6-989f4f847dc6",
      "resource": {
        "resourceType": "PractitionerRole",
        "id": "Example-PractitionerRole-1-Role-Update",
        "meta": {
          "profile": [
            "http://hl7.org/fhir/ca-bc/provider/StructureDefinition/bc-practitioner-role"
          ]
        },
        "text": {
          "status": "generated",
          "div": "<div xmlns=\"http://www.w3.org/1999/xhtml\"><p><b>Generated Narrative: PractitionerRole</b></p><div style=\"display: inline-block; background-color: #d9e0e7; padding: 6px; margin: 4px; border: 1px solid #8da1b4; border-radius: 5px; line-height: 60%\"><p style=\"margin-bottom: 0px\">Resource PractitionerRole \"Example-PractitionerRole-1-Role-Update\" </p><p style=\"margin-bottom: 0px\">Profile: <a href=\"StructureDefinition-bc-practitioner-role.html\">BCPractitionerRole</a></p></div><p><b>practitioner</b>: <a href=\"#Practitioner_Example-Practitioner-UpdateLicense\">See above (urn:uuid:67b11c73-c2ee-474f-ab64-56b863a1cc87)</a></p><p><b>code</b>: MD <span style=\"background: LightGoldenRodYellow; margin: 4px; border: 1px solid khaki\"> (<a href=\"http://terminology.hl7.org/3.1.0/CodeSystem-v3-scptype.html\">pan-Canadian Provider Types</a>#MD)</span></p></div>"
        },
        "practitioner": {
          "reference": "urn:uuid:67b11c73-c2ee-474f-ab64-56b863a1cc87"
        },
        "code": [
          {
            "coding": [
              {
                "system": "https://fhir.infoway-inforoute.ca/CodeSystem/scptype",
                "code": "MD"
              }
            ]
          }
        ]
      }
    }
  ]
}