{
  "resourceType" : "Bundle",
  "id" : "Example-DistributeOrganization-Bundle",
  "meta" : {
    "profile" : ["http://hlth.gov.bc.ca/fhir/provider/StructureDefinition/bc-organization-bundle"]
  },
  "type" : "collection",
  "entry" : [{
    "fullUrl" : "https://plresb.hlth.gov.bc.ca/HSA-web/fhir-rs/Organization/IPC.00147436.BC.PRS",
    "resource" : {
      "resourceType" : "Organization",
      "id" : "IPC.00147436.BC.PRS",
      "meta" : {
        "profile" : ["http://hlth.gov.bc.ca/fhir/provider/StructureDefinition/bc-organization"]
      },
      "text" : {
        "status" : "extensions",
        "div" : "<div xmlns=\"http://www.w3.org/1999/xhtml\"><p><b>Generated Narrative: Organization</b><a name=\"IPC.00147436.BC.PRS\"> </a></p><div style=\"display: inline-block; background-color: #d9e0e7; padding: 6px; margin: 4px; border: 1px solid #8da1b4; border-radius: 5px; line-height: 60%\"><p style=\"margin-bottom: 0px\">Resource Organization &quot;IPC.00147436.BC.PRS&quot; </p><p style=\"margin-bottom: 0px\">Profile: <a href=\"StructureDefinition-bc-organization.html\">BCOrganization</a></p></div><blockquote><p><b>BC Notes Extension</b></p><p><b>value</b>: id: Note-2</p><p><b>value</b>: Note text</p><p><b>value</b>: 1998-01-02 --&gt; (ongoing)</p><p><b>value</b>: id: ?ngen-9?</p></blockquote><p><b>identifier</b>: id: 123123123 (period: 2000-01-01 --&gt; (ongoing)), id: IPC.00147436.BC.PRS (period: 2000-01-01 --&gt; (ongoing)), id: CPN.00147433.BC.PRS (period: 2000-01-01 --&gt; (ongoing))</p><p><b>active</b>: true</p><p><b>name</b>: Kelowna Clinic</p><p><b>alias</b>: ABC Clinic - Kelowna</p><p><b>telecom</b>: ph: 2503424343</p><p><b>address</b>: 19 ST ADDRESS ADDRESSLINE2TXT ADDRESS ADDRESSLINE3TXT VICTORIA BC V6P7B8 CA </p></div>"
      },
      "extension" : [{
        "extension" : [{
          "url" : "identifier",
          "valueIdentifier" : {
            "system" : "http://hlth.gov.bc.ca/fhir/provider/identifier-system/bc-note-id",
            "value" : "Note-2"
          }
        },
        {
          "url" : "text",
          "valueString" : "Note text"
        },
        {
          "url" : "http://hlth.gov.bc.ca/fhir/provider/StructureDefinition/bc-period-extension",
          "valuePeriod" : {
            "start" : "1998-01-02"
          }
        },
        {
          "url" : "http://hlth.gov.bc.ca/fhir/provider/StructureDefinition/bc-owner-extension",
          "valueIdentifier" : {
            "assigner" : {
              "display" : "PHSA"
            }
          }
        }],
        "url" : "http://hlth.gov.bc.ca/fhir/provider/StructureDefinition/bc-note-extension"
      }],
      "identifier" : [{
        "extension" : [{
          "url" : "http://hlth.gov.bc.ca/fhir/provider/StructureDefinition/bc-owner-extension",
          "valueIdentifier" : {
            "assigner" : {
              "display" : "PHSA"
            }
          }
        }],
        "system" : "http://hlth.gov.bc.ca/fhir/provider/identifier-system/ORGID",
        "value" : "123123123",
        "period" : {
          "start" : "2000-01-01"
        }
      },
      {
        "extension" : [{
          "url" : "http://hlth.gov.bc.ca/fhir/provider/StructureDefinition/bc-owner-extension",
          "valueIdentifier" : {
            "assigner" : {
              "display" : "MOH"
            }
          }
        }],
        "system" : "http://hlth.gov.bc.ca/fhir/provider/identifier-system/IPC",
        "value" : "IPC.00147436.BC.PRS",
        "period" : {
          "start" : "2000-01-01"
        }
      },
      {
        "extension" : [{
          "url" : "http://hlth.gov.bc.ca/fhir/provider/StructureDefinition/bc-owner-extension",
          "valueIdentifier" : {
            "assigner" : {
              "display" : "PHSA"
            }
          }
        }],
        "system" : "http://hlth.gov.bc.ca/fhir/provider/identifier-system/CPN",
        "value" : "CPN.00147433.BC.PRS",
        "period" : {
          "start" : "2000-01-01"
        }
      }],
      "active" : true,
      "name" : "Kelowna Clinic",
      "_name" : {
        "extension" : [{
          "url" : "http://hlth.gov.bc.ca/fhir/provider/StructureDefinition/bc-name-use-extension",
          "valueCode" : "official"
        },
        {
          "url" : "http://hlth.gov.bc.ca/fhir/provider/StructureDefinition/bc-period-extension",
          "valuePeriod" : {
            "start" : "2014-01-31T00:00:00-07:00"
          }
        },
        {
          "url" : "http://hlth.gov.bc.ca/fhir/provider/StructureDefinition/bc-owner-extension",
          "valueIdentifier" : {
            "assigner" : {
              "display" : "PHSA"
            }
          }
        }]
      },
      "alias" : ["ABC Clinic - Kelowna"],
      "telecom" : [{
        "extension" : [{
          "url" : "http://hlth.gov.bc.ca/fhir/provider/StructureDefinition/bc-communication-purpose-code-extension",
          "valueCodeableConcept" : {
            "coding" : [{
              "system" : "https://teminology.hlth.gov.bc.ca/ProviderLocationRegistry/CodeSystem/bc-communication-purpose-code",
              "code" : "BC"
            }]
          }
        },
        {
          "url" : "http://hlth.gov.bc.ca/fhir/provider/StructureDefinition/bc-owner-extension",
          "valueIdentifier" : {
            "assigner" : {
              "display" : "PHSA"
            }
          }
        }],
        "system" : "phone",
        "value" : "2503424343",
        "period" : {
          "start" : "2000-02-02"
        }
      }],
      "address" : [{
        "extension" : [{
          "url" : "http://hlth.gov.bc.ca/fhir/provider/StructureDefinition/bc-communication-purpose-code-extension",
          "valueCodeableConcept" : {
            "coding" : [{
              "system" : "https://teminology.hlth.gov.bc.ca/ProviderLocationRegistry/CodeSystem/bc-communication-purpose-code",
              "code" : "BC"
            }]
          }
        },
        {
          "url" : "http://hlth.gov.bc.ca/fhir/provider/StructureDefinition/bc-address-validation-status-extension",
          "valueCodeableConcept" : {
            "coding" : [{
              "system" : "https://teminology.hlth.gov.bc.ca/ProviderLocationRegistry/CodeSystem/bc-address-validation-status-code",
              "code" : "V"
            }]
          }
        },
        {
          "url" : "http://hlth.gov.bc.ca/fhir/provider/StructureDefinition/bc-owner-extension",
          "valueIdentifier" : {
            "assigner" : {
              "display" : "PHSA"
            }
          }
        }],
        "type" : "postal",
        "line" : ["19 ST",
        "ADDRESS ADDRESSLINE2TXT",
        "ADDRESS ADDRESSLINE3TXT"],
        "city" : "VICTORIA",
        "state" : "BC",
        "postalCode" : "V6P7B8",
        "country" : "CA",
        "period" : {
          "start" : "2000-01-01"
        }
      }]
    }
  },
  {
    "fullUrl" : "https://plresb.hlth.gov.bc.ca/HSA-web/fhir-rs/PractitionerRole/RELN.123.PRS",
    "resource" : {
      "resourceType" : "PractitionerRole",
      "id" : "RELN.123.PRS",
      "meta" : {
        "profile" : ["http://hlth.gov.bc.ca/fhir/provider/StructureDefinition/bc-role-relationships"]
      },
      "text" : {
        "status" : "extensions",
        "div" : "<div xmlns=\"http://www.w3.org/1999/xhtml\"><p><b>Generated Narrative: PractitionerRole</b><a name=\"RELN.123.PRS\"> </a></p><div style=\"display: inline-block; background-color: #d9e0e7; padding: 6px; margin: 4px; border: 1px solid #8da1b4; border-radius: 5px; line-height: 60%\"><p style=\"margin-bottom: 0px\">Resource PractitionerRole &quot;RELN.123.PRS&quot; </p><p style=\"margin-bottom: 0px\">Profile: <a href=\"StructureDefinition-bc-role-relationships.html\">BCRoleRelationships</a></p></div><p><b>BC Practitioner to Organization or Practitioner to Practitioner Type Extension.</b>: EMPLOYEE <span style=\"background: LightGoldenRodYellow; margin: 4px; border: 1px solid khaki\"> (bc-relationship-type-code#EMPLOYEE)</span></p><p><b>period</b>: 2000-01-01 --&gt; (ongoing)</p><p><b>practitioner</b>: <span/></p><p><b>organization</b>: <span/></p></div>"
      },
      "extension" : [{
        "url" : "http://hlth.gov.bc.ca/fhir/provider/StructureDefinition/bc-relationship-type-extension",
        "valueCodeableConcept" : {
          "coding" : [{
            "system" : "https://teminology.hlth.gov.bc.ca/ProviderLocationRegistry/CodeSystem/bc-relationship-type-code",
            "code" : "EMPLOYEE"
          }]
        }
      }],
      "period" : {
        "start" : "2000-01-01"
      },
      "practitioner" : {
        "identifier" : {
          "system" : "http://hlth.gov.bc.ca/fhir/provider/identifier-system/IPC",
          "value" : "IPC.00147422.BC.PRS",
          "period" : {
            "start" : "2000-01-01"
          }
        }
      },
      "organization" : {
        "identifier" : {
          "extension" : [{
            "url" : "http://hlth.gov.bc.ca/fhir/provider/StructureDefinition/bc-owner-extension",
            "valueIdentifier" : {
              "assigner" : {
                "display" : "MOH"
              }
            }
          }],
          "system" : "http://hlth.gov.bc.ca/fhir/provider/identifier-system/IPC",
          "value" : "IPC.00147436.BC.PRS",
          "period" : {
            "start" : "2000-01-01"
          }
        }
      }
    }
  },
  {
    "fullUrl" : "https://plresb.hlth.gov.bc.ca/HSA-web/fhir-rs/OrganizationAffiliation/RELN.132.PRS",
    "resource" : {
      "resourceType" : "OrganizationAffiliation",
      "id" : "RELN.132.PRS",
      "meta" : {
        "profile" : ["http://hlth.gov.bc.ca/fhir/provider/StructureDefinition/bc-organization-affiliation"]
      },
      "text" : {
        "status" : "generated",
        "div" : "<div xmlns=\"http://www.w3.org/1999/xhtml\"><p><b>Generated Narrative: OrganizationAffiliation</b><a name=\"RELN.132.PRS\"> </a></p><div style=\"display: inline-block; background-color: #d9e0e7; padding: 6px; margin: 4px; border: 1px solid #8da1b4; border-radius: 5px; line-height: 60%\"><p style=\"margin-bottom: 0px\">Resource OrganizationAffiliation &quot;RELN.132.PRS&quot; </p><p style=\"margin-bottom: 0px\">Profile: <a href=\"StructureDefinition-bc-organization-affiliation.html\">BCOrganizationAffiliation</a></p></div><p><b>period</b>: 2000-01-01 --&gt; (ongoing)</p><p><b>organization</b>: <span/></p><p><b>code</b>: operatesfrom <span style=\"background: LightGoldenRodYellow; margin: 4px; border: 1px solid khaki\"> (bc-location-relationship-type-code#operatesfrom)</span></p><p><b>location</b>: <span/></p></div>"
      },
      "period" : {
        "start" : "2000-01-01"
      },
      "organization" : {
        "identifier" : {
          "extension" : [{
            "url" : "http://hlth.gov.bc.ca/fhir/provider/StructureDefinition/bc-owner-extension",
            "valueIdentifier" : {
              "assigner" : {
                "display" : "MOH"
              }
            }
          }],
          "system" : "http://hlth.gov.bc.ca/fhir/provider/identifier-system/IPC",
          "value" : "IPC.00147436.BC.PRS",
          "period" : {
            "start" : "2000-01-01"
          }
        }
      },
      "code" : [{
        "coding" : [{
          "system" : "https://teminology.hlth.gov.bc.ca/ProviderLocationRegistry/CodeSystem/bc-location-relationship-type-code",
          "code" : "operatesfrom"
        }]
      }],
      "location" : [{
        "identifier" : {
          "system" : "http://hlth.gov.bc.ca/fhir/provider/identifier-system/IFC",
          "value" : "IFC.00147422.BC.PRS",
          "period" : {
            "start" : "2000-01-01"
          }
        }
      }]
    }
  }]
}