{
  "resourceType" : "CodeSystem",
  "id" : "bc-service-type-code-system",
  "text" : {
    "status" : "generated",
    "div" : "<div xmlns=\"http://www.w3.org/1999/xhtml\">Placeholder</div>"
  },
  "url" : "https://terminology.hlth.gov.bc.ca/ProviderLocationRegistry/CodeSystem/bc-service-type-code-system",
  "version" : "1.0.0",
  "name" : "ServiceTypeCS",
  "title" : "BC Service type codes",
  "status" : "draft",
  "experimental" : false,
  "date" : "2023-09-07T21:19:16+00:00",
  "publisher" : "BC Ministry of Health",
  "contact" : [{
    "name" : "BC Ministry of Health",
    "telecom" : [{
      "system" : "url",
      "value" : "https://www2.gov.bc.ca/gov/content/governments/organizational-structure/ministries-organizations/ministries/health"
    }]
  }],
  "description" : "BC Service type Codes",
  "jurisdiction" : [{
    "coding" : [{
      "system" : "urn:iso:std:iso:3166",
      "code" : "CA",
      "display" : "Canada"
    }]
  }],
  "caseSensitive" : true,
  "content" : "complete",
  "count" : 2,
  "concept" : [{
    "code" : "catalogue",
    "display" : "catalogue",
    "definition" : "BC Catalogue HealthCare Service"
  },
  {
    "code" : "clinical",
    "display" : "clinical",
    "definition" : "BC Clinical HealthCare Service"
  }]
}