{
  "resourceType": "CodeSystem",
  "id": "bc-practitioner-role-code-system",
  "text": {
    "status": "generated",
    "div": "<div xmlns=\"http://www.w3.org/1999/xhtml\"><p>This code system <code>http://hl7.org/fhir/ca-bc/provider/CodeSystem/bc-practitioner-role-code-system</code> defines the following codes:</p><table class=\"codes\"><tr><td style=\"white-space:nowrap\"><b>Code</b></td><td><b>Definition</b></td></tr><tr><td style=\"white-space:nowrap\">org<a name=\"bc-practitioner-role-code-system-org\"> </a></td><td>The organization role.</td></tr><tr><td style=\"white-space:nowrap\">OOP-MD<a name=\"bc-practitioner-role-code-system-OOP-MD\"> </a></td><td>Out Of Province MD</td></tr></table></div>"
  },
  "url": "http://hl7.org/fhir/ca-bc/provider/CodeSystem/bc-practitioner-role-code-system",
  "version": "0.1.0",
  "name": "PractitionerRoleCS",
  "title": "BC-Specific Practitioner Role Codes",
  "status": "active",
  "experimental": false,
  "date": "2022-11-16T00:10:48+00:00",
  "publisher": "BC Ministry of Health",
  "contact": [
    {
      "name": "BC Ministry of Health",
      "telecom": [
        {
          "system": "url",
          "value": "https://www2.gov.bc.ca/gov/content/governments/organizational-structure/ministries-organizations/ministries/health"
        }
      ]
    }
  ],
  "description": "BC-Specific codes for practitioner roles.",
  "jurisdiction": [
    {
      "coding": [
        {
          "system": "urn:iso:std:iso:3166",
          "code": "CA",
          "display": "Canada"
        }
      ]
    }
  ],
  "caseSensitive": true,
  "content": "complete",
  "count": 2,
  "concept": [
    {
      "code": "org",
      "display": "org",
      "definition": "The organization role."
    },
    {
      "code": "OOP-MD",
      "display": "OOP-MD",
      "definition": "Out Of Province MD"
    }
  ]
}