{
  "resourceType" : "Location",
  "id" : "Example-Location-For-Add",
  "meta" : {
    "profile" : ["http://hlth.gov.bc.ca/fhir/provider/StructureDefinition/bc-location"]
  },
  "text" : {
    "status" : "extensions",
    "div" : "<div xmlns=\"http://www.w3.org/1999/xhtml\"><p><b>Generated Narrative: Location</b><a name=\"Example-Location-For-Add\"> </a></p><div style=\"display: inline-block; background-color: #d9e0e7; padding: 6px; margin: 4px; border: 1px solid #8da1b4; border-radius: 5px; line-height: 60%\"><p style=\"margin-bottom: 0px\">Resource Location &quot;Example-Location-For-Add&quot; </p><p style=\"margin-bottom: 0px\">Profile: <a href=\"StructureDefinition-bc-location.html\">BCLocation</a></p></div><blockquote><p><b>BC Facility Details Extension</b></p><blockquote><p><b>url</b></p><a href=\"StructureDefinition-bc-period-extension.html\">BC Valid Period Extension</a></blockquote><p><b>value</b>: 2000-01-01 --&gt; (ongoing)</p></blockquote><p><b>BC Facility Physical Address Extension</b>: 1000 DOUGLAS ST VICTORIA BC V6P7B8 CA </p><p><b>identifier</b>: <code>https://health.gov.bc.ca/fhir/NamingSystem/ca-bc-plr-ifc</code>/22\u00a0(period:\u00a02000-01-01 --&gt; (ongoing))</p><p><b>name</b>: General Hospital</p><p><b>alias</b>: Long name or alias or description</p><p><b>telecom</b>: fax: 55555555551</p><p><b>address</b>: 1000 DOUGLAS ST VICTORIA BC V6P7B8 CA </p><p><b>physicalType</b>: Building <span style=\"background: LightGoldenRodYellow; margin: 4px; border: 1px solid khaki\"> (<a href=\"http://terminology.hl7.org/5.3.0/CodeSystem-location-physical-type.html\">Location type</a>#bu)</span></p></div>"
  },
  "extension" : [{
    "extension" : [{
      "url" : "http://hlth.gov.bc.ca/fhir/provider/StructureDefinition/bc-period-extension",
      "valuePeriod" : {
        "start" : "2000-01-01"
      }
    }],
    "url" : "http://hlth.gov.bc.ca/fhir/provider/StructureDefinition/bc-facility-details-extension"
  },
  {
    "url" : "http://hlth.gov.bc.ca/fhir/provider/StructureDefinition/bc-facility-physical-address-extension",
    "valueAddress" : {
      "extension" : [{
        "url" : "http://hlth.gov.bc.ca/fhir/provider/StructureDefinition/bc-communication-purpose-code-extension",
        "valueCodeableConcept" : {
          "coding" : [{
            "system" : "https://terminology.hlth.gov.bc.ca/ProviderLocationRegistry/CodeSystem/bc-communication-purpose-code-system",
            "code" : "FC"
          }]
        }
      }],
      "type" : "physical",
      "line" : ["1000 DOUGLAS ST"],
      "city" : "VICTORIA",
      "state" : "BC",
      "postalCode" : "V6P7B8",
      "country" : "CA",
      "period" : {
        "start" : "2000-01-01"
      }
    }
  }],
  "identifier" : [{
    "system" : "https://health.gov.bc.ca/fhir/NamingSystem/ca-bc-plr-ifc",
    "value" : "22",
    "period" : {
      "start" : "2000-01-01"
    }
  }],
  "name" : "General Hospital",
  "_name" : {
    "extension" : [{
      "url" : "http://hlth.gov.bc.ca/fhir/provider/StructureDefinition/bc-period-extension",
      "valuePeriod" : {
        "start" : "2000-01-01"
      }
    }]
  },
  "alias" : ["Long name or alias or description"],
  "telecom" : [{
    "extension" : [{
      "url" : "http://hlth.gov.bc.ca/fhir/provider/StructureDefinition/bc-communication-purpose-code-extension",
      "valueCodeableConcept" : {
        "coding" : [{
          "system" : "https://terminology.hlth.gov.bc.ca/ProviderLocationRegistry/CodeSystem/bc-communication-purpose-code-system",
          "code" : "FC"
        }]
      }
    }],
    "system" : "fax",
    "value" : "55555555551",
    "period" : {
      "start" : "1982-03-04T00:00:00-07:00"
    }
  }],
  "address" : {
    "extension" : [{
      "url" : "http://hlth.gov.bc.ca/fhir/provider/StructureDefinition/bc-communication-purpose-code-extension",
      "valueCodeableConcept" : {
        "coding" : [{
          "system" : "https://terminology.hlth.gov.bc.ca/ProviderLocationRegistry/CodeSystem/bc-communication-purpose-code-system",
          "code" : "FC"
        }]
      }
    }],
    "type" : "physical",
    "line" : ["1000 DOUGLAS ST"],
    "city" : "VICTORIA",
    "state" : "BC",
    "postalCode" : "V6P7B8",
    "country" : "CA",
    "period" : {
      "start" : "2000-01-01"
    }
  },
  "physicalType" : {
    "coding" : [{
      "system" : "http://terminology.hl7.org/CodeSystem/location-physical-type",
      "code" : "bu"
    }]
  }
}