{
  "resourceType" : "OperationDefinition",
  "id" : "bc-extended-location-query",
  "text" : {
    "status" : "extensions",
    "div" : "<div xmlns=\"http://www.w3.org/1999/xhtml\"><p>URL: [base]/Location/$extendedQuery</p><p>URL: [base]/Location/[id]/$extendedQuery</p><p>Parameters</p><table class=\"grid\"><tr><td><b>Use</b></td><td><b>Name</b></td><td><b>Scope</b></td><td><b>Cardinality</b></td><td><b>Type</b></td><td><b>Binding</b></td><td><b>Documentation</b></td></tr><tr><td>IN</td><td>identifier</td><td/><td>0..1</td><td><a href=\"http://hl7.org/fhir/R4/datatypes.html#string\">string</a><br/>(<a href=\"http://hl7.org/fhir/R4/search.html#string\">string</a>)</td><td/><td><div><p>String, representing the full identifier value with system and value, e.g. identifier=[system]|[value]</p>\n</div></td></tr><tr><td>IN</td><td>name</td><td/><td>0..1</td><td><a href=\"http://hl7.org/fhir/R4/datatypes.html#string\">string</a><br/>(<a href=\"http://hl7.org/fhir/R4/search.html#string\">string</a>)</td><td/><td><div><p>Search for locations with the specified name.</p>\n</div></td></tr><tr><td>IN</td><td>address-city</td><td/><td>0..1</td><td><a href=\"http://hl7.org/fhir/R4/datatypes.html#string\">string</a><br/>(<a href=\"http://hl7.org/fhir/R4/search.html#string\">string</a>)</td><td/><td><div><p>Search for locations with the specified city.</p>\n</div></td></tr><tr><td>IN</td><td>address-line1</td><td/><td>0..1</td><td><a href=\"http://hl7.org/fhir/R4/datatypes.html#string\">string</a><br/>(<a href=\"http://hl7.org/fhir/R4/search.html#string\">string</a>)</td><td/><td><div><p>Search for locations with a civic address. Supports trailing wild card.</p>\n</div></td></tr><tr><td>IN</td><td>otheraddress-line1</td><td/><td>0..1</td><td><a href=\"http://hl7.org/fhir/R4/datatypes.html#string\">string</a><br/>(<a href=\"http://hl7.org/fhir/R4/search.html#string\">string</a>)</td><td/><td><div><p>Search for locations with an address. Supports trailing wild card. Not implemented yet.</p>\n</div></td></tr><tr><td>IN</td><td>healthAuthority</td><td/><td>0..1</td><td><a href=\"http://hl7.org/fhir/R4/datatypes.html#string\">string</a><br/>(<a href=\"http://hl7.org/fhir/R4/search.html#string\">string</a>)</td><td/><td><div><p>Search for locations within the specified health authority. Only one of healthAuthority, healthServiceDeliveryArea, localHealthArea, communityHealthServiceArea allowed. The full name is required. E.g. Langford/Highlands. See <a href=\"https://www2.gov.bc.ca/gov/content/data/geographic-data-services/land-use/administrative-boundaries/health-boundaries\">this site</a> for a list of accepteable strings.</p>\n</div></td></tr><tr><td>IN</td><td>healthServiceDeliveryArea</td><td/><td>0..1</td><td><a href=\"http://hl7.org/fhir/R4/datatypes.html#string\">string</a><br/>(<a href=\"http://hl7.org/fhir/R4/search.html#string\">string</a>)</td><td/><td><div><p>Search for locations within the specified health service delivery area. See <a href=\"https://www2.gov.bc.ca/gov/content/data/geographic-data-services/land-use/administrative-boundaries/health-boundaries\">this site</a> for a list of accepteable strings.</p>\n</div></td></tr><tr><td>IN</td><td>localHealthArea</td><td/><td>0..1</td><td><a href=\"http://hl7.org/fhir/R4/datatypes.html#string\">string</a><br/>(<a href=\"http://hl7.org/fhir/R4/search.html#string\">string</a>)</td><td/><td><div><p>Search for locations within the specified local health area. See <a href=\"https://www2.gov.bc.ca/gov/content/data/geographic-data-services/land-use/administrative-boundaries/health-boundaries\">this site</a> for a list of accepteable strings.</p>\n</div></td></tr><tr><td>IN</td><td>communityHealthServiceArea</td><td/><td>0..1</td><td><a href=\"http://hl7.org/fhir/R4/datatypes.html#string\">string</a><br/>(<a href=\"http://hl7.org/fhir/R4/search.html#string\">string</a>)</td><td/><td><div><p>Search for locations within the specified local community health service area. See <a href=\"https://www2.gov.bc.ca/gov/content/data/geographic-data-services/land-use/administrative-boundaries/health-boundaries\">this site</a> for a list of accepteable strings.</p>\n</div></td></tr><tr><td>IN</td><td>primaryCareNetwork</td><td/><td>0..1</td><td><a href=\"http://hl7.org/fhir/R4/datatypes.html#string\">string</a><br/>(<a href=\"http://hl7.org/fhir/R4/search.html#string\">string</a>)</td><td/><td><div><p>Search for locations within the specified Primary Care Network. Not implemented yet.</p>\n</div></td></tr><tr><td>IN</td><td>withHistory</td><td/><td>0..1</td><td><a href=\"http://hl7.org/fhir/R4/datatypes.html#boolean\">boolean</a></td><td/><td><div><p>true or false, The withHistory parameter instructs PLR to search through historical records for matching attributes. Only the current data is returned.</p>\n</div></td></tr><tr><td>OUT</td><td>bundle</td><td/><td>1..1</td><td><a href=\"http://hl7.org/fhir/R4/bundle.html\">Bundle</a></td><td/><td><div><p>The Response Bundle with the OperationOutcome and the list of BCLocationBundle found by the search.</p>\n</div></td></tr></table></div>"
  },
  "url" : "http://hlth.gov.bc.ca/fhir/provider/OperationDefinition/bc-extended-location-query",
  "version" : "1.0.0",
  "name" : "LocationExtendedQuery",
  "title" : "Query for a location that returns associated resources",
  "status" : "draft",
  "kind" : "query",
  "date" : "2024-06-11T17:15:14+00:00",
  "publisher" : "BC Ministry of Health",
  "contact" : [{
    "name" : "BC Ministry of Health",
    "telecom" : [{
      "system" : "url",
      "value" : "https://www2.gov.bc.ca/gov/content/governments/organizational-structure/ministries-organizations/ministries/health"
    }]
  }],
  "description" : "This operation is used to query for an location and will return the information for that location along with any instances that can be found by following associations to other providers, organizations, or location.",
  "jurisdiction" : [{
    "coding" : [{
      "system" : "urn:iso:std:iso:3166",
      "code" : "CA",
      "display" : "Canada"
    }]
  }],
  "code" : "extendedQuery",
  "resource" : ["Location"],
  "system" : false,
  "type" : true,
  "instance" : true,
  "parameter" : [{
    "name" : "identifier",
    "use" : "in",
    "min" : 0,
    "max" : "1",
    "documentation" : "String, representing the full identifier value with system and value, e.g. identifier=[system]|[value]",
    "type" : "string",
    "searchType" : "string"
  },
  {
    "name" : "name",
    "use" : "in",
    "min" : 0,
    "max" : "1",
    "documentation" : "Search for locations with the specified name.",
    "type" : "string",
    "searchType" : "string"
  },
  {
    "name" : "address-city",
    "use" : "in",
    "min" : 0,
    "max" : "1",
    "documentation" : "Search for locations with the specified city.",
    "type" : "string",
    "searchType" : "string"
  },
  {
    "name" : "address-line1",
    "use" : "in",
    "min" : 0,
    "max" : "1",
    "documentation" : "Search for locations with a civic address. Supports trailing wild card.",
    "type" : "string",
    "searchType" : "string"
  },
  {
    "name" : "otheraddress-line1",
    "use" : "in",
    "min" : 0,
    "max" : "1",
    "documentation" : "Search for locations with an address. Supports trailing wild card. Not implemented yet.",
    "type" : "string",
    "searchType" : "string"
  },
  {
    "name" : "healthAuthority",
    "use" : "in",
    "min" : 0,
    "max" : "1",
    "documentation" : "Search for locations within the specified health authority. Only one of healthAuthority, healthServiceDeliveryArea, localHealthArea, communityHealthServiceArea allowed. The full name is required. E.g. Langford/Highlands. See [this site](https://www2.gov.bc.ca/gov/content/data/geographic-data-services/land-use/administrative-boundaries/health-boundaries) for a list of accepteable strings.",
    "type" : "string",
    "searchType" : "string"
  },
  {
    "name" : "healthServiceDeliveryArea",
    "use" : "in",
    "min" : 0,
    "max" : "1",
    "documentation" : "Search for locations within the specified health service delivery area. See [this site](https://www2.gov.bc.ca/gov/content/data/geographic-data-services/land-use/administrative-boundaries/health-boundaries) for a list of accepteable strings.",
    "type" : "string",
    "searchType" : "string"
  },
  {
    "name" : "localHealthArea",
    "use" : "in",
    "min" : 0,
    "max" : "1",
    "documentation" : "Search for locations within the specified local health area. See [this site](https://www2.gov.bc.ca/gov/content/data/geographic-data-services/land-use/administrative-boundaries/health-boundaries) for a list of accepteable strings.",
    "type" : "string",
    "searchType" : "string"
  },
  {
    "name" : "communityHealthServiceArea",
    "use" : "in",
    "min" : 0,
    "max" : "1",
    "documentation" : "Search for locations within the specified local community health service area. See [this site](https://www2.gov.bc.ca/gov/content/data/geographic-data-services/land-use/administrative-boundaries/health-boundaries) for a list of accepteable strings.",
    "type" : "string",
    "searchType" : "string"
  },
  {
    "name" : "primaryCareNetwork",
    "use" : "in",
    "min" : 0,
    "max" : "1",
    "documentation" : "Search for locations within the specified Primary Care Network. Not implemented yet.",
    "type" : "string",
    "searchType" : "string"
  },
  {
    "name" : "withHistory",
    "use" : "in",
    "min" : 0,
    "max" : "1",
    "documentation" : "true or false, The withHistory parameter instructs PLR to search through historical records for matching attributes. Only the current data is returned.",
    "type" : "boolean"
  },
  {
    "name" : "bundle",
    "use" : "out",
    "min" : 1,
    "max" : "1",
    "documentation" : "The Response Bundle with the OperationOutcome and the list of BCLocationBundle found by the search.",
    "type" : "Bundle"
  }]
}