{
  "resourceType": "OperationOutcome",
  "id": "Example-OperationOutcome-7047",
  "meta": {
    "profile": [
      "http://hl7.org/fhir/ca-bc/provider/StructureDefinition/bc-operation-outcome"
    ]
  },
  "text": {
    "status": "generated",
    "div": "<div xmlns=\"http://www.w3.org/1999/xhtml\"><p><b>Generated Narrative: OperationOutcome</b><a name=\"Example-OperationOutcome-7047\"> </a></p><div style=\"display: inline-block; background-color: #d9e0e7; padding: 6px; margin: 4px; border: 1px solid #8da1b4; border-radius: 5px; line-height: 60%\"><p style=\"margin-bottom: 0px\">Resource OperationOutcome &quot;Example-OperationOutcome-7047&quot; </p><p style=\"margin-bottom: 0px\">Profile: <a href=\"StructureDefinition-bc-operation-outcome.html\">BCOperationOutcome</a></p></div><h3>Issues</h3><table class=\"grid\"><tr><td>-</td><td><b>Severity</b></td><td><b>Code</b></td><td><b>Details</b></td></tr><tr><td>*</td><td>warning</td><td>business-rule</td><td>No provider records found for the input parameters. <span style=\"background: LightGoldenRodYellow; margin: 4px; border: 1px solid khaki\"> (bc-error-codes#GRS.DPS.UNK.UNK.0.0.7047)</span></td></tr></table></div>"
  },
  "issue": [
    {
      "severity": "warning",
      "code": "business-rule",
      "details": {
        "coding": [
          {
            "system": "https://plr.hlth.gov.bc.ca/plr/codes/bc-error-codes",
            "code": "GRS.DPS.UNK.UNK.0.0.7047"
          }
        ],
        "text": "No provider records found for the input parameters."
      }
    }
  ]
}