{
  "resourceType" : "Organization",
  "id" : "IPC.00147437.BC.PRS",
  "meta" : {
    "profile" : ["http://hlth.gov.bc.ca/fhir/provider/StructureDefinition/bc-organization"]
  },
  "text" : {
    "status" : "extensions",
    "div" : "<div xmlns=\"http://www.w3.org/1999/xhtml\"><p><b>Generated Narrative: Organization</b><a name=\"IPC.00147437.BC.PRS\"> </a></p><div style=\"display: inline-block; background-color: #d9e0e7; padding: 6px; margin: 4px; border: 1px solid #8da1b4; border-radius: 5px; line-height: 60%\"><p style=\"margin-bottom: 0px\">Resource Organization &quot;IPC.00147437.BC.PRS&quot; </p><p style=\"margin-bottom: 0px\">Profile: <a href=\"StructureDefinition-bc-organization.html\">BCOrganization</a></p></div><blockquote><p><b>BC Notes Extension</b></p><blockquote><p><b>url</b></p><code>identifier</code></blockquote><p><b>value</b>: id:\u00a0Note-2</p><blockquote><p><b>url</b></p><code>text</code></blockquote><p><b>value</b>: Note text</p><blockquote><p><b>url</b></p><a href=\"StructureDefinition-bc-period-extension.html\">BC Valid Period Extension</a></blockquote><p><b>value</b>: 1998-01-02 --&gt; (ongoing)</p></blockquote><blockquote><p><b>BC License Status Extension</b></p><blockquote><p><b>url</b></p><code>statusCode</code></blockquote><p><b>value</b>: active <span style=\"background: LightGoldenRodYellow; margin: 4px; border: 1px solid khaki\"> (<a href=\"http://terminology.hl7.org/5.3.0/CodeSystem-v3-RoleStatus.html\">RoleStatus</a>#active)</span></p><blockquote><p><b>url</b></p><code>period</code></blockquote><p><b>value</b>: 2022-02-07 --&gt; 2023-02-07</p><blockquote><p><b>url</b></p><code>statusReasonCode</code></blockquote><p><b>value</b>: ORG <span style=\"background: LightGoldenRodYellow; margin: 4px; border: 1px solid khaki\"> (bc-license-status-reason-code-system#ORG)</span></p><blockquote><p><b>url</b></p><code>statusClassCode</code></blockquote><p><b>value</b>: AE <span style=\"background: LightGoldenRodYellow; margin: 4px; border: 1px solid khaki\"> (bc-license-status-class-code-system#AE)</span></p></blockquote><p><b>identifier</b>: id:\u00a0IPC.00147437.BC.PRS\u00a0(period:\u00a02000-01-01 --&gt; (ongoing)), id:\u00a0CPN.00147422.BC.PRS\u00a0(period:\u00a02000-01-01 --&gt; (ongoing)), id:\u00a0123123123\u00a0(period:\u00a02000-01-01 --&gt; (ongoing))</p><p><b>type</b>: ORG <span style=\"background: LightGoldenRodYellow; margin: 4px; border: 1px solid khaki\"> (bc-organization-role-code-system#ORG)</span></p><p><b>name</b>: ABC Clinic</p><p><b>alias</b>: ABC Clinic - Kelowna</p><p><b>telecom</b>: ph: 2501112234</p><p><b>address</b>: 1000 DOUGLAS ST VICTORIA BC V6P7B8 CA </p></div>"
  },
  "extension" : [{
    "extension" : [{
      "url" : "identifier",
      "valueIdentifier" : {
        "system" : "http://hlth.gov.bc.ca/fhir/provider/identifier-system/bc-note-id",
        "value" : "Note-2"
      }
    },
    {
      "url" : "text",
      "valueString" : "Note text"
    },
    {
      "url" : "http://hlth.gov.bc.ca/fhir/provider/StructureDefinition/bc-period-extension",
      "valuePeriod" : {
        "start" : "1998-01-02"
      }
    }],
    "url" : "http://hlth.gov.bc.ca/fhir/provider/StructureDefinition/bc-note-extension"
  },
  {
    "extension" : [{
      "url" : "statusCode",
      "valueCodeableConcept" : {
        "coding" : [{
          "system" : "http://terminology.hl7.org/CodeSystem/v3-RoleStatus",
          "code" : "active"
        }]
      }
    },
    {
      "url" : "period",
      "valuePeriod" : {
        "start" : "2022-02-07",
        "end" : "2023-02-07"
      }
    },
    {
      "url" : "statusReasonCode",
      "valueCodeableConcept" : {
        "coding" : [{
          "system" : "https://terminology.hlth.gov.bc.ca/ProviderLocationRegistry/CodeSystem/bc-license-status-reason-code-system",
          "code" : "ORG"
        }]
      }
    },
    {
      "url" : "statusClassCode",
      "valueCodeableConcept" : {
        "coding" : [{
          "system" : "https://terminology.hlth.gov.bc.ca/ProviderLocationRegistry/CodeSystem/bc-license-status-class-code-system",
          "code" : "AE"
        }]
      }
    }],
    "url" : "http://hlth.gov.bc.ca/fhir/provider/StructureDefinition/bc-license-status-extension"
  }],
  "identifier" : [{
    "system" : "https://health.gov.bc.ca/fhir/NamingSystem/ca-bc-plr-ipc",
    "value" : "IPC.00147437.BC.PRS",
    "period" : {
      "start" : "2000-01-01"
    }
  },
  {
    "system" : "https://health.gov.bc.ca/fhir/NamingSystem/ca-bc-plr-common-party-number",
    "value" : "CPN.00147422.BC.PRS",
    "period" : {
      "start" : "2000-01-01"
    }
  },
  {
    "system" : "https://health.gov.bc.ca/fhir/NamingSystem/ca-bc-plr-org-id",
    "value" : "123123123",
    "period" : {
      "start" : "2000-01-01"
    }
  }],
  "type" : [{
    "coding" : [{
      "system" : "https://terminology.hlth.gov.bc.ca/ProviderLocationRegistry/CodeSystem/bc-organization-role-code-system",
      "code" : "ORG"
    }]
  }],
  "name" : "ABC Clinic",
  "_name" : {
    "extension" : [{
      "url" : "http://hlth.gov.bc.ca/fhir/provider/StructureDefinition/bc-name-use-extension",
      "valueCode" : "official"
    },
    {
      "url" : "http://hlth.gov.bc.ca/fhir/provider/StructureDefinition/bc-period-extension",
      "valuePeriod" : {
        "start" : "2000-01-01",
        "end" : "2022-09-01"
      }
    }]
  },
  "alias" : ["ABC Clinic - Kelowna"],
  "telecom" : [{
    "extension" : [{
      "url" : "http://hlth.gov.bc.ca/fhir/provider/StructureDefinition/bc-communication-purpose-code-extension",
      "valueCodeableConcept" : {
        "coding" : [{
          "system" : "https://terminology.hlth.gov.bc.ca/ProviderLocationRegistry/CodeSystem/bc-communication-purpose-code-system",
          "code" : "BC"
        }]
      }
    }],
    "system" : "phone",
    "value" : "2501112234",
    "period" : {
      "start" : "2000-02-02"
    }
  }],
  "address" : [{
    "extension" : [{
      "url" : "http://hlth.gov.bc.ca/fhir/provider/StructureDefinition/bc-communication-purpose-code-extension",
      "valueCodeableConcept" : {
        "coding" : [{
          "system" : "https://terminology.hlth.gov.bc.ca/ProviderLocationRegistry/CodeSystem/bc-communication-purpose-code-system",
          "code" : "BC"
        }]
      }
    },
    {
      "url" : "http://hlth.gov.bc.ca/fhir/provider/StructureDefinition/bc-address-validation-status-extension",
      "valueCodeableConcept" : {
        "coding" : [{
          "system" : "https://terminology.hlth.gov.bc.ca/ProviderLocationRegistry/CodeSystem/bc-address-validation-status-code-system",
          "code" : "V"
        }]
      }
    }],
    "type" : "postal",
    "line" : ["1000 DOUGLAS ST"],
    "city" : "VICTORIA",
    "state" : "BC",
    "postalCode" : "V6P7B8",
    "country" : "CA",
    "period" : {
      "start" : "2000-01-01"
    }
  }]
}