{
  "resourceType" : "Parameters",
  "id" : "Example-Response-Update-Organization",
  "parameter" : [{
    "name" : "messageId",
    "valueString" : "98766789"
  },
  {
    "name" : "messageTime",
    "valueDateTime" : "2022-06-27T01:01:03-08:00"
  },
  {
    "name" : "requestMessageId",
    "valueString" : "12344321"
  },
  {
    "name" : "maintain",
    "resource" : {
      "resourceType" : "Bundle",
      "id" : "Example-UpdateOrganization-Bundle-Response",
      "meta" : {
        "profile" : ["http://hlth.gov.bc.ca/fhir/provider/StructureDefinition/bc-organization-bundle"]
      },
      "type" : "collection",
      "entry" : [{
        "fullUrl" : "https://plresb.hlth.gov.bc.ca/HSA-web/fhir-rs/Organization/IPC.00147436.BC.PRS",
        "resource" : {
          "resourceType" : "Organization",
          "id" : "IPC.00147436.BC.PRS",
          "meta" : {
            "profile" : ["http://hlth.gov.bc.ca/fhir/provider/StructureDefinition/bc-organization"]
          },
          "extension" : [{
            "extension" : [{
              "url" : "identifier",
              "valueIdentifier" : {
                "system" : "http://hlth.gov.bc.ca/fhir/provider/identifier-system/bc-note-id",
                "value" : "Note-2"
              }
            },
            {
              "url" : "text",
              "valueString" : "Note text"
            },
            {
              "url" : "http://hlth.gov.bc.ca/fhir/provider/StructureDefinition/bc-period-extension",
              "valuePeriod" : {
                "start" : "1998-01-02"
              }
            },
            {
              "url" : "http://hlth.gov.bc.ca/fhir/provider/StructureDefinition/bc-owner-extension",
              "valueIdentifier" : {
                "assigner" : {
                  "display" : "PHSA"
                }
              }
            }],
            "url" : "http://hlth.gov.bc.ca/fhir/provider/StructureDefinition/bc-note-extension"
          }],
          "identifier" : [{
            "extension" : [{
              "url" : "http://hlth.gov.bc.ca/fhir/provider/StructureDefinition/bc-owner-extension",
              "valueIdentifier" : {
                "assigner" : {
                  "display" : "PHSA"
                }
              }
            }],
            "system" : "http://hlth.gov.bc.ca/fhir/provider/identifier-system/ORGID",
            "value" : "123123123",
            "period" : {
              "start" : "2000-01-01"
            }
          },
          {
            "extension" : [{
              "url" : "http://hlth.gov.bc.ca/fhir/provider/StructureDefinition/bc-owner-extension",
              "valueIdentifier" : {
                "assigner" : {
                  "display" : "MOH"
                }
              }
            }],
            "system" : "http://hlth.gov.bc.ca/fhir/provider/identifier-system/IPC",
            "value" : "IPC.00147436.BC.PRS",
            "period" : {
              "start" : "2000-01-01"
            }
          },
          {
            "extension" : [{
              "url" : "http://hlth.gov.bc.ca/fhir/provider/StructureDefinition/bc-owner-extension",
              "valueIdentifier" : {
                "assigner" : {
                  "display" : "PHSA"
                }
              }
            }],
            "system" : "http://hlth.gov.bc.ca/fhir/provider/identifier-system/CPN",
            "value" : "CPN.00147433.BC.PRS",
            "period" : {
              "start" : "2000-01-01"
            }
          }],
          "active" : true,
          "name" : "Kelowna Clinic",
          "_name" : {
            "extension" : [{
              "url" : "http://hlth.gov.bc.ca/fhir/provider/StructureDefinition/bc-name-use-extension",
              "valueCode" : "official"
            },
            {
              "url" : "http://hlth.gov.bc.ca/fhir/provider/StructureDefinition/bc-period-extension",
              "valuePeriod" : {
                "start" : "2014-01-31T00:00:00-07:00"
              }
            },
            {
              "url" : "http://hlth.gov.bc.ca/fhir/provider/StructureDefinition/bc-owner-extension",
              "valueIdentifier" : {
                "assigner" : {
                  "display" : "PHSA"
                }
              }
            }]
          },
          "alias" : ["ABC Clinic - Kelowna"],
          "telecom" : [{
            "extension" : [{
              "url" : "http://hlth.gov.bc.ca/fhir/provider/StructureDefinition/bc-communication-purpose-code-extension",
              "valueCodeableConcept" : {
                "coding" : [{
                  "system" : "https://teminology.hlth.gov.bc.ca/ProviderLocationRegistry/CodeSystem/bc-communication-purpose-code",
                  "code" : "BC"
                }]
              }
            },
            {
              "url" : "http://hlth.gov.bc.ca/fhir/provider/StructureDefinition/bc-owner-extension",
              "valueIdentifier" : {
                "assigner" : {
                  "display" : "PHSA"
                }
              }
            }],
            "system" : "phone",
            "value" : "2503424343",
            "period" : {
              "start" : "2000-02-02"
            }
          }],
          "address" : [{
            "extension" : [{
              "url" : "http://hlth.gov.bc.ca/fhir/provider/StructureDefinition/bc-communication-purpose-code-extension",
              "valueCodeableConcept" : {
                "coding" : [{
                  "system" : "https://teminology.hlth.gov.bc.ca/ProviderLocationRegistry/CodeSystem/bc-communication-purpose-code",
                  "code" : "BC"
                }]
              }
            },
            {
              "url" : "http://hlth.gov.bc.ca/fhir/provider/StructureDefinition/bc-address-validation-status-extension",
              "valueCodeableConcept" : {
                "coding" : [{
                  "system" : "https://teminology.hlth.gov.bc.ca/ProviderLocationRegistry/CodeSystem/bc-address-validation-status-code",
                  "code" : "V"
                }]
              }
            },
            {
              "url" : "http://hlth.gov.bc.ca/fhir/provider/StructureDefinition/bc-owner-extension",
              "valueIdentifier" : {
                "assigner" : {
                  "display" : "PHSA"
                }
              }
            }],
            "type" : "postal",
            "line" : ["19 ST",
            "ADDRESS ADDRESSLINE2TXT",
            "ADDRESS ADDRESSLINE3TXT"],
            "city" : "VICTORIA",
            "state" : "BC",
            "postalCode" : "V6P7B8",
            "country" : "CA",
            "period" : {
              "start" : "2000-01-01"
            }
          }]
        }
      }]
    }
  },
  {
    "name" : "outcome",
    "resource" : {
      "resourceType" : "OperationOutcome",
      "id" : "Example-OperationOutcome-MaintainSuccess",
      "meta" : {
        "profile" : ["http://hlth.gov.bc.ca/fhir/provider/StructureDefinition/bc-operation-outcome"]
      },
      "issue" : [{
        "severity" : "information",
        "code" : "business-rule",
        "details" : {
          "coding" : [{
            "system" : "https://teminology.hlth.gov.bc.ca/ProviderLocationRegistry/CodeSystem/bc-error-codes",
            "code" : "PRS.PRP.MTN.UNK.0.0.0000"
          }],
          "text" : "The provider transaction was processed."
        }
      }]
    }
  }]
}