{
  "resourceType": "Practitioner",
  "id": "Example-AddPractitioner-Practitioner",
  "meta": {
    "profile": [
      "http://hlth.gov.bc.ca/fhir/provider/StructureDefinition/bc-practitioner"
    ]
  },
  "text": {
    "status": "extensions",
    "div": "<div xmlns=\"http://www.w3.org/1999/xhtml\"><p><b>Generated Narrative: Practitioner</b><a name=\"Example-AddPractitioner-Practitioner\"> </a></p><div style=\"display: inline-block; background-color: #d9e0e7; padding: 6px; margin: 4px; border: 1px solid #8da1b4; border-radius: 5px; line-height: 60%\"><p style=\"margin-bottom: 0px\">Resource Practitioner &quot;Example-AddPractitioner-Practitioner&quot; </p><p style=\"margin-bottom: 0px\">Profile: <a href=\"StructureDefinition-bc-practitioner.html\">BCPractitioner</a></p></div><blockquote><p><b>BC License Status Extension</b></p><p><b>value</b>: suspended <span style=\"background: LightGoldenRodYellow; margin: 4px; border: 1px solid khaki\"> (<a href=\"http://terminology.hl7.org/4.0.0/CodeSystem-v3-RoleStatus.html\">RoleStatus</a>#suspended)</span></p><p><b>value</b>: LTP <span style=\"background: LightGoldenRodYellow; margin: 4px; border: 1px solid khaki\"> (bc-status-reason-code#LTP)</span></p><p><b>value</b>: 2022-06-24 --&gt; (ongoing)</p></blockquote><blockquote><p><b>BC Practitioner Disciplinary Actions Extension</b></p><p><b>value</b>: id: DA-1</p><p><b>value</b>: Description</p><p><b>value</b>: 2000-01-01</p><p><b>value</b>: 1998-01-02 --&gt; (ongoing)</p><p><b>value</b>: false</p></blockquote><blockquote><p><b>BC Notes Extension</b></p><p><b>value</b>: id: Note-2</p><p><b>value</b>: Note text</p><p><b>value</b>: 1998-01-02 --&gt; (ongoing)</p></blockquote><blockquote><p><b>BC Practitioner Conditions Extension</b></p><p><b>value</b>: id: Condition-1</p><p><b>value</b>: false</p><p><b>value</b>: Restriction text</p><p><b>value</b>: EXP <span style=\"background: LightGoldenRodYellow; margin: 4px; border: 1px solid khaki\"> (bc-condition-type-code#EXP)</span></p><p><b>value</b>: 1998-01-02 --&gt; (ongoing)</p></blockquote><blockquote><p><b>BC Confidentiality Extension</b></p><p><b>value</b>: 2000-01-01 --&gt; 2020-01-01</p><p><b>value</b>: restricted <span style=\"background: LightGoldenRodYellow; margin: 4px; border: 1px solid khaki\"> (<a href=\"http://terminology.hl7.org/4.0.0/CodeSystem-v3-Confidentiality.html\">Confidentiality</a>#R)</span></p></blockquote><p><b>BC Practitioner Date of Death Extension</b>: 2000-02-01</p><p><b>BC Valid Period Extension</b>: 2012-12-07 --&gt; (ongoing)</p><p><b>BC Birth Place Extension</b>: Ottawa CA </p><p><b>identifier</b>: id: IPC.00147422.BC.PRS (period: 2000-01-01 --&gt; (ongoing)), id: CPN.00147422.BC.PRS (period: 2000-01-01 --&gt; (ongoing)), id: 123454 (period: 2000-01-01 --&gt; (ongoing))</p><p><b>active</b>: true</p><p><b>name</b>: GivenName FamilyName (OFFICIAL)</p><p><b>telecom</b>: ph: 2501112234</p><p><b>address</b>: 1000 DOUGLAS ST VICTORIA BC V6P7B8 CA </p><p><b>gender</b>: female</p><p><b>birthDate</b>: 1934-01-02</p><h3>Qualifications</h3><table class=\"grid\"><tr><td>-</td><td><b>Extension</b></td><td><b>Code</b></td><td><b>Period</b></td><td><b>Issuer</b></td></tr><tr><td>*</td><td/><td>CREDENTIAL_CREDENTIALDESIGNATIONTXT <span style=\"background: LightGoldenRodYellow; margin: 4px; border: 1px solid khaki\"> (<a href=\"http://terminology.hl7.org/4.0.0/CodeSystem-v3-scpqual.html\">pan-Canadian Provider Qualification Types</a>#BD)</span></td><td>2000-01-01 --&gt; 2020-01-01</td><td><a name=\"qualificationOrganization\"> </a><blockquote><p/><p><a name=\"qualificationOrganization\"> </a></p><p><b>name</b>: CREDENTIAL_CREDENTIALGRANTINGINSTTXT</p><p><b>address</b>: CALGARY AB CA </p></blockquote></td></tr></table><p><b>communication</b>: EN <span style=\"background: LightGoldenRodYellow; margin: 4px; border: 1px solid khaki\"> (bc-language-code#EN)</span></p><hr/><blockquote><p><b>Generated Narrative: Organization #qualificationOrganization</b><a name=\"qualificationOrganization\"> </a></p><p><b>name</b>: CREDENTIAL_CREDENTIALGRANTINGINSTTXT</p><p><b>address</b>: CALGARY AB CA </p></blockquote></div>"
  },
  "contained": [
    {
      "resourceType": "Organization",
      "id": "qualificationOrganization",
      "meta": {
        "profile": [
          "http://hlth.gov.bc.ca/fhir/provider/StructureDefinition/bc-organization"
        ]
      },
      "name": "CREDENTIAL_CREDENTIALGRANTINGINSTTXT",
      "address": [
        {
          "city": "CALGARY",
          "state": "AB",
          "country": "CA"
        }
      ]
    }
  ],
  "extension": [
    {
      "extension": [
        {
          "url": "statusCode",
          "valueCodeableConcept": {
            "coding": [
              {
                "system": "http://terminology.hl7.org/CodeSystem/v3-RoleStatus",
                "code": "suspended"
              }
            ]
          }
        },
        {
          "url": "statusReasonCode",
          "valueCodeableConcept": {
            "coding": [
              {
                "system": "https://teminology.hlth.gov.bc.ca/ProviderLocationRegistry/CodeSystem/bc-status-reason-code",
                "code": "LTP"
              }
            ]
          }
        },
        {
          "url": "period",
          "valuePeriod": {
            "start": "2022-06-24"
          }
        }
      ],
      "url": "http://hlth.gov.bc.ca/fhir/provider/StructureDefinition/bc-license-status-extension"
    },
    {
      "extension": [
        {
          "url": "identifier",
          "valueIdentifier": {
            "value": "DA-1"
          }
        },
        {
          "url": "description",
          "valueString": "Description"
        },
        {
          "url": "archiveDate",
          "valueDateTime": "2000-01-01"
        },
        {
          "url": "http://hlth.gov.bc.ca/fhir/provider/StructureDefinition/bc-period-extension",
          "valuePeriod": {
            "start": "1998-01-02"
          }
        },
        {
          "url": "displayFlag",
          "valueBoolean": false
        }
      ],
      "url": "http://hlth.gov.bc.ca/fhir/provider/StructureDefinition/bc-practitioner-disciplinary-action-extension"
    },
    {
      "extension": [
        {
          "url": "identifier",
          "valueIdentifier": {
            "system": "http://hlth.gov.bc.ca/fhir/provider/identifier-system/bc-note-id",
            "value": "Note-2"
          }
        },
        {
          "url": "text",
          "valueString": "Note text"
        },
        {
          "url": "http://hlth.gov.bc.ca/fhir/provider/StructureDefinition/bc-period-extension",
          "valuePeriod": {
            "start": "1998-01-02"
          }
        }
      ],
      "url": "http://hlth.gov.bc.ca/fhir/provider/StructureDefinition/bc-note-extension"
    },
    {
      "extension": [
        {
          "url": "identifier",
          "valueIdentifier": {
            "system": "http://hlth.gov.bc.ca/fhir/provider/identifier-system/bc-condition-id",
            "value": "Condition-1"
          }
        },
        {
          "url": "restriction",
          "valueBoolean": false
        },
        {
          "url": "restrictionText",
          "valueString": "Restriction text"
        },
        {
          "url": "code",
          "valueCodeableConcept": {
            "coding": [
              {
                "system": "https://teminology.hlth.gov.bc.ca/ProviderLocationRegistry/CodeSystem/bc-condition-type-code",
                "code": "EXP"
              }
            ]
          }
        },
        {
          "url": "http://hlth.gov.bc.ca/fhir/provider/StructureDefinition/bc-period-extension",
          "valuePeriod": {
            "start": "1998-01-02"
          }
        }
      ],
      "url": "http://hlth.gov.bc.ca/fhir/provider/StructureDefinition/bc-practitioner-condition-extension"
    },
    {
      "extension": [
        {
          "url": "http://hlth.gov.bc.ca/fhir/provider/StructureDefinition/bc-period-extension",
          "valuePeriod": {
            "start": "2000-01-01",
            "end": "2020-01-01"
          }
        },
        {
          "url": "code",
          "valueCodeableConcept": {
            "coding": [
              {
                "system": "http://terminology.hl7.org/CodeSystem/v3-Confidentiality",
                "code": "R"
              }
            ]
          }
        }
      ],
      "url": "http://hlth.gov.bc.ca/fhir/provider/StructureDefinition/bc-confidentiality-extension"
    },
    {
      "url": "http://hlth.gov.bc.ca/fhir/provider/StructureDefinition/bc-practitioner-deathdate-extension",
      "valueDateTime": "2000-02-01"
    },
    {
      "url": "http://hlth.gov.bc.ca/fhir/provider/StructureDefinition/bc-period-extension",
      "valuePeriod": {
        "start": "2012-12-07"
      }
    },
    {
      "url": "http://hlth.gov.bc.ca/fhir/provider/StructureDefinition/bc-birthplace-extension",
      "valueAddress": {
        "city": "Ottawa",
        "country": "CA"
      }
    }
  ],
  "identifier": [
    {
      "system": "http://hlth.gov.bc.ca/fhir/provider/identifier-system/IPC",
      "value": "IPC.00147422.BC.PRS",
      "period": {
        "start": "2000-01-01"
      }
    },
    {
      "system": "http://hlth.gov.bc.ca/fhir/provider/identifier-system/CPN",
      "value": "CPN.00147422.BC.PRS",
      "period": {
        "start": "2000-01-01"
      }
    },
    {
      "system": "http://hlth.gov.bc.ca/fhir/provider/identifier-system/CPSID",
      "value": "123454",
      "period": {
        "start": "2000-01-01"
      }
    }
  ],
  "active": true,
  "name": [
    {
      "use": "official",
      "family": "FamilyName",
      "given": [
        "GivenName"
      ],
      "period": {
        "start": "2012-12-07"
      }
    }
  ],
  "telecom": [
    {
      "extension": [
        {
          "url": "http://hlth.gov.bc.ca/fhir/provider/StructureDefinition/bc-communication-purpose-code-extension",
          "valueCodeableConcept": {
            "coding": [
              {
                "system": "https://teminology.hlth.gov.bc.ca/ProviderLocationRegistry/CodeSystem/bc-communication-purpose-code",
                "code": "BC"
              }
            ]
          }
        }
      ],
      "system": "phone",
      "value": "2501112234",
      "period": {
        "start": "2000-02-02"
      }
    }
  ],
  "address": [
    {
      "extension": [
        {
          "url": "http://hlth.gov.bc.ca/fhir/provider/StructureDefinition/bc-communication-purpose-code-extension",
          "valueCodeableConcept": {
            "coding": [
              {
                "system": "https://teminology.hlth.gov.bc.ca/ProviderLocationRegistry/CodeSystem/bc-communication-purpose-code",
                "code": "BC"
              }
            ]
          }
        },
        {
          "url": "http://hlth.gov.bc.ca/fhir/provider/StructureDefinition/bc-address-validation-status-extension",
          "valueCodeableConcept": {
            "coding": [
              {
                "system": "https://teminology.hlth.gov.bc.ca/ProviderLocationRegistry/CodeSystem/bc-address-validation-status-code",
                "code": "V"
              }
            ]
          }
        }
      ],
      "type": "postal",
      "line": [
        "1000 DOUGLAS ST"
      ],
      "city": "VICTORIA",
      "state": "BC",
      "postalCode": "V6P7B8",
      "country": "CA",
      "period": {
        "start": "2000-01-01"
      }
    }
  ],
  "gender": "female",
  "birthDate": "1934-01-02",
  "_birthDate": {
    "extension": [
      {
        "url": "http://hlth.gov.bc.ca/fhir/provider/StructureDefinition/bc-birthtime-extension",
        "valueDateTime": "1951-11-12T00:00:01-06:00"
      }
    ]
  },
  "qualification": [
    {
      "extension": [
        {
          "extension": [
            {
              "url": "designation",
              "valueString": "designation"
            },
            {
              "url": "equivalencyFlag",
              "valueBoolean": true
            },
            {
              "url": "registrationNumber",
              "valueString": "registration number"
            },
            {
              "url": "issuedDate",
              "valueDateTime": "2000-01-01"
            }
          ],
          "url": "http://hlth.gov.bc.ca/fhir/provider/StructureDefinition/bc-practitioner-qualification-extension"
        }
      ],
      "code": {
        "coding": [
          {
            "system": "https://fhir.infoway-inforoute.ca/CodeSystem/scpqual",
            "code": "BD"
          }
        ],
        "text": "CREDENTIAL_CREDENTIALDESIGNATIONTXT"
      },
      "period": {
        "start": "2000-01-01",
        "end": "2020-01-01"
      },
      "issuer": {
        "reference": "#qualificationOrganization"
      }
    }
  ],
  "communication": [
    {
      "extension": [
        {
          "url": "http://hlth.gov.bc.ca/fhir/provider/StructureDefinition/bc-period-extension",
          "valuePeriod": {
            "start": "2000-01-01"
          }
        },
        {
          "url": "http://hlth.gov.bc.ca/fhir/provider/StructureDefinition/bc-specialty-source-extension",
          "valueString": "Language Source"
        }
      ],
      "coding": [
        {
          "system": "https://teminology.hlth.gov.bc.ca/ProviderLocationRegistry/CodeSystem/bc-language-code",
          "code": "EN"
        }
      ]
    }
  ]
}