{
  "resourceType" : "PractitionerRole",
  "id" : "IPC.00147699.BC.PRS",
  "meta" : {
    "profile" : ["http://hlth.gov.bc.ca/fhir/provider/StructureDefinition/bc-practitioner-role"]
  },
  "text" : {
    "status" : "generated",
    "div" : "<div xmlns=\"http://www.w3.org/1999/xhtml\"><p><b>Generated Narrative: PractitionerRole</b><a name=\"IPC.00147699.BC.PRS\"> </a></p><div style=\"display: inline-block; background-color: #d9e0e7; padding: 6px; margin: 4px; border: 1px solid #8da1b4; border-radius: 5px; line-height: 60%\"><p style=\"margin-bottom: 0px\">Resource PractitionerRole &quot;IPC.00147699.BC.PRS&quot; </p><p style=\"margin-bottom: 0px\">Profile: <a href=\"StructureDefinition-bc-practitioner-role.html\">BCPractitionerRole</a></p></div><p><b>practitioner</b>: <span/></p><p><b>code</b>: MD <span style=\"background: LightGoldenRodYellow; margin: 4px; border: 1px solid khaki\"> (scptype#MD)</span></p><p><b>specialty</b>: AMD53 <span style=\"background: LightGoldenRodYellow; margin: 4px; border: 1px solid khaki\"> (<a href=\"https://simplifier.net/resolve?scope=hl7.fhir.ca.baseline@1.1.4&amp;canonical=http://fhir.infoway-inforoute.ca/CodeSystem/scpqual\">pan-Canadian Provider Qualification Types</a>#AMD53)</span></p></div>"
  },
  "practitioner" : {
    "identifier" : {
      "extension" : [{
        "url" : "http://hlth.gov.bc.ca/fhir/provider/StructureDefinition/bc-owner-extension",
        "valueIdentifier" : {
          "assigner" : {
            "display" : "MOH"
          }
        }
      }],
      "system" : "http://hlth.gov.bc.ca/fhir/provider/identifier-system/CPN",
      "value" : "CPN.00147422.BC.PRS",
      "period" : {
        "start" : "2000-01-01"
      }
    }
  },
  "code" : [{
    "coding" : [{
      "system" : "http://fhir.infoway-inforoute.ca/CodeSystem/scptype",
      "code" : "MD"
    }]
  }],
  "specialty" : [{
    "extension" : [{
      "url" : "http://hlth.gov.bc.ca/fhir/provider/StructureDefinition/bc-period-extension",
      "valuePeriod" : {
        "start" : "2000-01-01",
        "end" : "2020-01-01"
      }
    },
    {
      "url" : "http://hlth.gov.bc.ca/fhir/provider/StructureDefinition/bc-specialty-source-extension",
      "valueString" : "Expertise source"
    },
    {
      "url" : "http://hlth.gov.bc.ca/fhir/provider/StructureDefinition/bc-owner-extension",
      "valueIdentifier" : {
        "assigner" : {
          "display" : "MOH"
        }
      }
    }],
    "coding" : [{
      "system" : "http://fhir.infoway-inforoute.ca/CodeSystem/scpqual",
      "code" : "AMD53"
    }]
  }]
}