{
  "resourceType": "PractitionerRole",
  "id": "Example-Atomic-PractitionerRole-RoleSpecialty",
  "meta": {
    "profile": [
      "http://hl7.org/fhir/ca-bc/provider/StructureDefinition/bc-practitioner-role"
    ]
  },
  "text": {
    "status": "generated",
    "div": "<div xmlns=\"http://www.w3.org/1999/xhtml\"><p><b>Generated Narrative: PractitionerRole</b><a name=\"Example-Atomic-PractitionerRole-RoleSpecialty\"> </a></p><div style=\"display: inline-block; background-color: #d9e0e7; padding: 6px; margin: 4px; border: 1px solid #8da1b4; border-radius: 5px; line-height: 60%\"><p style=\"margin-bottom: 0px\">Resource PractitionerRole \"Example-Atomic-PractitionerRole-RoleSpecialty\" </p><p style=\"margin-bottom: 0px\">Profile: <a href=\"StructureDefinition-bc-practitioner-role.html\">BCPractitionerRole</a></p></div><p><b>practitioner</b>: <a href=\"Bundle-Example-UpdatePractitioner-Bundle.html#urn-uuid-67b11c73-c2ee-474f-ab64-56b863a1cc87\">urn:uuid:67b11c73-c2ee-474f-ab64-56b863a1cc87</a></p><p><b>code</b>: MD <span style=\"background: LightGoldenRodYellow; margin: 4px; border: 1px solid khaki\"> (<a href=\"http://terminology.hl7.org/4.0.0/CodeSystem-v3-scptype.html\">pan-Canadian Provider Types</a>#MD)</span></p><p><b>specialty</b>: AMD53 <span style=\"background: LightGoldenRodYellow; margin: 4px; border: 1px solid khaki\"> (<a href=\"http://terminology.hl7.org/4.0.0/CodeSystem-v3-scpqual.html\">pan-Canadian Provider Qualification Types</a>#AMD53)</span></p></div>"
  },
  "practitioner": {
    "reference": "urn:uuid:67b11c73-c2ee-474f-ab64-56b863a1cc87"
  },
  "code": [
    {
      "coding": [
        {
          "system": "https://fhir.infoway-inforoute.ca/CodeSystem/scptype",
          "code": "MD"
        }
      ]
    }
  ],
  "specialty": [
    {
      "extension": [
        {
          "url": "http://hl7.org/fhir/ca-bc/provider/StructureDefinition/bc-period-extension",
          "valuePeriod": {
            "start": "2000-01-01",
            "end": "2020-01-01"
          }
        },
        {
          "url": "http://hl7.org/fhir/ca-bc/provider/StructureDefinition/bc-specialty-source-extension",
          "valueString": "Expertise source"
        },
        {
          "url": "http://hl7.org/fhir/ca-bc/provider/StructureDefinition/bc-end-reason-extension",
          "valueCodeableConcept": {
            "coding": [
              {
                "system": "https://plr.hlth.gov.bc.ca/plr/codes/bc-end-reason-code",
                "code": "CHG"
              }
            ]
          }
        }
      ],
      "coding": [
        {
          "system": "https://fhir.infoway-inforoute.ca/CodeSystem/scpqual",
          "code": "AMD53"
        }
      ]
    }
  ]
}