{
  "resourceType": "PractitionerRole",
  "id": "Example-PractitionerRole-3-LocReference-FromPractitioner",
  "meta": {
    "profile": [
      "http://hl7.org/fhir/ca-bc/provider/StructureDefinition/bc-practitioner-role"
    ]
  },
  "text": {
    "status": "generated",
    "div": "<div xmlns=\"http://www.w3.org/1999/xhtml\"><p><b>Generated Narrative</b></p><div style=\"display: inline-block; background-color: #d9e0e7; padding: 6px; margin: 4px; border: 1px solid #8da1b4; border-radius: 5px; line-height: 60%\"><p style=\"margin-bottom: 0px\">Resource \"Example-PractitionerRole-3-LocReference-FromPractitioner\" </p><p style=\"margin-bottom: 0px\">Profile: <a href=\"StructureDefinition-bc-practitioner-role.html\">BCPractitionerRole</a></p></div><p><b>period</b>: 2000-01-01 --&gt; (ongoing)</p><p><b>practitioner</b>: <a href=\"Bundle-Example-AddPractitioner-Bundle.html#urn-uuid-67b11c73-c2ee-474f-ab64-56b863a1cc87\">urn:uuid:67b11c73-c2ee-474f-ab64-56b863a1cc87</a></p><p><b>location</b>: <span></span></p></div>"
  },
  "period": {
    "start": "2000-01-01"
  },
  "practitioner": {
    "reference": "urn:uuid:67b11c73-c2ee-474f-ab64-56b863a1cc87"
  },
  "location": [
    {
      "extension": [
        {
          "url": "http://hl7.org/fhir/ca-bc/provider/StructureDefinition/bc-location-relationship-type-extension",
          "valueCodeableConcept": {
            "coding": [
              {
                "system": "https://plr.hlth.gov.bc.ca/plr/codes/bc-location-relationship-type-code",
                "code": "WORKSAT"
              }
            ]
          }
        }
      ],
      "identifier": {
        "type": {
          "coding": [
            {
              "system": "https://plr.hlth.gov.bc.ca/plr/codes/bc-identifer-type-code",
              "code": "IFC"
            }
          ]
        },
        "system": "https://plr.hlth.gov.bc.ca/plr/system/internal-facility-code-system",
        "value": "IFC.00147422.BC.PRS",
        "period": {
          "start": "2000-01-01"
        }
      }
    }
  ]
}