{
  "resourceType": "PractitionerRole",
  "id": "Example-PractitionerRole-1-Role-FromPractitioner-Update-Response",
  "meta": {
    "profile": [
      "http://hlth.gov.bc.ca/fhir/provider/StructureDefinition/bc-practitioner-role"
    ]
  },
  "text": {
    "status": "generated",
    "div": "<div xmlns=\"http://www.w3.org/1999/xhtml\"><p><b>Generated Narrative: PractitionerRole</b><a name=\"Example-PractitionerRole-1-Role-FromPractitioner-Update-Response\"> </a></p><div style=\"display: inline-block; background-color: #d9e0e7; padding: 6px; margin: 4px; border: 1px solid #8da1b4; border-radius: 5px; line-height: 60%\"><p style=\"margin-bottom: 0px\">Resource PractitionerRole &quot;Example-PractitionerRole-1-Role-FromPractitioner-Update-Response&quot; </p><p style=\"margin-bottom: 0px\">Profile: <a href=\"StructureDefinition-bc-practitioner-role.html\">BCPractitionerRole</a></p></div><p><b>practitioner</b>: <a href=\"Bundle-Example-UpdatePractitioner-LicenseStatus-Bundle.html#urn-uuid-67b11c73-c2ee-474f-ab64-56b863a1cc87\">urn:uuid:67b11c73-c2ee-474f-ab64-56b863a1cc87</a></p><p><b>code</b>: MD <span style=\"background: LightGoldenRodYellow; margin: 4px; border: 1px solid khaki\"> (<a href=\"http://terminology.hl7.org/4.0.0/CodeSystem-v3-scptype.html\">pan-Canadian Provider Types</a>#MD)</span></p></div>"
  },
  "practitioner": {
    "reference": "urn:uuid:67b11c73-c2ee-474f-ab64-56b863a1cc87"
  },
  "code": [
    {
      "coding": [
        {
          "system": "https://fhir.infoway-inforoute.ca/CodeSystem/scptype",
          "code": "MD"
        }
      ]
    }
  ]
}