{
  "resourceType" : "PractitionerRole",
  "id" : "IPC.00763481.BC.PRS",
  "meta" : {
    "profile" : ["http://hlth.gov.bc.ca/fhir/provider/StructureDefinition/bc-practitioner-role"]
  },
  "text" : {
    "status" : "generated",
    "div" : "<div xmlns=\"http://www.w3.org/1999/xhtml\"><p><b>Generated Narrative: PractitionerRole</b><a name=\"IPC.00763481.BC.PRS\"> </a></p><div style=\"display: inline-block; background-color: #d9e0e7; padding: 6px; margin: 4px; border: 1px solid #8da1b4; border-radius: 5px; line-height: 60%\"><p style=\"margin-bottom: 0px\">Resource PractitionerRole &quot;IPC.00763481.BC.PRS&quot; </p><p style=\"margin-bottom: 0px\">Profile: <a href=\"StructureDefinition-bc-practitioner-role.html\">BCPractitionerRole</a></p></div><p><b>practitioner</b>: <span/></p><p><b>code</b>: MD <span style=\"background: LightGoldenRodYellow; margin: 4px; border: 1px solid khaki\"> (scptype#MD)</span></p></div>"
  },
  "practitioner" : {
    "identifier" : {
      "system" : "http://hlth.gov.bc.ca/fhir/provider/identifier-system/IPC",
      "value" : "IPC.00763481.BC.PRS",
      "period" : {
        "start" : "2000-01-01"
      }
    }
  },
  "code" : [{
    "coding" : [{
      "system" : "http://fhir.infoway-inforoute.ca/CodeSystem/scptype",
      "code" : "MD"
    }]
  }]
}