{
  "resourceType": "StructureDefinition",
  "id": "bc-note-extension",
  "text": {
    "status": "extensions",
    "div": "<div xmlns=\"http://www.w3.org/1999/xhtml\"><table border=\"0\" cellpadding=\"0\" cellspacing=\"0\" style=\"border: 0px #F0F0F0 solid; font-size: 11px; font-family: verdana; vertical-align: top;\"><tr style=\"border: 1px #F0F0F0 solid; font-size: 11px; font-family: verdana; vertical-align: top\"><th style=\"vertical-align: top; text-align : left; background-color: white; border: 0px #F0F0F0 solid; padding:0px 4px 0px 4px\" class=\"hierarchy\"><a href=\"http://hl7.org/fhir/R4/formats.html#table\" title=\"The logical name of the element\">Name</a></th><th style=\"vertical-align: top; text-align : left; background-color: white; border: 0px #F0F0F0 solid; padding:0px 4px 0px 4px\" class=\"hierarchy\"><a href=\"http://hl7.org/fhir/R4/formats.html#table\" title=\"Information about the use of the element\">Flags</a></th><th style=\"vertical-align: top; text-align : left; background-color: white; border: 0px #F0F0F0 solid; padding:0px 4px 0px 4px\" class=\"hierarchy\"><a href=\"http://hl7.org/fhir/R4/formats.html#table\" title=\"Minimum and Maximum # of times the the element can appear in the instance\">Card.</a></th><th style=\"width: 100px\" class=\"hierarchy\"><a href=\"http://hl7.org/fhir/R4/formats.html#table\" title=\"Reference to the type of the element\">Type</a></th><th style=\"vertical-align: top; text-align : left; background-color: white; border: 0px #F0F0F0 solid; padding:0px 4px 0px 4px\" class=\"hierarchy\"><a href=\"http://hl7.org/fhir/R4/formats.html#table\" title=\"Additional information about the element\">Description &amp; Constraints</a><span style=\"float: right\"><a href=\"http://hl7.org/fhir/R4/formats.html#table\" title=\"Legend for this format\"><img src=\"http://hl7.org/fhir/R4/help16.png\" alt=\"doco\" style=\"background-color: inherit\"/></a></span></th></tr><tr style=\"border: 0px #F0F0F0 solid; padding:0px; vertical-align: top; background-color: white\"><td style=\"vertical-align: top; text-align : left; background-color: white; border: 0px #F0F0F0 solid; padding:0px 4px 0px 4px; white-space: nowrap; background-image: url(tbl_bck1.png)\" class=\"hierarchy\"><img src=\"tbl_spacer.png\" alt=\".\" style=\"background-color: inherit\" class=\"hierarchy\"/><img src=\"icon_element.gif\" alt=\".\" style=\"background-color: white; background-color: inherit\" title=\"Element\" class=\"hierarchy\"/> <a href=\"StructureDefinition-bc-note-extension-definitions.html#Extension\" title=\"Notes about the practitioner/location/organization.\">Extension</a><a name=\"Extension\"> </a></td><td style=\"vertical-align: top; text-align : left; background-color: white; border: 0px #F0F0F0 solid; padding:0px 4px 0px 4px\" class=\"hierarchy\"/><td style=\"vertical-align: top; text-align : left; background-color: white; border: 0px #F0F0F0 solid; padding:0px 4px 0px 4px\" class=\"hierarchy\"><span style=\"opacity: 0.5\">0</span><span style=\"opacity: 0.5\">..</span><span style=\"opacity: 0.5\">*</span></td><td style=\"vertical-align: top; text-align : left; background-color: white; border: 0px #F0F0F0 solid; padding:0px 4px 0px 4px\" class=\"hierarchy\"><a href=\"http://hl7.org/fhir/R4/extensibility.html#Extension\">Extension</a></td><td style=\"vertical-align: top; text-align : left; background-color: white; border: 0px #F0F0F0 solid; padding:0px 4px 0px 4px\" class=\"hierarchy\">BC Notes Extension</td></tr>\r\n<tr style=\"border: 0px #F0F0F0 solid; padding:0px; vertical-align: top; background-color: #F7F7F7\"><td style=\"vertical-align: top; text-align : left; background-color: #F7F7F7; border: 0px #F0F0F0 solid; padding:0px 4px 0px 4px; white-space: nowrap; background-image: url(tbl_bck10.png)\" class=\"hierarchy\"><img src=\"tbl_spacer.png\" alt=\".\" style=\"background-color: inherit\" class=\"hierarchy\"/><img src=\"tbl_vjoin.png\" alt=\".\" style=\"background-color: inherit\" class=\"hierarchy\"/><img src=\"icon_extension_simple.png\" alt=\".\" style=\"background-color: #F7F7F7; background-color: inherit\" title=\"Simple Extension\" class=\"hierarchy\"/> <a href=\"StructureDefinition-bc-note-extension-definitions.html#Extension.extension\">extension</a><a name=\"Extension.extension\"> </a></td><td style=\"vertical-align: top; text-align : left; background-color: #F7F7F7; border: 0px #F0F0F0 solid; padding:0px 4px 0px 4px\" class=\"hierarchy\"/><td style=\"vertical-align: top; text-align : left; background-color: #F7F7F7; border: 0px #F0F0F0 solid; padding:0px 4px 0px 4px\" class=\"hierarchy\">3..<span style=\"opacity: 0.5\">*</span></td><td style=\"vertical-align: top; text-align : left; background-color: #F7F7F7; border: 0px #F0F0F0 solid; padding:0px 4px 0px 4px\" class=\"hierarchy\"><a style=\"opacity: 0.5\" href=\"http://hl7.org/fhir/R4/extensibility.html#Extension\">Extension</a></td><td style=\"vertical-align: top; text-align : left; background-color: #F7F7F7; border: 0px #F0F0F0 solid; padding:0px 4px 0px 4px\" class=\"hierarchy\"><span style=\"opacity: 0.5\">Extension</span></td></tr>\r\n<tr style=\"border: 0px #F0F0F0 solid; padding:0px; vertical-align: top; background-color: white\"><td style=\"vertical-align: top; text-align : left; background-color: white; border: 0px #F0F0F0 solid; padding:0px 4px 0px 4px; white-space: nowrap; background-image: url(tbl_bck15.png)\" class=\"hierarchy\"><img src=\"tbl_spacer.png\" alt=\".\" style=\"background-color: inherit\" class=\"hierarchy\"/><img src=\"tbl_vjoin.png\" alt=\".\" style=\"background-color: inherit\" class=\"hierarchy\"/><img src=\"icon_slice_item.png\" alt=\".\" style=\"background-color: white; background-color: inherit\" title=\"Slice Item\" class=\"hierarchy\"/> <a href=\"StructureDefinition-bc-note-extension-definitions.html#Extension.extension:identifier\" title=\"Slice identifier\">extension:identifier</a><a name=\"Extension.extension\"> </a></td><td style=\"vertical-align: top; text-align : left; background-color: white; border: 0px #F0F0F0 solid; padding:0px 4px 0px 4px\" class=\"hierarchy\"><span style=\"padding-left: 3px; padding-right: 3px; color: white; background-color: red\" title=\"This element must be supported\">S</span></td><td style=\"vertical-align: top; text-align : left; background-color: white; border: 0px #F0F0F0 solid; padding:0px 4px 0px 4px\" class=\"hierarchy\">1..1</td><td style=\"vertical-align: top; text-align : left; background-color: white; border: 0px #F0F0F0 solid; padding:0px 4px 0px 4px\" class=\"hierarchy\"><a style=\"opacity: 0.5\" href=\"http://hl7.org/fhir/R4/extensibility.html#Extension\">Extension</a></td><td style=\"vertical-align: top; text-align : left; background-color: white; border: 0px #F0F0F0 solid; padding:0px 4px 0px 4px\" class=\"hierarchy\"><span style=\"opacity: 0.5\">Extension</span></td></tr>\r\n<tr style=\"border: 0px #F0F0F0 solid; padding:0px; vertical-align: top; background-color: #F7F7F7\"><td style=\"vertical-align: top; text-align : left; background-color: #F7F7F7; border: 0px #F0F0F0 solid; padding:0px 4px 0px 4px; white-space: nowrap; background-image: url(tbl_bck150.png)\" class=\"hierarchy\"><img src=\"tbl_spacer.png\" alt=\".\" style=\"background-color: inherit\" class=\"hierarchy\"/><img src=\"tbl_vline.png\" alt=\".\" style=\"background-color: inherit\" class=\"hierarchy\"/><img src=\"tbl_vjoin_slice.png\" alt=\".\" style=\"background-color: inherit\" class=\"hierarchy\"/><img src=\"icon_extension_simple.png\" alt=\".\" style=\"background-color: #F7F7F7; background-color: inherit\" title=\"Simple Extension\" class=\"hierarchy\"/> <span style=\"text-decoration:line-through\">extension</span><a name=\"Extension.extension.extension\"> </a></td><td style=\"vertical-align: top; text-align : left; background-color: #F7F7F7; border: 0px #F0F0F0 solid; padding:0px 4px 0px 4px\" class=\"hierarchy\"/><td style=\"vertical-align: top; text-align : left; background-color: #F7F7F7; border: 0px #F0F0F0 solid; padding:0px 4px 0px 4px\" class=\"hierarchy\"><span style=\"text-decoration:line-through\"/><span style=\"text-decoration:line-through\">0</span><span style=\"text-decoration:line-through\">..</span><span style=\"text-decoration:line-through\">0</span></td><td style=\"vertical-align: top; text-align : left; background-color: #F7F7F7; border: 0px #F0F0F0 solid; padding:0px 4px 0px 4px\" class=\"hierarchy\"/><td style=\"vertical-align: top; text-align : left; background-color: #F7F7F7; border: 0px #F0F0F0 solid; padding:0px 4px 0px 4px\" class=\"hierarchy\"/></tr>\r\n<tr style=\"border: 0px #F0F0F0 solid; padding:0px; vertical-align: top; background-color: white\"><td style=\"vertical-align: top; text-align : left; background-color: white; border: 0px #F0F0F0 solid; padding:0px 4px 0px 4px; white-space: nowrap; background-image: url(tbl_bck150.png)\" class=\"hierarchy\"><img src=\"tbl_spacer.png\" alt=\".\" style=\"background-color: inherit\" class=\"hierarchy\"/><img src=\"tbl_vline.png\" alt=\".\" style=\"background-color: inherit\" class=\"hierarchy\"/><img src=\"tbl_vjoin_slice.png\" alt=\".\" style=\"background-color: inherit\" class=\"hierarchy\"/><img src=\"icon_element.gif\" alt=\".\" style=\"background-color: white; background-color: inherit\" title=\"Element\" class=\"hierarchy\"/> <a href=\"StructureDefinition-bc-note-extension-definitions.html#Extension.extension:identifier.url\">url</a><a name=\"Extension.extension.url\"> </a></td><td style=\"vertical-align: top; text-align : left; background-color: white; border: 0px #F0F0F0 solid; padding:0px 4px 0px 4px\" class=\"hierarchy\"/><td style=\"vertical-align: top; text-align : left; background-color: white; border: 0px #F0F0F0 solid; padding:0px 4px 0px 4px\" class=\"hierarchy\"><span style=\"opacity: 0.5\">1</span><span style=\"opacity: 0.5\">..</span><span style=\"opacity: 0.5\">1</span></td><td style=\"vertical-align: top; text-align : left; background-color: white; border: 0px #F0F0F0 solid; padding:0px 4px 0px 4px\" class=\"hierarchy\"><a style=\"opacity: 0.5\" href=\"http://hl7.org/fhir/R4/datatypes.html#uri\">uri</a></td><td style=\"vertical-align: top; text-align : left; background-color: white; border: 0px #F0F0F0 solid; padding:0px 4px 0px 4px\" class=\"hierarchy\"><span style=\"color: darkgreen\">&quot;identifier&quot;</span></td></tr>\r\n<tr style=\"border: 0px #F0F0F0 solid; padding:0px; vertical-align: top; background-color: #F7F7F7\"><td style=\"vertical-align: top; text-align : left; background-color: #F7F7F7; border: 0px #F0F0F0 solid; padding:0px 4px 0px 4px; white-space: nowrap; background-image: url(tbl_bck140.png)\" class=\"hierarchy\"><img src=\"tbl_spacer.png\" alt=\".\" style=\"background-color: inherit\" class=\"hierarchy\"/><img src=\"tbl_vline.png\" alt=\".\" style=\"background-color: inherit\" class=\"hierarchy\"/><img src=\"tbl_vjoin_end_slice.png\" alt=\".\" style=\"background-color: inherit\" class=\"hierarchy\"/><img src=\"icon_datatype.gif\" alt=\".\" style=\"background-color: #F7F7F7; background-color: inherit\" title=\"Data Type\" class=\"hierarchy\"/> <a href=\"StructureDefinition-bc-note-extension-definitions.html#Extension.extension:identifier.value[x]\">value[x]</a><a name=\"Extension.extension.value_x_\"> </a></td><td style=\"vertical-align: top; text-align : left; background-color: #F7F7F7; border: 0px #F0F0F0 solid; padding:0px 4px 0px 4px\" class=\"hierarchy\"/><td style=\"vertical-align: top; text-align : left; background-color: #F7F7F7; border: 0px #F0F0F0 solid; padding:0px 4px 0px 4px\" class=\"hierarchy\"><span style=\"opacity: 0.5\">0</span><span style=\"opacity: 0.5\">..</span><span style=\"opacity: 0.5\">1</span></td><td style=\"vertical-align: top; text-align : left; background-color: #F7F7F7; border: 0px #F0F0F0 solid; padding:0px 4px 0px 4px\" class=\"hierarchy\"><a href=\"http://hl7.org/fhir/R4/datatypes.html#Identifier\">Identifier</a></td><td style=\"vertical-align: top; text-align : left; background-color: #F7F7F7; border: 0px #F0F0F0 solid; padding:0px 4px 0px 4px\" class=\"hierarchy\"><span style=\"opacity: 0.5\">Value of extension</span></td></tr>\r\n<tr style=\"border: 0px #F0F0F0 solid; padding:0px; vertical-align: top; background-color: white\"><td style=\"vertical-align: top; text-align : left; background-color: white; border: 0px #F0F0F0 solid; padding:0px 4px 0px 4px; white-space: nowrap; background-image: url(tbl_bck15.png)\" class=\"hierarchy\"><img src=\"tbl_spacer.png\" alt=\".\" style=\"background-color: inherit\" class=\"hierarchy\"/><img src=\"tbl_vjoin.png\" alt=\".\" style=\"background-color: inherit\" class=\"hierarchy\"/><img src=\"icon_slice_item.png\" alt=\".\" style=\"background-color: white; background-color: inherit\" title=\"Slice Item\" class=\"hierarchy\"/> <a href=\"StructureDefinition-bc-note-extension-definitions.html#Extension.extension:text\" title=\"Slice text\">extension:text</a><a name=\"Extension.extension\"> </a></td><td style=\"vertical-align: top; text-align : left; background-color: white; border: 0px #F0F0F0 solid; padding:0px 4px 0px 4px\" class=\"hierarchy\"><span style=\"padding-left: 3px; padding-right: 3px; color: white; background-color: red\" title=\"This element must be supported\">S</span></td><td style=\"vertical-align: top; text-align : left; background-color: white; border: 0px #F0F0F0 solid; padding:0px 4px 0px 4px\" class=\"hierarchy\">1..1</td><td style=\"vertical-align: top; text-align : left; background-color: white; border: 0px #F0F0F0 solid; padding:0px 4px 0px 4px\" class=\"hierarchy\"><a style=\"opacity: 0.5\" href=\"http://hl7.org/fhir/R4/extensibility.html#Extension\">Extension</a></td><td style=\"vertical-align: top; text-align : left; background-color: white; border: 0px #F0F0F0 solid; padding:0px 4px 0px 4px\" class=\"hierarchy\"><span style=\"opacity: 0.5\">Extension</span></td></tr>\r\n<tr style=\"border: 0px #F0F0F0 solid; padding:0px; vertical-align: top; background-color: #F7F7F7\"><td style=\"vertical-align: top; text-align : left; background-color: #F7F7F7; border: 0px #F0F0F0 solid; padding:0px 4px 0px 4px; white-space: nowrap; background-image: url(tbl_bck150.png)\" class=\"hierarchy\"><img src=\"tbl_spacer.png\" alt=\".\" style=\"background-color: inherit\" class=\"hierarchy\"/><img src=\"tbl_vline.png\" alt=\".\" style=\"background-color: inherit\" class=\"hierarchy\"/><img src=\"tbl_vjoin_slice.png\" alt=\".\" style=\"background-color: inherit\" class=\"hierarchy\"/><img src=\"icon_extension_simple.png\" alt=\".\" style=\"background-color: #F7F7F7; background-color: inherit\" title=\"Simple Extension\" class=\"hierarchy\"/> <span style=\"text-decoration:line-through\">extension</span><a name=\"Extension.extension.extension\"> </a></td><td style=\"vertical-align: top; text-align : left; background-color: #F7F7F7; border: 0px #F0F0F0 solid; padding:0px 4px 0px 4px\" class=\"hierarchy\"/><td style=\"vertical-align: top; text-align : left; background-color: #F7F7F7; border: 0px #F0F0F0 solid; padding:0px 4px 0px 4px\" class=\"hierarchy\"><span style=\"text-decoration:line-through\"/><span style=\"text-decoration:line-through\">0</span><span style=\"text-decoration:line-through\">..</span><span style=\"text-decoration:line-through\">0</span></td><td style=\"vertical-align: top; text-align : left; background-color: #F7F7F7; border: 0px #F0F0F0 solid; padding:0px 4px 0px 4px\" class=\"hierarchy\"/><td style=\"vertical-align: top; text-align : left; background-color: #F7F7F7; border: 0px #F0F0F0 solid; padding:0px 4px 0px 4px\" class=\"hierarchy\"/></tr>\r\n<tr style=\"border: 0px #F0F0F0 solid; padding:0px; vertical-align: top; background-color: white\"><td style=\"vertical-align: top; text-align : left; background-color: white; border: 0px #F0F0F0 solid; padding:0px 4px 0px 4px; white-space: nowrap; background-image: url(tbl_bck150.png)\" class=\"hierarchy\"><img src=\"tbl_spacer.png\" alt=\".\" style=\"background-color: inherit\" class=\"hierarchy\"/><img src=\"tbl_vline.png\" alt=\".\" style=\"background-color: inherit\" class=\"hierarchy\"/><img src=\"tbl_vjoin_slice.png\" alt=\".\" style=\"background-color: inherit\" class=\"hierarchy\"/><img src=\"icon_element.gif\" alt=\".\" style=\"background-color: white; background-color: inherit\" title=\"Element\" class=\"hierarchy\"/> <a href=\"StructureDefinition-bc-note-extension-definitions.html#Extension.extension:text.url\">url</a><a name=\"Extension.extension.url\"> </a></td><td style=\"vertical-align: top; text-align : left; background-color: white; border: 0px #F0F0F0 solid; padding:0px 4px 0px 4px\" class=\"hierarchy\"/><td style=\"vertical-align: top; text-align : left; background-color: white; border: 0px #F0F0F0 solid; padding:0px 4px 0px 4px\" class=\"hierarchy\"><span style=\"opacity: 0.5\">1</span><span style=\"opacity: 0.5\">..</span><span style=\"opacity: 0.5\">1</span></td><td style=\"vertical-align: top; text-align : left; background-color: white; border: 0px #F0F0F0 solid; padding:0px 4px 0px 4px\" class=\"hierarchy\"><a style=\"opacity: 0.5\" href=\"http://hl7.org/fhir/R4/datatypes.html#uri\">uri</a></td><td style=\"vertical-align: top; text-align : left; background-color: white; border: 0px #F0F0F0 solid; padding:0px 4px 0px 4px\" class=\"hierarchy\"><span style=\"color: darkgreen\">&quot;text&quot;</span></td></tr>\r\n<tr style=\"border: 0px #F0F0F0 solid; padding:0px; vertical-align: top; background-color: #F7F7F7\"><td style=\"vertical-align: top; text-align : left; background-color: #F7F7F7; border: 0px #F0F0F0 solid; padding:0px 4px 0px 4px; white-space: nowrap; background-image: url(tbl_bck140.png)\" class=\"hierarchy\"><img src=\"tbl_spacer.png\" alt=\".\" style=\"background-color: inherit\" class=\"hierarchy\"/><img src=\"tbl_vline.png\" alt=\".\" style=\"background-color: inherit\" class=\"hierarchy\"/><img src=\"tbl_vjoin_end_slice.png\" alt=\".\" style=\"background-color: inherit\" class=\"hierarchy\"/><img src=\"icon_primitive.png\" alt=\".\" style=\"background-color: #F7F7F7; background-color: inherit\" title=\"Primitive Data Type\" class=\"hierarchy\"/> <a href=\"StructureDefinition-bc-note-extension-definitions.html#Extension.extension:text.value[x]\">value[x]</a><a name=\"Extension.extension.value_x_\"> </a></td><td style=\"vertical-align: top; text-align : left; background-color: #F7F7F7; border: 0px #F0F0F0 solid; padding:0px 4px 0px 4px\" class=\"hierarchy\"/><td style=\"vertical-align: top; text-align : left; background-color: #F7F7F7; border: 0px #F0F0F0 solid; padding:0px 4px 0px 4px\" class=\"hierarchy\"><span style=\"opacity: 0.5\">0</span><span style=\"opacity: 0.5\">..</span><span style=\"opacity: 0.5\">1</span></td><td style=\"vertical-align: top; text-align : left; background-color: #F7F7F7; border: 0px #F0F0F0 solid; padding:0px 4px 0px 4px\" class=\"hierarchy\"><a href=\"http://hl7.org/fhir/R4/datatypes.html#string\">string</a></td><td style=\"vertical-align: top; text-align : left; background-color: #F7F7F7; border: 0px #F0F0F0 solid; padding:0px 4px 0px 4px\" class=\"hierarchy\"><span style=\"opacity: 0.5\">Value of extension</span></td></tr>\r\n<tr style=\"border: 0px #F0F0F0 solid; padding:0px; vertical-align: top; background-color: white\"><td style=\"vertical-align: top; text-align : left; background-color: white; border: 0px #F0F0F0 solid; padding:0px 4px 0px 4px; white-space: nowrap; background-image: url(tbl_bck14.png)\" class=\"hierarchy\"><img src=\"tbl_spacer.png\" alt=\".\" style=\"background-color: inherit\" class=\"hierarchy\"/><img src=\"tbl_vjoin.png\" alt=\".\" style=\"background-color: inherit\" class=\"hierarchy\"/><img src=\"icon_slice_item.png\" alt=\".\" style=\"background-color: white; background-color: inherit\" title=\"Slice Item\" class=\"hierarchy\"/> <a href=\"StructureDefinition-bc-note-extension-definitions.html#Extension.extension:period\" title=\"Extension URL = http://hl7.org/fhir/ca-bc/provider/StructureDefinition/bc-period-extension\">bc-period-extension</a><a name=\"Extension.extension\"> </a></td><td style=\"vertical-align: top; text-align : left; background-color: white; border: 0px #F0F0F0 solid; padding:0px 4px 0px 4px\" class=\"hierarchy\"><span style=\"padding-left: 3px; padding-right: 3px; color: white; background-color: red\" title=\"This element must be supported\">S</span></td><td style=\"vertical-align: top; text-align : left; background-color: white; border: 0px #F0F0F0 solid; padding:0px 4px 0px 4px\" class=\"hierarchy\">1..1</td><td style=\"vertical-align: top; text-align : left; background-color: white; border: 0px #F0F0F0 solid; padding:0px 4px 0px 4px\" class=\"hierarchy\"><a href=\"http://hl7.org/fhir/R4/datatypes.html#Period\">Period</a></td><td style=\"vertical-align: top; text-align : left; background-color: white; border: 0px #F0F0F0 solid; padding:0px 4px 0px 4px\" class=\"hierarchy\"><span style=\"opacity: 0.5\">BC Valid Period Extension</span><br/><span style=\"font-weight:bold\">URL: </span><a href=\"http://hl7.org/fhir/R4/StructureDefinition-bc-period-extension.html\">http://hl7.org/fhir/ca-bc/provider/StructureDefinition/bc-period-extension</a></td></tr>\r\n<tr style=\"border: 0px #F0F0F0 solid; padding:0px; vertical-align: top; background-color: #F7F7F7\"><td style=\"vertical-align: top; text-align : left; background-color: #F7F7F7; border: 0px #F0F0F0 solid; padding:0px 4px 0px 4px; white-space: nowrap; background-image: url(tbl_bck14.png)\" class=\"hierarchy\"><img src=\"tbl_spacer.png\" alt=\".\" style=\"background-color: inherit\" class=\"hierarchy\"/><img src=\"tbl_vjoin.png\" alt=\".\" style=\"background-color: inherit\" class=\"hierarchy\"/><img src=\"icon_slice_item.png\" alt=\".\" style=\"background-color: #F7F7F7; background-color: inherit\" title=\"Slice Item\" class=\"hierarchy\"/> <a href=\"StructureDefinition-bc-note-extension-definitions.html#Extension.extension:endReason\" title=\"Extension URL = http://hl7.org/fhir/ca-bc/provider/StructureDefinition/bc-end-reason-extension\">bc-end-reason-extension</a><a name=\"Extension.extension\"> </a></td><td style=\"vertical-align: top; text-align : left; background-color: #F7F7F7; border: 0px #F0F0F0 solid; padding:0px 4px 0px 4px\" class=\"hierarchy\"><span style=\"padding-left: 3px; padding-right: 3px; color: white; background-color: red\" title=\"This element must be supported\">S</span></td><td style=\"vertical-align: top; text-align : left; background-color: #F7F7F7; border: 0px #F0F0F0 solid; padding:0px 4px 0px 4px\" class=\"hierarchy\">0..1</td><td style=\"vertical-align: top; text-align : left; background-color: #F7F7F7; border: 0px #F0F0F0 solid; padding:0px 4px 0px 4px\" class=\"hierarchy\">(Complex)</td><td style=\"vertical-align: top; text-align : left; background-color: #F7F7F7; border: 0px #F0F0F0 solid; padding:0px 4px 0px 4px\" class=\"hierarchy\"><span style=\"opacity: 0.5\">BC End Reason Extension</span><br/><span style=\"font-weight:bold\">URL: </span><a href=\"http://hl7.org/fhir/R4/StructureDefinition-bc-end-reason-extension.html\">http://hl7.org/fhir/ca-bc/provider/StructureDefinition/bc-end-reason-extension</a></td></tr>\r\n<tr style=\"border: 0px #F0F0F0 solid; padding:0px; vertical-align: top; background-color: white\"><td style=\"vertical-align: top; text-align : left; background-color: white; border: 0px #F0F0F0 solid; padding:0px 4px 0px 4px; white-space: nowrap; background-image: url(tbl_bck10.png)\" class=\"hierarchy\"><img src=\"tbl_spacer.png\" alt=\".\" style=\"background-color: inherit\" class=\"hierarchy\"/><img src=\"tbl_vjoin.png\" alt=\".\" style=\"background-color: inherit\" class=\"hierarchy\"/><img src=\"icon_element.gif\" alt=\".\" style=\"background-color: white; background-color: inherit\" title=\"Element\" class=\"hierarchy\"/> <a href=\"StructureDefinition-bc-note-extension-definitions.html#Extension.url\">url</a><a name=\"Extension.url\"> </a></td><td style=\"vertical-align: top; text-align : left; background-color: white; border: 0px #F0F0F0 solid; padding:0px 4px 0px 4px\" class=\"hierarchy\"/><td style=\"vertical-align: top; text-align : left; background-color: white; border: 0px #F0F0F0 solid; padding:0px 4px 0px 4px\" class=\"hierarchy\"><span style=\"opacity: 0.5\">1</span><span style=\"opacity: 0.5\">..</span><span style=\"opacity: 0.5\">1</span></td><td style=\"vertical-align: top; text-align : left; background-color: white; border: 0px #F0F0F0 solid; padding:0px 4px 0px 4px\" class=\"hierarchy\"><a style=\"opacity: 0.5\" href=\"http://hl7.org/fhir/R4/datatypes.html#uri\">uri</a></td><td style=\"vertical-align: top; text-align : left; background-color: white; border: 0px #F0F0F0 solid; padding:0px 4px 0px 4px\" class=\"hierarchy\"><span style=\"color: darkgreen\">&quot;http://hl7.org/fhir/ca-bc/provider/StructureDefinition/bc-note-extension&quot;</span></td></tr>\r\n<tr style=\"border: 0px #F0F0F0 solid; padding:0px; vertical-align: top; background-color: #F7F7F7\"><td style=\"vertical-align: top; text-align : left; background-color: #F7F7F7; border: 0px #F0F0F0 solid; padding:0px 4px 0px 4px; white-space: nowrap; background-image: url(tbl_bck00.png)\" class=\"hierarchy\"><img src=\"tbl_spacer.png\" alt=\".\" style=\"background-color: inherit\" class=\"hierarchy\"/><img src=\"tbl_vjoin_end.png\" alt=\".\" style=\"background-color: inherit\" class=\"hierarchy\"/><img src=\"icon_element.gif\" alt=\".\" style=\"background-color: #F7F7F7; background-color: inherit\" title=\"Element\" class=\"hierarchy\"/> <span style=\"text-decoration:line-through\">value[x]</span><a name=\"Extension.value_x_\"> </a></td><td style=\"vertical-align: top; text-align : left; background-color: #F7F7F7; border: 0px #F0F0F0 solid; padding:0px 4px 0px 4px\" class=\"hierarchy\"/><td style=\"vertical-align: top; text-align : left; background-color: #F7F7F7; border: 0px #F0F0F0 solid; padding:0px 4px 0px 4px\" class=\"hierarchy\"><span style=\"text-decoration:line-through\"/><span style=\"text-decoration:line-through\">0</span><span style=\"text-decoration:line-through\">..</span><span style=\"text-decoration:line-through\">0</span></td><td style=\"vertical-align: top; text-align : left; background-color: #F7F7F7; border: 0px #F0F0F0 solid; padding:0px 4px 0px 4px\" class=\"hierarchy\"/><td style=\"vertical-align: top; text-align : left; background-color: #F7F7F7; border: 0px #F0F0F0 solid; padding:0px 4px 0px 4px\" class=\"hierarchy\"/></tr>\r\n<tr><td colspan=\"5\" class=\"hierarchy\"><br/><a href=\"http://hl7.org/fhir/R4/formats.html#table\" title=\"Legend for this format\"><img src=\"http://hl7.org/fhir/R4/help16.png\" alt=\"doco\" style=\"background-color: inherit\"/> Documentation for this format</a></td></tr></table></div>"
  },
  "url": "http://hl7.org/fhir/ca-bc/provider/StructureDefinition/bc-note-extension",
  "version": "0.1.0",
  "name": "NoteExtension",
  "title": "BC Notes Extension",
  "status": "active",
  "date": "2021-11-22T20:03:31+00:00",
  "publisher": "BC Ministry of Health",
  "contact": [
    {
      "name": "BC Ministry of Health",
      "telecom": [
        {
          "system": "url",
          "value": "https://www2.gov.bc.ca/gov/content/governments/organizational-structure/ministries-organizations/ministries/health"
        }
      ]
    }
  ],
  "description": "Notes about the practitioner/location/organization.",
  "jurisdiction": [
    {
      "coding": [
        {
          "system": "urn:iso:std:iso:3166",
          "code": "CA",
          "display": "Canada"
        }
      ]
    }
  ],
  "fhirVersion": "4.0.1",
  "mapping": [
    {
      "identity": "rim",
      "uri": "http://hl7.org/v3",
      "name": "RIM Mapping"
    }
  ],
  "kind": "complex-type",
  "abstract": false,
  "context": [
    {
      "type": "element",
      "expression": "Element"
    }
  ],
  "type": "Extension",
  "baseDefinition": "http://hl7.org/fhir/StructureDefinition/Extension",
  "derivation": "constraint",
  "snapshot": {
    "element": [
      {
        "id": "Extension",
        "path": "Extension",
        "short": "BC Notes Extension",
        "definition": "Notes about the practitioner/location/organization.",
        "min": 0,
        "max": "*",
        "base": {
          "path": "Extension",
          "min": 0,
          "max": "*"
        },
        "condition": [
          "ele-1"
        ],
        "constraint": [
          {
            "key": "ele-1",
            "severity": "error",
            "human": "All FHIR elements must have a @value or children",
            "expression": "hasValue() or (children().count() > id.count())",
            "xpath": "@value|f:*|h:div",
            "source": "http://hl7.org/fhir/StructureDefinition/Element"
          },
          {
            "key": "ext-1",
            "severity": "error",
            "human": "Must have either extensions or value[x], not both",
            "expression": "extension.exists() != value.exists()",
            "xpath": "exists(f:extension)!=exists(f:*[starts-with(local-name(.), 'value')])",
            "source": "http://hl7.org/fhir/StructureDefinition/Extension"
          }
        ],
        "isModifier": false
      },
      {
        "id": "Extension.id",
        "path": "Extension.id",
        "representation": [
          "xmlAttr"
        ],
        "short": "Unique id for inter-element referencing",
        "definition": "Unique id for the element within a resource (for internal references). This may be any string value that does not contain spaces.",
        "min": 0,
        "max": "1",
        "base": {
          "path": "Element.id",
          "min": 0,
          "max": "1"
        },
        "type": [
          {
            "extension": [
              {
                "url": "http://hl7.org/fhir/StructureDefinition/structuredefinition-fhir-type",
                "valueUrl": "string"
              }
            ],
            "code": "http://hl7.org/fhirpath/System.String"
          }
        ],
        "isModifier": false,
        "isSummary": false,
        "mapping": [
          {
            "identity": "rim",
            "map": "n/a"
          }
        ]
      },
      {
        "id": "Extension.extension",
        "path": "Extension.extension",
        "slicing": {
          "discriminator": [
            {
              "type": "value",
              "path": "url"
            }
          ],
          "description": "Extensions are always sliced by (at least) url",
          "rules": "open"
        },
        "short": "Extension",
        "definition": "An Extension",
        "min": 3,
        "max": "*",
        "base": {
          "path": "Element.extension",
          "min": 0,
          "max": "*"
        },
        "type": [
          {
            "code": "Extension"
          }
        ],
        "constraint": [
          {
            "key": "ele-1",
            "severity": "error",
            "human": "All FHIR elements must have a @value or children",
            "expression": "hasValue() or (children().count() > id.count())",
            "xpath": "@value|f:*|h:div",
            "source": "http://hl7.org/fhir/StructureDefinition/Element"
          },
          {
            "key": "ext-1",
            "severity": "error",
            "human": "Must have either extensions or value[x], not both",
            "expression": "extension.exists() != value.exists()",
            "xpath": "exists(f:extension)!=exists(f:*[starts-with(local-name(.), \"value\")])",
            "source": "http://hl7.org/fhir/StructureDefinition/Extension"
          }
        ],
        "isModifier": false,
        "isSummary": false
      },
      {
        "id": "Extension.extension:identifier",
        "path": "Extension.extension",
        "sliceName": "identifier",
        "short": "Extension",
        "definition": "An Extension",
        "min": 1,
        "max": "1",
        "base": {
          "path": "Element.extension",
          "min": 0,
          "max": "*"
        },
        "type": [
          {
            "code": "Extension"
          }
        ],
        "constraint": [
          {
            "key": "ele-1",
            "severity": "error",
            "human": "All FHIR elements must have a @value or children",
            "expression": "hasValue() or (children().count() > id.count())",
            "xpath": "@value|f:*|h:div",
            "source": "http://hl7.org/fhir/StructureDefinition/Element"
          },
          {
            "key": "ext-1",
            "severity": "error",
            "human": "Must have either extensions or value[x], not both",
            "expression": "extension.exists() != value.exists()",
            "xpath": "exists(f:extension)!=exists(f:*[starts-with(local-name(.), \"value\")])",
            "source": "http://hl7.org/fhir/StructureDefinition/Extension"
          }
        ],
        "mustSupport": true,
        "isModifier": false,
        "isSummary": false
      },
      {
        "id": "Extension.extension:identifier.id",
        "path": "Extension.extension.id",
        "representation": [
          "xmlAttr"
        ],
        "short": "Unique id for inter-element referencing",
        "definition": "Unique id for the element within a resource (for internal references). This may be any string value that does not contain spaces.",
        "min": 0,
        "max": "1",
        "base": {
          "path": "Element.id",
          "min": 0,
          "max": "1"
        },
        "type": [
          {
            "extension": [
              {
                "url": "http://hl7.org/fhir/StructureDefinition/structuredefinition-fhir-type",
                "valueUrl": "string"
              }
            ],
            "code": "http://hl7.org/fhirpath/System.String"
          }
        ],
        "isModifier": false,
        "isSummary": false,
        "mapping": [
          {
            "identity": "rim",
            "map": "n/a"
          }
        ]
      },
      {
        "id": "Extension.extension:identifier.extension",
        "path": "Extension.extension.extension",
        "slicing": {
          "discriminator": [
            {
              "type": "value",
              "path": "url"
            }
          ],
          "description": "Extensions are always sliced by (at least) url",
          "rules": "open"
        },
        "short": "Extension",
        "definition": "An Extension",
        "min": 0,
        "max": "0",
        "base": {
          "path": "Element.extension",
          "min": 0,
          "max": "*"
        },
        "type": [
          {
            "code": "Extension"
          }
        ],
        "constraint": [
          {
            "key": "ele-1",
            "severity": "error",
            "human": "All FHIR elements must have a @value or children",
            "expression": "hasValue() or (children().count() > id.count())",
            "xpath": "@value|f:*|h:div",
            "source": "http://hl7.org/fhir/StructureDefinition/Element"
          },
          {
            "key": "ext-1",
            "severity": "error",
            "human": "Must have either extensions or value[x], not both",
            "expression": "extension.exists() != value.exists()",
            "xpath": "exists(f:extension)!=exists(f:*[starts-with(local-name(.), \"value\")])",
            "source": "http://hl7.org/fhir/StructureDefinition/Extension"
          }
        ],
        "isModifier": false,
        "isSummary": false
      },
      {
        "id": "Extension.extension:identifier.url",
        "path": "Extension.extension.url",
        "representation": [
          "xmlAttr"
        ],
        "short": "identifies the meaning of the extension",
        "definition": "Source of the definition for the extension code - a logical name or a URL.",
        "comment": "The definition may point directly to a computable or human-readable definition of the extensibility codes, or it may be a logical URI as declared in some other specification. The definition SHALL be a URI for the Structure Definition defining the extension.",
        "min": 1,
        "max": "1",
        "base": {
          "path": "Extension.url",
          "min": 1,
          "max": "1"
        },
        "type": [
          {
            "extension": [
              {
                "url": "http://hl7.org/fhir/StructureDefinition/structuredefinition-fhir-type",
                "valueUrl": "uri"
              }
            ],
            "code": "http://hl7.org/fhirpath/System.String"
          }
        ],
        "fixedUri": "identifier",
        "isModifier": false,
        "isSummary": false,
        "mapping": [
          {
            "identity": "rim",
            "map": "N/A"
          }
        ]
      },
      {
        "id": "Extension.extension:identifier.value[x]",
        "path": "Extension.extension.value[x]",
        "short": "Value of extension",
        "definition": "Value of extension - must be one of a constrained set of the data types (see [Extensibility](http://hl7.org/fhir/R4/extensibility.html) for a list).",
        "min": 0,
        "max": "1",
        "base": {
          "path": "Extension.value[x]",
          "min": 0,
          "max": "1"
        },
        "type": [
          {
            "code": "Identifier"
          }
        ],
        "constraint": [
          {
            "key": "ele-1",
            "severity": "error",
            "human": "All FHIR elements must have a @value or children",
            "expression": "hasValue() or (children().count() > id.count())",
            "xpath": "@value|f:*|h:div",
            "source": "http://hl7.org/fhir/StructureDefinition/Element"
          }
        ],
        "isModifier": false,
        "isSummary": false,
        "mapping": [
          {
            "identity": "rim",
            "map": "N/A"
          }
        ]
      },
      {
        "id": "Extension.extension:text",
        "path": "Extension.extension",
        "sliceName": "text",
        "short": "Extension",
        "definition": "An Extension",
        "min": 1,
        "max": "1",
        "base": {
          "path": "Element.extension",
          "min": 0,
          "max": "*"
        },
        "type": [
          {
            "code": "Extension"
          }
        ],
        "constraint": [
          {
            "key": "ele-1",
            "severity": "error",
            "human": "All FHIR elements must have a @value or children",
            "expression": "hasValue() or (children().count() > id.count())",
            "xpath": "@value|f:*|h:div",
            "source": "http://hl7.org/fhir/StructureDefinition/Element"
          },
          {
            "key": "ext-1",
            "severity": "error",
            "human": "Must have either extensions or value[x], not both",
            "expression": "extension.exists() != value.exists()",
            "xpath": "exists(f:extension)!=exists(f:*[starts-with(local-name(.), \"value\")])",
            "source": "http://hl7.org/fhir/StructureDefinition/Extension"
          }
        ],
        "mustSupport": true,
        "isModifier": false,
        "isSummary": false
      },
      {
        "id": "Extension.extension:text.id",
        "path": "Extension.extension.id",
        "representation": [
          "xmlAttr"
        ],
        "short": "Unique id for inter-element referencing",
        "definition": "Unique id for the element within a resource (for internal references). This may be any string value that does not contain spaces.",
        "min": 0,
        "max": "1",
        "base": {
          "path": "Element.id",
          "min": 0,
          "max": "1"
        },
        "type": [
          {
            "extension": [
              {
                "url": "http://hl7.org/fhir/StructureDefinition/structuredefinition-fhir-type",
                "valueUrl": "string"
              }
            ],
            "code": "http://hl7.org/fhirpath/System.String"
          }
        ],
        "isModifier": false,
        "isSummary": false,
        "mapping": [
          {
            "identity": "rim",
            "map": "n/a"
          }
        ]
      },
      {
        "id": "Extension.extension:text.extension",
        "path": "Extension.extension.extension",
        "slicing": {
          "discriminator": [
            {
              "type": "value",
              "path": "url"
            }
          ],
          "description": "Extensions are always sliced by (at least) url",
          "rules": "open"
        },
        "short": "Extension",
        "definition": "An Extension",
        "min": 0,
        "max": "0",
        "base": {
          "path": "Element.extension",
          "min": 0,
          "max": "*"
        },
        "type": [
          {
            "code": "Extension"
          }
        ],
        "constraint": [
          {
            "key": "ele-1",
            "severity": "error",
            "human": "All FHIR elements must have a @value or children",
            "expression": "hasValue() or (children().count() > id.count())",
            "xpath": "@value|f:*|h:div",
            "source": "http://hl7.org/fhir/StructureDefinition/Element"
          },
          {
            "key": "ext-1",
            "severity": "error",
            "human": "Must have either extensions or value[x], not both",
            "expression": "extension.exists() != value.exists()",
            "xpath": "exists(f:extension)!=exists(f:*[starts-with(local-name(.), \"value\")])",
            "source": "http://hl7.org/fhir/StructureDefinition/Extension"
          }
        ],
        "isModifier": false,
        "isSummary": false
      },
      {
        "id": "Extension.extension:text.url",
        "path": "Extension.extension.url",
        "representation": [
          "xmlAttr"
        ],
        "short": "identifies the meaning of the extension",
        "definition": "Source of the definition for the extension code - a logical name or a URL.",
        "comment": "The definition may point directly to a computable or human-readable definition of the extensibility codes, or it may be a logical URI as declared in some other specification. The definition SHALL be a URI for the Structure Definition defining the extension.",
        "min": 1,
        "max": "1",
        "base": {
          "path": "Extension.url",
          "min": 1,
          "max": "1"
        },
        "type": [
          {
            "extension": [
              {
                "url": "http://hl7.org/fhir/StructureDefinition/structuredefinition-fhir-type",
                "valueUrl": "uri"
              }
            ],
            "code": "http://hl7.org/fhirpath/System.String"
          }
        ],
        "fixedUri": "text",
        "isModifier": false,
        "isSummary": false,
        "mapping": [
          {
            "identity": "rim",
            "map": "N/A"
          }
        ]
      },
      {
        "id": "Extension.extension:text.value[x]",
        "path": "Extension.extension.value[x]",
        "short": "Value of extension",
        "definition": "Value of extension - must be one of a constrained set of the data types (see [Extensibility](http://hl7.org/fhir/R4/extensibility.html) for a list).",
        "min": 0,
        "max": "1",
        "base": {
          "path": "Extension.value[x]",
          "min": 0,
          "max": "1"
        },
        "type": [
          {
            "code": "string"
          }
        ],
        "constraint": [
          {
            "key": "ele-1",
            "severity": "error",
            "human": "All FHIR elements must have a @value or children",
            "expression": "hasValue() or (children().count() > id.count())",
            "xpath": "@value|f:*|h:div",
            "source": "http://hl7.org/fhir/StructureDefinition/Element"
          }
        ],
        "isModifier": false,
        "isSummary": false,
        "mapping": [
          {
            "identity": "rim",
            "map": "N/A"
          }
        ]
      },
      {
        "id": "Extension.extension:period",
        "path": "Extension.extension",
        "sliceName": "period",
        "short": "BC Valid Period Extension",
        "definition": "The period for when the extended element is valid.",
        "min": 1,
        "max": "1",
        "base": {
          "path": "Element.extension",
          "min": 0,
          "max": "*"
        },
        "type": [
          {
            "code": "Extension",
            "profile": [
              "http://hl7.org/fhir/ca-bc/provider/StructureDefinition/bc-period-extension"
            ]
          }
        ],
        "constraint": [
          {
            "key": "ele-1",
            "severity": "error",
            "human": "All FHIR elements must have a @value or children",
            "expression": "hasValue() or (children().count() > id.count())",
            "xpath": "@value|f:*|h:div",
            "source": "http://hl7.org/fhir/StructureDefinition/Element"
          },
          {
            "key": "ext-1",
            "severity": "error",
            "human": "Must have either extensions or value[x], not both",
            "expression": "extension.exists() != value.exists()",
            "xpath": "exists(f:extension)!=exists(f:*[starts-with(local-name(.), \"value\")])",
            "source": "http://hl7.org/fhir/StructureDefinition/Extension"
          }
        ],
        "mustSupport": true,
        "isModifier": false,
        "isSummary": false
      },
      {
        "id": "Extension.extension:endReason",
        "path": "Extension.extension",
        "sliceName": "endReason",
        "short": "BC End Reason Extension",
        "definition": "Tracking end reasons.",
        "min": 0,
        "max": "1",
        "base": {
          "path": "Element.extension",
          "min": 0,
          "max": "*"
        },
        "type": [
          {
            "code": "Extension",
            "profile": [
              "http://hl7.org/fhir/ca-bc/provider/StructureDefinition/bc-end-reason-extension"
            ]
          }
        ],
        "constraint": [
          {
            "key": "ele-1",
            "severity": "error",
            "human": "All FHIR elements must have a @value or children",
            "expression": "hasValue() or (children().count() > id.count())",
            "xpath": "@value|f:*|h:div",
            "source": "http://hl7.org/fhir/StructureDefinition/Element"
          },
          {
            "key": "ext-1",
            "severity": "error",
            "human": "Must have either extensions or value[x], not both",
            "expression": "extension.exists() != value.exists()",
            "xpath": "exists(f:extension)!=exists(f:*[starts-with(local-name(.), \"value\")])",
            "source": "http://hl7.org/fhir/StructureDefinition/Extension"
          }
        ],
        "mustSupport": true,
        "isModifier": false,
        "isSummary": false
      },
      {
        "id": "Extension.url",
        "path": "Extension.url",
        "representation": [
          "xmlAttr"
        ],
        "short": "identifies the meaning of the extension",
        "definition": "Source of the definition for the extension code - a logical name or a URL.",
        "comment": "The definition may point directly to a computable or human-readable definition of the extensibility codes, or it may be a logical URI as declared in some other specification. The definition SHALL be a URI for the Structure Definition defining the extension.",
        "min": 1,
        "max": "1",
        "base": {
          "path": "Extension.url",
          "min": 1,
          "max": "1"
        },
        "type": [
          {
            "extension": [
              {
                "url": "http://hl7.org/fhir/StructureDefinition/structuredefinition-fhir-type",
                "valueUrl": "uri"
              }
            ],
            "code": "http://hl7.org/fhirpath/System.String"
          }
        ],
        "fixedUri": "http://hl7.org/fhir/ca-bc/provider/StructureDefinition/bc-note-extension",
        "isModifier": false,
        "isSummary": false,
        "mapping": [
          {
            "identity": "rim",
            "map": "N/A"
          }
        ]
      },
      {
        "id": "Extension.value[x]",
        "path": "Extension.value[x]",
        "short": "Value of extension",
        "definition": "Value of extension - must be one of a constrained set of the data types (see [Extensibility](http://hl7.org/fhir/R4/extensibility.html) for a list).",
        "min": 0,
        "max": "0",
        "base": {
          "path": "Extension.value[x]",
          "min": 0,
          "max": "1"
        },
        "type": [
          {
            "code": "base64Binary"
          },
          {
            "code": "boolean"
          },
          {
            "code": "canonical"
          },
          {
            "code": "code"
          },
          {
            "code": "date"
          },
          {
            "code": "dateTime"
          },
          {
            "code": "decimal"
          },
          {
            "code": "id"
          },
          {
            "code": "instant"
          },
          {
            "code": "integer"
          },
          {
            "code": "markdown"
          },
          {
            "code": "oid"
          },
          {
            "code": "positiveInt"
          },
          {
            "code": "string"
          },
          {
            "code": "time"
          },
          {
            "code": "unsignedInt"
          },
          {
            "code": "uri"
          },
          {
            "code": "url"
          },
          {
            "code": "uuid"
          },
          {
            "code": "Address"
          },
          {
            "code": "Age"
          },
          {
            "code": "Annotation"
          },
          {
            "code": "Attachment"
          },
          {
            "code": "CodeableConcept"
          },
          {
            "code": "Coding"
          },
          {
            "code": "ContactPoint"
          },
          {
            "code": "Count"
          },
          {
            "code": "Distance"
          },
          {
            "code": "Duration"
          },
          {
            "code": "HumanName"
          },
          {
            "code": "Identifier"
          },
          {
            "code": "Money"
          },
          {
            "code": "Period"
          },
          {
            "code": "Quantity"
          },
          {
            "code": "Range"
          },
          {
            "code": "Ratio"
          },
          {
            "code": "Reference"
          },
          {
            "code": "SampledData"
          },
          {
            "code": "Signature"
          },
          {
            "code": "Timing"
          },
          {
            "code": "ContactDetail"
          },
          {
            "code": "Contributor"
          },
          {
            "code": "DataRequirement"
          },
          {
            "code": "Expression"
          },
          {
            "code": "ParameterDefinition"
          },
          {
            "code": "RelatedArtifact"
          },
          {
            "code": "TriggerDefinition"
          },
          {
            "code": "UsageContext"
          },
          {
            "code": "Dosage"
          },
          {
            "code": "Meta"
          }
        ],
        "constraint": [
          {
            "key": "ele-1",
            "severity": "error",
            "human": "All FHIR elements must have a @value or children",
            "expression": "hasValue() or (children().count() > id.count())",
            "xpath": "@value|f:*|h:div",
            "source": "http://hl7.org/fhir/StructureDefinition/Element"
          }
        ],
        "isModifier": false,
        "isSummary": false,
        "mapping": [
          {
            "identity": "rim",
            "map": "N/A"
          }
        ]
      }
    ]
  },
  "differential": {
    "element": [
      {
        "id": "Extension",
        "path": "Extension",
        "short": "BC Notes Extension",
        "definition": "Notes about the practitioner/location/organization."
      },
      {
        "id": "Extension.extension",
        "path": "Extension.extension",
        "min": 3
      },
      {
        "id": "Extension.extension:identifier",
        "path": "Extension.extension",
        "sliceName": "identifier",
        "min": 1,
        "max": "1",
        "mustSupport": true
      },
      {
        "id": "Extension.extension:identifier.extension",
        "path": "Extension.extension.extension",
        "max": "0"
      },
      {
        "id": "Extension.extension:identifier.url",
        "path": "Extension.extension.url",
        "fixedUri": "identifier"
      },
      {
        "id": "Extension.extension:identifier.value[x]",
        "path": "Extension.extension.value[x]",
        "type": [
          {
            "code": "Identifier"
          }
        ]
      },
      {
        "id": "Extension.extension:text",
        "path": "Extension.extension",
        "sliceName": "text",
        "min": 1,
        "max": "1",
        "mustSupport": true
      },
      {
        "id": "Extension.extension:text.extension",
        "path": "Extension.extension.extension",
        "max": "0"
      },
      {
        "id": "Extension.extension:text.url",
        "path": "Extension.extension.url",
        "fixedUri": "text"
      },
      {
        "id": "Extension.extension:text.value[x]",
        "path": "Extension.extension.value[x]",
        "type": [
          {
            "code": "string"
          }
        ]
      },
      {
        "id": "Extension.extension:period",
        "path": "Extension.extension",
        "sliceName": "period",
        "min": 1,
        "max": "1",
        "type": [
          {
            "code": "Extension",
            "profile": [
              "http://hl7.org/fhir/ca-bc/provider/StructureDefinition/bc-period-extension"
            ]
          }
        ],
        "mustSupport": true
      },
      {
        "id": "Extension.extension:endReason",
        "path": "Extension.extension",
        "sliceName": "endReason",
        "min": 0,
        "max": "1",
        "type": [
          {
            "code": "Extension",
            "profile": [
              "http://hl7.org/fhir/ca-bc/provider/StructureDefinition/bc-end-reason-extension"
            ]
          }
        ],
        "mustSupport": true
      },
      {
        "id": "Extension.url",
        "path": "Extension.url",
        "fixedUri": "http://hl7.org/fhir/ca-bc/provider/StructureDefinition/bc-note-extension"
      },
      {
        "id": "Extension.value[x]",
        "path": "Extension.value[x]",
        "max": "0"
      }
    ]
  }
}