{
  "resourceType": "ValueSet",
  "id": "bc-practitioner-role-value-set",
  "text": {
    "status": "generated",
    "div": "<div xmlns=\"http://www.w3.org/1999/xhtml\"><p>This value set includes codes based on the following rules:</p><ul><li>Include all codes defined in <a href=\"http://terminology.hl7.org/4.0.0/CodeSystem-v3-scptype.html\"><code>https://fhir.infoway-inforoute.ca/CodeSystem/scptype</code></a></li><li>Include all codes defined in <a href=\"CodeSystem-bc-practitioner-role-code-system.html\"><code>http://hl7.org/fhir/ca-bc/provider/CodeSystem/bc-practitioner-role-code-system</code></a></li></ul></div>"
  },
  "url": "http://hl7.org/fhir/ca-bc/provider/ValueSet/bc-practitioner-role-value-set",
  "version": "0.1.0",
  "name": "PractitionerRoleVS",
  "title": "Practitioner Role Code Value Set",
  "status": "active",
  "experimental": false,
  "date": "2022-10-27T19:03:31+00:00",
  "publisher": "BC Ministry of Health",
  "contact": [
    {
      "name": "BC Ministry of Health",
      "telecom": [
        {
          "system": "url",
          "value": "https://www2.gov.bc.ca/gov/content/governments/organizational-structure/ministries-organizations/ministries/health"
        }
      ]
    }
  ],
  "description": "BC Practitioner Role Codes.",
  "jurisdiction": [
    {
      "coding": [
        {
          "system": "urn:iso:std:iso:3166",
          "code": "CA",
          "display": "Canada"
        }
      ]
    }
  ],
  "compose": {
    "include": [
      {
        "system": "https://fhir.infoway-inforoute.ca/CodeSystem/scptype"
      },
      {
        "system": "http://hl7.org/fhir/ca-bc/provider/CodeSystem/bc-practitioner-role-code-system"
      }
    ]
  }
}