{
  "resourceType": "CodeSystem",
  "id": "ValidFlagCS",
  "text": {
    "status": "generated",
    "div": "<div xmlns=\"http://www.w3.org/1999/xhtml\"><p>This code system http://hl7.org/fhir/ca-bc/provider/CodeSystem/ValidFlagCS defines the following codes:</p><table class=\"codes\"><tr><td style=\"white-space:nowrap\"><b>Code</b></td></tr><tr><td style=\"white-space:nowrap\">valid<a name=\"ValidFlagCS-valid\"> </a></td></tr><tr><td style=\"white-space:nowrap\">invalid<a name=\"ValidFlagCS-invalid\"> </a></td></tr><tr><td style=\"white-space:nowrap\">unknown<a name=\"ValidFlagCS-unknown\"> </a></td></tr></table></div>"
  },
  "url": "http://hl7.org/fhir/ca-bc/provider/CodeSystem/ValidFlagCS",
  "version": "0.1.0",
  "name": "ValidFlagCS",
  "title": "BC Valid Flag Extension CodeSystem",
  "status": "active",
  "date": "2021-02-23T12:38:01-07:00",
  "publisher": "BC Ministry of Health",
  "contact": [
    {
      "name": "BC Ministry of Health",
      "telecom": [
        {
          "system": "url",
          "value": "https://www2.gov.bc.ca/gov/content/governments/organizational-structure/ministries-organizations/ministries/health"
        }
      ]
    }
  ],
  "description": "An indication of the validity of a data element",
  "jurisdiction": [
    {
      "coding": [
        {
          "system": "urn:iso:std:iso:3166",
          "code": "CA",
          "display": "Canada"
        }
      ]
    }
  ],
  "content": "complete",
  "count": 3,
  "concept": [
    {
      "code": "valid"
    },
    {
      "code": "invalid"
    },
    {
      "code": "unknown"
    }
  ]
}